Customer_ID,Recency,Frequency,Monetary,Average_Order_Value,Total_Quantity,Avg_Purchase_Interval_Days,Customer_Tenure_Days,R_score,F_score,M_score,RFM_Score,RFM_Segment,Cluster_K4,Current_Risk_Probability,Current_Predicted_Churn,Current_Risk_Tier,Countries,RFM_Tier
12346.0,326,3,-147.24000000000524,-49.08000000000175,9,160.5,321,2,3,1,6,231,1,0.7338753924556776,1,High,United Kingdom,RFM 3-6 (low)
12347.0,2,8,4921.53,615.19125,2967,57.42857142857143,402,5,4,5,14,545,0,0.0727484069398388,0,Low,Iceland,RFM 13-15 (high)
12348.0,75,5,2019.4,403.88,2714,90.5,362,3,4,4,11,344,2,0.1742098120209023,0,Low,Finland,RFM 10-12 (mid-high)
12349.0,19,4,4404.54,1101.135,1619,190.0,570,5,3,5,13,535,2,0.2176392239791871,0,Low,Italy,RFM 13-15 (high)
12350.0,310,1,334.4,334.4,197,,0,2,1,2,5,212,1,0.8004575066148272,1,High,Norway,RFM 3-6 (low)
12351.0,375,1,300.93,300.93,261,,0,2,1,2,5,212,1,0.8050347511175567,1,High,Unknown/Other,RFM 3-6 (low)
12352.0,36,10,1889.21,188.921,658,39.55555555555556,356,4,5,4,13,454,0,0.1421068747211683,0,Low,Norway,RFM 13-15 (high)
12353.0,204,2,406.76,203.38,212,204.0,204,2,2,2,6,222,1,0.6088209116387853,1,Medium,Bahrain,RFM 3-6 (low)
12354.0,232,1,1079.4,1079.4,530,,0,2,1,3,6,213,1,0.7221666517123986,1,High,Spain,RFM 3-6 (low)
12355.0,214,2,947.61,473.805,543,353.0,353,2,2,3,7,223,1,0.6018008964251478,1,Medium,Bahrain,RFM 7-9 (mid-low)
12356.0,23,6,6371.73,1061.955,3416,80.2,401,4,4,5,13,445,0,0.0887980317187855,0,Low,Portugal,RFM 13-15 (high)
12357.0,33,3,18287.66,6095.886666666666,6587,177.5,355,4,3,5,12,435,0,0.3906479444787585,0,Low,Switzerland,RFM 10-12 (mid-high)
12358.0,2,5,3887.07,777.414,1079,182.5,730,5,4,5,14,545,0,0.1579618522837162,0,Low,Austria,RFM 13-15 (high)
12359.0,58,10,8652.34,865.234,2513,75.11111111111111,676,4,5,5,14,455,0,0.0843548366914303,0,Low,Cyprus,RFM 13-15 (high)
12360.0,52,8,4212.89,526.61125,2458,86.14285714285714,603,4,4,5,13,445,0,0.1430748879104155,0,Low,Austria,RFM 13-15 (high)
12361.0,287,4,511.25,127.8125,235,131.33333333333334,394,2,3,2,7,232,1,0.6654308962026149,1,Medium,Belgium,RFM 7-9 (mid-low)
12362.0,3,11,5284.58,480.41636363636366,2213,73.5,735,5,5,5,15,555,0,0.0519352938201576,0,Low,Belgium,RFM 13-15 (high)
12363.0,110,2,552.0,276.0,408,132.0,132,3,2,2,7,322,1,0.4610551421630785,0,Medium,Unknown/Other,RFM 7-9 (mid-low)
12364.0,8,4,1313.1,328.275,1506,34.666666666666664,104,5,3,4,12,534,2,0.1926752547446309,0,Low,Belgium,RFM 10-12 (mid-high)
12365.0,291,2,320.69,160.345,173,0.0,0,2,2,2,6,222,1,0.7023479041629215,1,High,Cyprus,RFM 3-6 (low)
12366.0,634,1,500.24,500.24,296,,0,1,1,2,4,112,1,0.7684019409196208,1,High,Cyprus,RFM 3-6 (low)
12367.0,4,1,168.9,168.9,173,,0,5,1,1,7,511,2,0.5508654053940801,1,Medium,Denmark,RFM 7-9 (mid-low)
12368.0,628,1,917.7,917.7,330,,0,1,1,3,5,113,1,0.7939597028401966,1,High,Cyprus,RFM 3-6 (low)
12369.0,413,3,1791.15,597.0500000000001,1241,114.0,228,1,3,4,8,134,1,0.5801729600520185,1,Medium,Austria,RFM 7-9 (mid-low)
12370.0,51,7,4316.56,616.6514285714286,2604,102.83333333333331,617,4,4,5,13,445,0,0.1090974998227219,0,Low,Cyprus,RFM 13-15 (high)
12371.0,45,5,4067.38,813.476,1436,150.0,600,4,4,5,13,445,2,0.1725715871730724,0,Low,Switzerland,RFM 13-15 (high)
12372.0,72,3,1298.04,432.68,794,112.0,224,3,3,4,10,334,2,0.3872824844371373,0,Low,Denmark,RFM 10-12 (mid-high)
12373.0,311,3,1127.65,375.8833333333334,516,181.0,362,2,3,3,8,233,1,0.6619615077175693,1,Medium,Austria,RFM 7-9 (mid-low)
12374.0,25,4,2989.2200000000003,747.3050000000001,1362,187.66666666666663,563,4,3,5,12,435,2,0.2208341895280289,0,Low,Austria,RFM 10-12 (mid-high)
12375.0,11,2,455.42,227.71,177,87.0,87,5,2,2,9,522,2,0.3942103989760046,0,Low,Finland,RFM 7-9 (mid-low)
12376.0,390,2,503.15,251.575,240,28.0,28,2,2,2,6,222,1,0.749914993057374,1,High,Switzerland,RFM 3-6 (low)
12377.0,315,4,3426.32,856.58,2105,91.33333333333331,274,2,3,5,10,235,1,0.5395132372648324,1,Medium,Switzerland,RFM 10-12 (mid-high)
12378.0,130,2,5416.32,2708.16,3316,432.0,432,3,2,5,10,325,1,0.5034855471166086,1,Medium,Switzerland,RFM 10-12 (mid-high)
12379.0,82,4,1618.27,404.5675,814,150.66666666666666,452,3,3,4,10,334,2,0.4114348403654946,0,Medium,Belgium,RFM 10-12 (mid-high)
12380.0,22,11,7888.0,717.0909090909091,3325,64.0,640,4,5,5,14,455,0,0.0455033628985104,0,Low,Belgium,RFM 13-15 (high)
12381.0,5,5,1803.96,360.792,783,28.75,115,5,4,4,13,544,2,0.1660432772360547,0,Low,Norway,RFM 13-15 (high)
12383.0,185,5,1839.31,367.862,1529,41.75,167,3,4,4,11,344,1,0.4038537346793632,0,Medium,Belgium,RFM 10-12 (mid-high)
12384.0,29,2,566.16,283.08,121,92.0,92,4,2,2,8,422,2,0.3700102457953305,0,Low,Switzerland,RFM 7-9 (mid-low)
12385.0,379,1,1923.4,1923.4,611,,0,2,1,4,7,214,1,0.7814790222851555,1,High,Belgium,RFM 7-9 (mid-low)
12386.0,338,2,401.9,200.95,354,29.0,29,2,2,2,6,222,1,0.7467163123001967,1,High,Australia,RFM 3-6 (low)
12387.0,415,1,143.94,143.94,134,,0,1,1,1,3,111,1,0.8673561222991742,1,High,Australia,RFM 3-6 (low)
12388.0,16,8,3901.11,487.63875,2001,80.85714285714286,566,5,4,5,14,545,0,0.0967378792165268,0,Low,Australia,RFM 13-15 (high)
12389.0,403,3,1433.33,477.7766666666666,614,126.5,253,2,3,4,9,234,1,0.611240971785392,1,Medium,Australia,RFM 7-9 (mid-low)
12390.0,80,1,549.84,549.84,353,,0,3,1,2,6,312,1,0.5935564150525923,1,Medium,Belgium,RFM 3-6 (low)
12391.0,22,6,2699.24,449.8733333333333,1196,128.2,641,4,4,4,12,444,2,0.1521563035715068,0,Low,Cyprus,RFM 10-12 (mid-high)
12392.0,591,1,234.75000000000003,234.75000000000003,73,,0,1,1,1,3,111,1,0.8694386509354634,1,High,Australia,RFM 3-6 (low)
12393.0,72,6,2376.75,396.125,1305,71.2,356,3,4,4,11,344,2,0.139052582240542,0,Low,Australia,RFM 10-12 (mid-high)
12394.0,64,2,1272.48,636.24,819,153.0,153,3,2,4,9,324,2,0.4528286772837712,0,Medium,Belgium,RFM 7-9 (mid-low)
12395.0,19,15,4700.82,313.388,3200,41.642857142857146,583,5,5,5,15,555,0,0.0441964318032888,0,Low,Belgium,RFM 13-15 (high)
12396.0,674,1,931.43,931.43,591,,0,1,1,3,5,113,1,0.7740139981326613,1,High,RSA,RFM 3-6 (low)
12397.0,36,2,2409.9,1204.95,1263,99.0,99,4,2,4,10,424,2,0.3236526968678717,0,Low,Belgium,RFM 10-12 (mid-high)
12398.0,46,1,1635.66,1635.66,1394,,0,4,1,4,9,414,2,0.6384531241580916,1,Medium,Switzerland,RFM 7-9 (mid-low)
12399.0,119,7,1962.3,280.3285714285714,2198,87.5,525,3,4,4,11,344,2,0.1889756977598178,0,Low,Belgium,RFM 10-12 (mid-high)
12400.0,414,1,205.25,205.25,91,,0,1,1,1,3,111,1,0.836312218804653,1,High,Australia,RFM 3-6 (low)
12401.0,303,1,84.3,84.3,11,,0,2,1,1,4,211,1,0.8839770366754857,1,High,Belgium,RFM 3-6 (low)
12402.0,323,6,1244.15,207.3583333333333,583,69.4,347,2,4,4,10,244,1,0.5958363106491137,1,Medium,Belgium,RFM 10-12 (mid-high)
12403.0,50,2,1001.36,500.68,259,471.0,471,4,2,3,9,423,2,0.6307836261297375,1,Medium,Denmark,RFM 7-9 (mid-low)
12405.0,149,1,1710.39,1710.39,857,,0,3,1,4,8,314,1,0.7379870013806666,1,High,Finland,RFM 7-9 (mid-low)
12406.0,22,5,6072.21,1214.442,3383,168.75,675,4,4,5,13,445,0,0.1320433862573526,0,Low,Denmark,RFM 13-15 (high)
12407.0,50,5,1708.12,341.624,1416,53.5,214,4,4,4,12,444,2,0.1580919252018657,0,Low,Belgium,RFM 10-12 (mid-high)
12408.0,33,8,4279.64,534.955,2186,66.42857142857143,465,4,4,5,13,445,0,0.1107947318424817,0,Low,Belgium,RFM 13-15 (high)
12409.0,79,7,23090.47,3298.638571428572,13027,81.0,486,3,4,5,12,345,0,0.1229359519653777,0,Low,Switzerland,RFM 10-12 (mid-high)
12410.0,309,3,1001.46,333.82,339,96.5,193,2,3,3,8,233,1,0.6482875466237711,1,Medium,Switzerland,RFM 7-9 (mid-low)
12411.0,410,1,346.9,346.9,138,,0,2,1,2,5,212,1,0.8315946811074788,1,High,Australia,RFM 3-6 (low)
12412.0,75,6,2581.03,430.1716666666667,1991,92.8,464,3,4,4,11,344,2,0.1327650717700581,0,Low,Denmark,RFM 10-12 (mid-high)
12413.0,67,4,935.5,233.875,315,111.66666666666669,335,3,3,3,9,333,2,0.4096698571854381,0,Medium,France,RFM 7-9 (mid-low)
12414.0,217,6,692.41,115.40166666666666,301,49.2,246,2,4,3,9,243,1,0.6160761956411082,1,Medium,Austria,RFM 7-9 (mid-low)
12415.0,24,28,143269.29,5116.760357142857,91315,18.62962962962963,503,4,5,5,14,455,3,0.0461706992314992,0,Low,Australia,RFM 13-15 (high)
12416.0,657,1,202.56,202.56,132,,0,1,1,1,3,111,1,0.8445181329715402,1,High,Australia,RFM 3-6 (low)
12417.0,3,20,6688.71,334.4355,2870,38.42105263157895,730,5,5,5,15,555,0,0.0242367380300125,0,Low,Belgium,RFM 13-15 (high)
12418.0,113,4,2016.95,504.2375,1087,172.33333333333334,517,3,3,4,10,334,2,0.4040031429049595,0,Medium,Switzerland,RFM 10-12 (mid-high)
12419.0,386,2,503.01,251.505,231,27.0,27,2,2,2,6,222,1,0.7480293322917612,1,High,Spain,RFM 3-6 (low)
12420.0,64,1,600.39,600.39,345,,0,3,1,3,7,313,2,0.5607335339007106,1,Medium,Cyprus,RFM 7-9 (mid-low)
12421.0,16,6,1092.83,182.1383333333333,647,97.8,489,5,4,3,12,543,2,0.3388311696079092,0,Low,Spain,RFM 10-12 (mid-high)
12422.0,96,17,4119.35,242.31470588235297,2591,39.0625,625,3,5,5,13,355,0,0.0946489151979465,0,Low,Switzerland,RFM 13-15 (high)
12423.0,1,10,2612.19,261.219,1781,51.66666666666666,465,5,5,4,14,554,0,0.0696822353266211,0,Low,Belgium,RFM 13-15 (high)
12424.0,163,4,3289.78,822.445,2015,128.33333333333334,385,3,3,5,11,335,1,0.3329653763088696,0,Low,Australia,RFM 10-12 (mid-high)
12425.0,78,2,1680.81,840.405,1103,370.0,370,3,2,4,9,324,2,0.5189872300462439,1,Medium,Portugal,RFM 7-9 (mid-low)
12426.0,195,2,1311.41,655.705,577,468.0,468,2,2,4,8,224,1,0.6239736981981321,1,Medium,Germany,RFM 7-9 (mid-low)
12427.0,22,3,708.37,236.1233333333333,236,174.5,349,4,3,3,10,433,2,0.4586592047416568,0,Medium,Germany,RFM 10-12 (mid-high)
12428.0,26,9,7877.2,875.2444444444444,3503,32.125,257,4,5,5,14,455,0,0.0665481652434308,0,Low,Finland,RFM 13-15 (high)
12429.0,9,8,6154.01,769.25125,2770,76.71428571428571,537,5,4,5,14,545,0,0.0748538426045533,0,Low,Denmark,RFM 13-15 (high)
12430.0,43,1,256.4,256.4,117,,0,4,1,1,6,411,2,0.4595813324726959,0,Medium,Norway,RFM 3-6 (low)
12431.0,36,27,10293.66,381.2466666666666,4544,25.307692307692307,658,4,5,5,14,455,0,0.0275985047347463,0,Low,Australia,RFM 13-15 (high)
12432.0,43,5,5059.32,1011.864,1801,32.25,129,4,4,5,13,445,2,0.1664984069579159,0,Low,Norway,RFM 13-15 (high)
12433.0,1,10,16641.74,1664.1740000000002,13533,52.888888888888886,476,5,5,5,15,555,0,0.0599746473385845,0,Low,Norway,RFM 13-15 (high)
12434.0,85,3,1062.48,354.16,511,148.0,296,3,3,3,9,333,2,0.4698543219350076,0,Medium,Australia,RFM 7-9 (mid-low)
12435.0,80,6,13925.93,2320.988333333333,4958,131.4,657,3,4,5,12,345,0,0.1426554178412919,0,Low,Denmark,RFM 10-12 (mid-high)
12436.0,100,1,509.01,509.01,211,,0,3,1,2,6,312,1,0.6180601296266999,1,Medium,Norway,RFM 3-6 (low)
12437.0,2,39,12394.85,317.81666666666666,7931,19.34210526315789,735,5,5,5,15,555,0,0.0181433238790298,0,Low,France,RFM 13-15 (high)
12438.0,14,2,2906.85,1453.425,1180,125.0,125,5,2,5,12,525,2,0.3791322485371672,0,Low,Norway,RFM 10-12 (mid-high)
12439.0,683,2,1089.18,544.59,448,43.0,43,1,2,3,6,123,1,0.7196493677279077,1,High,Cyprus,RFM 3-6 (low)
12440.0,462,2,768.15,384.075,308,255.0,255,1,2,3,6,123,1,0.6665503979775764,1,Medium,Austria,RFM 3-6 (low)
12441.0,367,1,173.55,173.55,121,,0,2,1,1,4,211,1,0.8905166419195426,1,High,France,RFM 3-6 (low)
12442.0,3,1,172.06,172.06,182,,0,5,1,1,7,511,2,0.5509441949857407,1,Medium,Spain,RFM 7-9 (mid-low)
12443.0,732,1,485.31,485.31,182,,0,1,1,2,4,112,1,0.7814880020074224,1,High,Norway,RFM 3-6 (low)
12444.0,21,5,5005.46,1001.092,1155,37.25,149,4,4,5,13,445,2,0.1607156645753522,0,Low,Norway,RFM 13-15 (high)
12445.0,22,2,426.48,213.24,204,398.0,398,4,2,2,8,422,2,0.6267472585441369,1,Medium,Spain,RFM 7-9 (mid-low)
12446.0,58,1,1002.31,1002.31,352,,0,4,1,3,8,413,2,0.5763275221359379,1,Medium,RSA,RFM 7-9 (mid-low)
12447.0,243,1,476.49,476.49,190,,0,2,1,2,5,212,1,0.7282832256072542,1,High,Belgium,RFM 3-6 (low)
12448.0,44,1,449.45,449.45,243,,0,4,1,2,7,412,2,0.4541382664442514,0,Medium,Spain,RFM 7-9 (mid-low)
12449.0,22,6,4835.89,805.9816666666667,2282,83.2,416,4,4,5,13,445,0,0.1216761573801068,0,Low,Belgium,RFM 13-15 (high)
12450.0,156,5,666.95,133.39,435,79.5,318,3,4,3,10,343,1,0.4515269360670259,0,Medium,Spain,RFM 10-12 (mid-high)
12451.0,11,8,12546.53,1568.31625,9226,74.0,518,5,4,5,14,545,0,0.072727257189848,0,Low,Switzerland,RFM 13-15 (high)
12452.0,17,2,428.57,214.285,183,0.0,0,5,2,2,9,522,2,0.4548549083063686,0,Medium,Switzerland,RFM 7-9 (mid-low)
12453.0,134,1,707.09,707.09,473,,0,3,1,3,7,313,1,0.6287535557045651,1,Medium,Austria,RFM 7-9 (mid-low)
12454.0,56,5,4318.96,863.792,2233,91.0,364,4,4,5,13,445,2,0.1780712197552749,0,Low,Spain,RFM 13-15 (high)
12455.0,73,10,5879.95,587.995,3302,72.0,648,3,5,5,13,355,0,0.0745787070627319,0,Low,Cyprus,RFM 13-15 (high)
12456.0,44,3,3153.89,1051.2966666666666,1616,105.0,210,4,3,5,12,435,2,0.34257293316677,0,Low,Switzerland,RFM 10-12 (mid-high)
12457.0,66,8,2472.31,309.03875,938,52.57142857142857,368,3,4,4,11,344,2,0.1354041807966612,0,Low,Switzerland,RFM 10-12 (mid-high)
12458.0,71,4,1777.49,444.3725,986,138.66666666666666,416,3,3,4,10,334,2,0.3131134224194531,0,Low,Switzerland,RFM 10-12 (mid-high)
12459.0,605,1,454.36,454.36,258,,0,1,1,2,4,112,1,0.7919388266957,1,High,Spain,RFM 3-6 (low)
12460.0,456,1,326.65,326.65,170,,0,1,1,2,4,112,1,0.8303939421220622,1,High,Belgium,RFM 3-6 (low)
12461.0,94,2,826.88,413.44,287,60.0,60,3,2,3,8,323,1,0.4635099636081459,0,Medium,Switzerland,RFM 7-9 (mid-low)
12462.0,19,2,1124.01,562.005,514,284.0,284,5,2,3,10,523,2,0.4780264075571791,0,Medium,Spain,RFM 10-12 (mid-high)
12463.0,53,4,1303.63,325.9075,757,62.66666666666666,188,4,3,4,11,434,2,0.2960425449770335,0,Low,Belgium,RFM 10-12 (mid-high)
12464.0,10,8,1212.05,151.50625,112,42.71428571428572,299,5,4,4,13,544,2,0.3206203320177724,0,Low,Belgium,RFM 13-15 (high)
12465.0,17,2,733.89,366.945,475,152.0,152,5,2,3,10,523,2,0.3797591204437557,0,Low,Belgium,RFM 10-12 (mid-high)
12467.0,423,1,0.0,0.0,0,,0,1,1,1,3,111,1,0.8850806523088076,1,High,USA,RFM 3-6 (low)
12468.0,188,5,3624.55,724.9100000000001,2184,123.75,495,2,4,5,11,245,1,0.2902325499451452,0,Low,Germany,RFM 10-12 (mid-high)
12469.0,523,2,3070.54,1535.27,2552,14.0,14,1,2,5,8,125,1,0.701948833325187,1,High,Thailand,RFM 7-9 (mid-low)
12470.0,690,1,211.95,211.95,95,,0,1,1,1,3,111,1,0.8494310457569813,1,High,Unknown/Other,RFM 3-6 (low)
12471.0,2,78,37878.92,485.6271794871795,16435,9.48051948051948,730,5,5,5,15,555,3,0.0218522074402132,0,Low,Germany,RFM 13-15 (high)
12472.0,32,19,15447.69,813.0363157894737,9978,38.5,693,4,5,5,14,455,0,0.0367395167117942,0,Low,Germany,RFM 13-15 (high)
12473.0,29,5,2837.73,567.546,2338,40.5,162,4,4,5,13,445,2,0.1427506444987382,0,Low,Germany,RFM 13-15 (high)
12474.0,17,31,11948.75,385.4435483870968,7787,21.633333333333333,649,5,5,5,15,555,0,0.0211960896544941,0,Low,Germany,RFM 13-15 (high)
12475.0,54,2,1149.64,574.82,771,356.0,356,4,2,3,9,423,2,0.5420734220909524,1,Medium,Germany,RFM 7-9 (mid-low)
12476.0,16,23,13684.12,594.9617391304348,5535,22.09090909090909,486,5,5,5,15,555,0,0.0337679440343413,0,Low,Germany,RFM 13-15 (high)
12477.0,23,9,20173.64,2241.515555555556,6086,75.0,600,4,5,5,14,455,0,0.0560998704167128,0,Low,Germany,RFM 13-15 (high)
12478.0,4,1,680.99,680.99,236,,0,5,1,3,9,513,2,0.3764145191037238,0,Low,Greece,RFM 7-9 (mid-low)
12479.0,11,1,477.3,477.3,351,,0,5,1,2,8,512,2,0.3773352973310141,0,Low,Germany,RFM 7-9 (mid-low)
12480.0,28,7,5435.1,776.4428571428572,2947,79.83333333333333,479,4,4,5,13,445,0,0.0874389804355675,0,Low,Germany,RFM 13-15 (high)
12481.0,23,15,12041.15,802.7433333333333,7020,41.71428571428572,584,4,5,5,14,455,0,0.0348800921947459,0,Low,Germany,RFM 13-15 (high)
12482.0,576,29,21893.53,754.9493103448275,27039,2.75,77,1,5,5,11,155,3,0.7822501763594804,1,High,Sweden,RFM 10-12 (mid-high)
12483.0,17,19,4823.47,253.8668421052632,2133,36.66666666666666,660,5,5,5,15,555,0,0.0354091394182761,0,Low,Sweden,RFM 13-15 (high)
12484.0,33,12,6287.8,523.9833333333333,3255,58.90909090909091,648,4,5,5,14,455,0,0.0414814002558391,0,Low,Spain,RFM 13-15 (high)
12485.0,529,1,708.1,708.1,414,,0,1,1,3,5,113,1,0.7392079379085122,1,High,Sweden,RFM 3-6 (low)
12486.0,432,1,1037.28,1037.28,523,,0,1,1,3,5,113,1,0.7744984177579368,1,High,Sweden,RFM 3-6 (low)
12487.0,731,1,259.79999999999995,259.79999999999995,144,,0,1,1,1,3,111,1,0.8367655479896876,1,High,Sweden,RFM 3-6 (low)
12488.0,10,3,1298.66,432.8866666666667,529,32.5,65,5,3,4,12,534,2,0.3112954360403308,0,Low,France,RFM 10-12 (mid-high)
12489.0,336,1,334.93,334.93,105,,0,2,1,2,5,212,1,0.8051887253211895,1,High,France,RFM 3-6 (low)
12490.0,5,21,9818.64,467.5542857142857,5902,36.65,733,5,5,5,15,555,0,0.0217196240896338,0,Low,France,RFM 13-15 (high)
12491.0,39,1,460.4,460.4,260,,0,4,1,2,7,412,2,0.4440327349045516,0,Medium,France,RFM 7-9 (mid-low)
12492.0,63,3,715.21,238.4033333333333,444,170.0,340,3,3,3,9,333,2,0.4610971587498118,0,Medium,Germany,RFM 7-9 (mid-low)
12493.0,166,2,416.79,208.395,206,31.0,31,3,2,2,7,322,1,0.6250259836982063,1,Medium,France,RFM 7-9 (mid-low)
12494.0,16,9,1685.92,187.32444444444445,952,70.0,560,5,5,4,14,554,0,0.1434609379738587,0,Low,France,RFM 13-15 (high)
12495.0,641,1,323.4,323.4,126,,0,1,1,2,4,112,1,0.8193456974780392,1,High,Sweden,RFM 3-6 (low)
12496.0,620,2,45.34,22.67,30,0.0,0,1,2,1,4,121,1,0.7520650309712871,1,High,Spain,RFM 3-6 (low)
12497.0,82,3,6248.5,2082.833333333333,5685,281.5,563,3,3,5,11,335,2,0.362413080969564,0,Low,Germany,RFM 10-12 (mid-high)
12498.0,21,3,403.7000000000001,134.5666666666667,159,18.0,36,4,3,2,9,432,2,0.4370830966921519,0,Medium,Germany,RFM 7-9 (mid-low)
12499.0,560,1,393.72,393.72,302,,0,1,1,2,4,112,1,0.808564033192071,1,High,Germany,RFM 3-6 (low)
12500.0,23,19,5872.31,309.06894736842105,3360,36.11111111111112,650,4,5,5,14,455,0,0.0242519339999477,0,Low,Germany,RFM 13-15 (high)
12501.0,337,1,2089.68,2089.68,1722,,0,2,1,4,7,214,1,0.8017472315732818,1,High,Germany,RFM 7-9 (mid-low)
12502.0,96,5,3723.87,744.774,820,53.5,214,3,4,5,12,345,2,0.2049613770443347,0,Low,Spain,RFM 10-12 (mid-high)
12503.0,584,1,0.0,0.0,560,,0,1,1,1,3,111,1,0.8247225182440378,1,High,Spain,RFM 3-6 (low)
12504.0,18,4,411.0,102.75,419,192.66666666666663,578,5,3,2,10,532,2,0.4613109639191707,0,Medium,Germany,RFM 10-12 (mid-high)
12505.0,409,1,908.0,908.0,313,,0,2,1,3,6,213,1,0.7570007416892248,1,High,Italy,RFM 3-6 (low)
12506.0,233,1,73.5,73.5,23,,0,2,1,1,4,211,1,0.866806238804079,1,High,France,RFM 3-6 (low)
12507.0,134,4,1797.31,449.3275,1256,150.0,450,3,3,4,10,334,1,0.426797279217299,0,Medium,Spain,RFM 10-12 (mid-high)
12508.0,26,2,397.88,198.94,271,2.0,2,4,2,2,8,422,2,0.46176046522692,0,Medium,France,RFM 7-9 (mid-low)
12509.0,284,1,176.5,176.5,55,,0,2,1,1,4,211,1,0.9066618640764064,1,High,France,RFM 3-6 (low)
12510.0,143,9,3689.33,409.9255555555556,2018,74.0,592,3,5,5,13,355,0,0.1674093299487107,0,Low,Spain,RFM 13-15 (high)
12511.0,429,1,3065.77,3065.77,1748,,0,1,1,5,7,115,1,0.795177849322149,1,High,Greece,RFM 7-9 (mid-low)
12512.0,66,2,132.18,66.09,96,0.0,0,3,2,1,6,321,2,0.6549366117505179,1,Medium,Israel,RFM 3-6 (low)
12513.0,113,1,586.79,586.79,456,,0,3,1,2,6,312,1,0.570400552925317,1,Medium,France,RFM 3-6 (low)
12514.0,267,2,1597.76,798.88,840,374.0,374,2,2,4,8,224,1,0.5688372615227092,1,Medium,Italy,RFM 7-9 (mid-low)
12515.0,353,1,383.7,383.7,131,,0,2,1,2,5,212,1,0.7919351499760944,1,High,Italy,RFM 3-6 (low)
12516.0,78,4,2648.62,662.155,1952,173.66666666666666,521,3,3,4,10,334,2,0.2399474663798287,0,Low,Germany,RFM 10-12 (mid-high)
12517.0,28,5,2443.65,488.73,1338,40.25,161,4,4,4,12,444,2,0.1370803505916333,0,Low,Germany,RFM 10-12 (mid-high)
12518.0,1,5,2056.89,411.378,1318,27.25,109,5,4,4,13,544,2,0.1491163022111105,0,Low,Germany,RFM 13-15 (high)
12519.0,64,2,685.19,342.595,380,413.0,413,3,2,3,8,323,2,0.5620403230225375,1,Medium,Germany,RFM 7-9 (mid-low)
12520.0,79,5,2582.51,516.5020000000001,1430,48.5,194,3,4,4,11,344,2,0.1342617901333642,0,Low,Germany,RFM 10-12 (mid-high)
12521.0,143,1,599.68,599.68,309,,0,3,1,3,7,313,1,0.6639506151002295,1,Medium,Germany,RFM 7-9 (mid-low)
12522.0,39,2,192.72,96.36,194,12.0,12,4,2,1,7,421,2,0.5387251962793412,1,Medium,Germany,RFM 7-9 (mid-low)
12523.0,19,23,4201.05,182.65434782608696,2236,32.36363636363637,712,5,5,5,15,555,0,0.0314682843517543,0,Low,France,RFM 13-15 (high)
12524.0,9,17,11091.36,652.4329411764706,7173,41.25,660,5,5,5,15,555,0,0.0259281667043355,0,Low,Germany,RFM 13-15 (high)
12525.0,498,3,835.1800000000001,278.3933333333334,487,74.5,149,1,3,3,7,133,1,0.6910243716315013,1,Medium,France,RFM 7-9 (mid-low)
12526.0,1,3,1316.66,438.8866666666667,632,46.5,93,5,3,4,12,534,2,0.2789299000073308,0,Low,Germany,RFM 10-12 (mid-high)
12527.0,82,5,735.51,147.102,526,111.75,447,3,4,3,10,343,2,0.3994982617458726,0,Low,Germany,RFM 10-12 (mid-high)
12528.0,9,6,1922.28,320.38,750,60.6,303,5,4,4,13,544,2,0.1786778878958724,0,Low,Germany,RFM 13-15 (high)
12529.0,528,1,311.78000000000003,311.78000000000003,190,,0,1,1,2,4,112,1,0.8249487834098155,1,High,France,RFM 3-6 (low)
12530.0,60,9,3689.86,409.9844444444445,2698,72.75,582,3,5,5,13,355,0,0.0766257252993391,0,Low,Germany,RFM 13-15 (high)
12531.0,15,2,1899.05,949.525,1104,671.0,671,5,2,4,11,524,2,0.4262616248426198,0,Medium,Germany,RFM 10-12 (mid-high)
12532.0,30,1,349.83000000000004,349.83000000000004,153,,0,4,1,2,7,412,2,0.4647398327790227,0,Medium,France,RFM 7-9 (mid-low)
12533.0,628,2,1149.99,574.995,568,110.0,110,1,2,3,6,123,1,0.6947176786825952,1,Medium,Germany,RFM 3-6 (low)
12534.0,131,1,1089.18,1089.18,651,,0,3,1,3,7,313,1,0.6432784692494653,1,Medium,Germany,RFM 7-9 (mid-low)
12535.0,92,2,716.35,358.175,219,94.0,94,3,2,3,8,323,1,0.4807819490668424,0,Medium,France,RFM 7-9 (mid-low)
12536.0,43,3,4106.82,1368.9399999999998,2652,7.5,15,4,3,5,12,435,2,0.4260474914311089,0,Medium,France,RFM 10-12 (mid-high)
12537.0,409,1,732.94,732.94,449,,0,2,1,3,6,213,1,0.7119593568915381,1,High,Sweden,RFM 3-6 (low)
12538.0,29,2,640.45,320.225,336,349.0,349,4,2,3,9,423,2,0.4741527337266616,0,Medium,Spain,RFM 7-9 (mid-low)
12539.0,22,7,9498.9,1356.9857142857145,4534,115.66666666666669,694,4,4,5,13,445,0,0.0898729255091185,0,Low,Spain,RFM 13-15 (high)
12540.0,20,33,22107.29,669.9178787878789,11009,22.25,712,4,5,5,14,455,3,0.0232082899012178,0,Low,Spain,RFM 13-15 (high)
12541.0,30,3,981.18,327.06,680,125.5,251,4,3,3,10,433,2,0.3549882995524814,0,Low,Spain,RFM 10-12 (mid-high)
12542.0,484,2,423.38,211.69,514,156.0,156,1,2,2,5,122,1,0.7272581852719214,1,High,Spain,RFM 3-6 (low)
12543.0,448,1,980.25,980.25,688,,0,1,1,3,5,113,1,0.7701597386028195,1,High,Spain,RFM 3-6 (low)
12544.0,36,1,355.7,355.7,132,,0,4,1,2,7,412,2,0.4700762228741769,0,Medium,Spain,RFM 7-9 (mid-low)
12545.0,75,2,1000.39,500.195,523,184.0,184,3,2,3,8,323,2,0.5109948118569682,1,Medium,Spain,RFM 7-9 (mid-low)
12546.0,47,2,1141.5,570.75,617,31.0,31,4,2,3,9,423,2,0.4191081832890886,0,Medium,Spain,RFM 7-9 (mid-low)
12547.0,198,3,383.58,127.86,309,151.0,302,2,3,2,7,232,1,0.5148843192938948,1,Medium,Spain,RFM 7-9 (mid-low)
12548.0,166,1,95.2,95.2,49,,0,3,1,1,5,311,1,0.8245866733436141,1,High,Spain,RFM 3-6 (low)
12549.0,576,6,1575.68,262.61333333333334,1366,24.2,121,1,4,4,9,144,1,0.7061671133310604,1,High,USA,RFM 7-9 (mid-low)
12550.0,79,1,964.83,964.83,569,,0,3,1,3,7,313,1,0.6010787661229379,1,Medium,Spain,RFM 7-9 (mid-low)
12551.0,358,1,168.0,168.0,100,,0,2,1,1,4,211,1,0.882475619660127,1,High,Spain,RFM 3-6 (low)
12552.0,39,2,437.82,218.91,88,0.0,0,4,2,2,8,422,2,0.4661159923384687,0,Medium,Italy,RFM 7-9 (mid-low)
12553.0,8,12,4548.82,379.0683333333333,2282,37.72727272727273,415,5,5,5,15,555,0,0.0604124135905224,0,Low,France,RFM 13-15 (high)
12554.0,449,1,468.5,468.5,240,,0,1,1,2,4,112,1,0.7751857477404986,1,High,Spain,RFM 3-6 (low)
12556.0,50,2,599.56,299.78,355,100.0,100,4,2,3,9,423,2,0.4305366929844832,0,Medium,Spain,RFM 7-9 (mid-low)
12557.0,16,8,18096.14,2262.0175,6382,100.85714285714286,706,5,4,5,14,545,0,0.0919207240596708,0,Low,Spain,RFM 13-15 (high)
12558.0,8,1,1.0658141036401504e-14,1.0658141036401504e-14,0,,0,5,1,1,7,511,2,0.5908203586795575,1,Medium,USA,RFM 7-9 (mid-low)
12559.0,311,2,536.21,268.105,281,8.0,8,2,2,2,6,222,1,0.6582904007579095,1,Medium,Germany,RFM 3-6 (low)
12560.0,5,3,2101.39,700.4633333333333,1078,68.5,137,5,3,4,12,534,2,0.2439987200451518,0,Low,Germany,RFM 10-12 (mid-high)
12561.0,303,1,238.85,238.85,177,,0,2,1,1,4,211,1,0.8243412509110446,1,High,Germany,RFM 3-6 (low)
12562.0,8,9,4966.92,551.88,2327,53.375,427,5,5,5,15,555,0,0.0652993016045568,0,Low,France,RFM 13-15 (high)
12563.0,409,1,249.24,249.24,113,,0,2,1,1,4,211,1,0.8414334170218399,1,High,Italy,RFM 3-6 (low)
12564.0,261,1,456.9,456.9,133,,0,2,1,2,5,212,1,0.7290585047562937,1,High,France,RFM 3-6 (low)
12565.0,289,1,131.17,131.17,75,,0,2,1,1,4,211,1,0.8921279712447503,1,High,Saudi Arabia,RFM 3-6 (low)
12566.0,86,1,346.7,346.7,264,,0,3,1,2,6,312,1,0.620096029338025,1,Medium,Germany,RFM 3-6 (low)
12567.0,23,15,11451.44,763.4293333333334,5086,46.0,644,4,5,5,14,455,0,0.041557661910949,0,Low,France,RFM 13-15 (high)
12568.0,645,1,70.0,70.0,48,,0,1,1,1,3,111,1,0.9004512227570075,1,High,Germany,RFM 3-6 (low)
12569.0,2,32,4064.99,127.0309375,1793,8.064516129032258,250,5,5,5,15,555,0,0.114795571568182,0,Low,Germany,RFM 13-15 (high)
12571.0,40,2,519.61,259.805,523,81.0,81,4,2,2,8,422,2,0.3699450599671148,0,Low,France,RFM 7-9 (mid-low)
12572.0,9,2,1004.72,502.36,450,43.0,43,5,2,3,10,523,2,0.3166427811304495,0,Low,Germany,RFM 10-12 (mid-high)
12573.0,227,5,717.41,143.482,479,59.25,237,2,4,3,9,243,1,0.5597707589054972,1,Medium,France,RFM 7-9 (mid-low)
12574.0,316,1,218.45,218.45,61,,0,2,1,1,4,211,1,0.8658583596354039,1,High,France,RFM 3-6 (low)
12575.0,457,2,622.8199999999999,311.41,315,69.0,69,1,2,3,6,123,1,0.7077961473121823,1,High,France,RFM 3-6 (low)
12576.0,36,8,2083.87,260.48375,1479,70.0,490,4,4,4,12,444,2,0.1339711493801504,0,Low,Poland,RFM 10-12 (mid-high)
12577.0,35,8,1554.7,194.3375,1185,100.0,700,4,4,4,12,444,2,0.2089090044884564,0,Low,France,RFM 10-12 (mid-high)
12578.0,21,4,4572.45,1143.1125,2334,140.66666666666666,422,4,3,5,12,435,2,0.1860502660765437,0,Low,Italy,RFM 10-12 (mid-high)
12579.0,78,1,410.72,410.72,278,,0,3,1,2,6,312,1,0.5948634895061502,1,Medium,France,RFM 3-6 (low)
12580.0,247,2,1052.9,526.45,569,329.0,329,2,2,3,7,223,1,0.5994138383088821,1,Medium,Germany,RFM 7-9 (mid-low)
12581.0,40,1,197.71,197.71,161,,0,4,1,1,6,411,2,0.4919090498516887,0,Medium,Germany,RFM 3-6 (low)
12582.0,239,4,1980.4,495.1,985,112.66666666666669,338,2,3,4,9,234,1,0.468116694033117,0,Medium,Finland,RFM 7-9 (mid-low)
12583.0,3,27,13489.04,499.59407407407406,8483,28.07692307692308,730,5,5,5,15,555,0,0.0208740589960001,0,Low,France,RFM 13-15 (high)
12584.0,4,9,1893.95,210.4388888888889,354,34.5,276,5,5,4,14,554,0,0.1718883391448124,0,Low,Italy,RFM 13-15 (high)
12585.0,234,2,1982.81,991.405,1258,117.0,117,2,2,4,8,224,1,0.5039682487351427,1,Medium,Germany,RFM 7-9 (mid-low)
12586.0,17,4,2045.67,511.4175,685,235.3333333333333,706,5,3,4,12,534,2,0.3950942291490124,0,Low,Italy,RFM 10-12 (mid-high)
12587.0,8,1,144.0,144.0,51,,0,5,1,1,7,511,2,0.5621467048157629,1,Medium,Finland,RFM 7-9 (mid-low)
12588.0,39,4,938.98,234.745,434,186.0,558,4,3,3,10,433,2,0.4433855198895445,0,Medium,Finland,RFM 10-12 (mid-high)
12589.0,29,8,3094.17,386.77125,1369,94.28571428571428,660,4,4,5,13,445,0,0.1084332123991572,0,Low,France,RFM 13-15 (high)
12590.0,211,2,9853.48,4926.74,4277,0.0,0,2,2,5,9,225,1,0.5424971581474153,1,Medium,Germany,RFM 7-9 (mid-low)
12591.0,317,3,1338.95,446.31666666666666,653,45.5,91,2,3,4,9,234,1,0.6606885779651929,1,Medium,Italy,RFM 7-9 (mid-low)
12592.0,92,5,1152.62,230.524,1872,106.75,427,3,4,3,10,343,2,0.2262535849359511,0,Low,Germany,RFM 10-12 (mid-high)
12593.0,109,3,418.1,139.36666666666665,206,55.0,110,3,3,2,8,332,1,0.5266130327719876,1,Medium,France,RFM 7-9 (mid-low)
12594.0,38,15,5044.51,336.3006666666667,2743,43.42857142857143,608,4,5,5,14,455,0,0.0417462481101267,0,Low,Italy,RFM 13-15 (high)
12595.0,505,1,299.02,299.02,271,,0,1,1,2,4,112,1,0.8324700783142185,1,High,Germany,RFM 3-6 (low)
12596.0,51,2,618.27,309.135,474,190.0,190,4,2,3,9,423,2,0.4761395986806084,0,Medium,Spain,RFM 7-9 (mid-low)
12597.0,19,4,3683.13,920.7825,2187,82.66666666666667,248,5,3,5,13,535,2,0.233524631465271,0,Low,Spain,RFM 13-15 (high)
12598.0,10,11,4414.67,401.33363636363634,2840,63.9,639,5,5,5,15,555,0,0.0533596294191316,0,Low,France,RFM 13-15 (high)
12599.0,29,13,2296.72,176.67076923076922,2189,45.66666666666666,548,4,5,4,13,454,0,0.08065501356126,0,Low,France,RFM 13-15 (high)
12600.0,29,20,4897.67,244.8835,1374,37.0,703,4,5,5,14,455,0,0.0337958354459466,0,Low,Germany,RFM 13-15 (high)
12601.0,190,6,673.76,112.29333333333334,289,42.8,214,2,4,3,9,243,1,0.5568614365094614,1,Medium,Germany,RFM 7-9 (mid-low)
12602.0,59,1,153.12,153.12,162,,0,4,1,1,6,411,2,0.6636678666702729,1,Medium,France,RFM 3-6 (low)
12603.0,22,1,739.1999999999999,739.1999999999999,64,,0,4,1,3,8,413,2,0.4892594694353667,0,Medium,Germany,RFM 7-9 (mid-low)
12604.0,79,2,254.18,127.09,201,182.0,182,3,2,1,6,321,2,0.5706667896467398,1,Medium,France,RFM 3-6 (low)
12605.0,376,4,1225.45,306.3625,925,27.0,81,2,3,4,9,234,1,0.6768385666396399,1,Medium,Germany,RFM 7-9 (mid-low)
12607.0,60,1,3.552713678800501e-15,3.552713678800501e-15,0,,0,3,1,1,5,311,2,0.6826767451526667,1,Medium,USA,RFM 3-6 (low)
12608.0,405,1,415.79,415.79,323,,0,2,1,2,5,212,1,0.692042128648302,1,Medium,United Kingdom,RFM 3-6 (low)
12609.0,78,9,3417.86,379.7622222222223,1552,80.125,641,3,5,5,13,355,0,0.1033164889872665,0,Low,Germany,RFM 13-15 (high)
12610.0,23,5,2057.99,411.598,1028,25.75,103,4,4,4,12,444,2,0.165834985453534,0,Low,Italy,RFM 10-12 (mid-high)
12611.0,52,1,1193.32,1193.32,846,,0,4,1,4,9,414,2,0.5211541541972227,1,Medium,Italy,RFM 7-9 (mid-low)
12612.0,74,1,643.59,643.59,251,,0,3,1,3,7,313,1,0.5962970055360095,1,Medium,Germany,RFM 7-9 (mid-low)
12613.0,57,10,6573.82,657.382,4037,74.22222222222223,668,4,5,5,14,455,0,0.0703044004189513,0,Low,Germany,RFM 13-15 (high)
12614.0,278,1,315.6,315.6,76,,0,2,1,2,5,212,1,0.8202204783079039,1,High,Germany,RFM 3-6 (low)
12615.0,2,8,5564.88,695.61,3295,89.85714285714286,629,5,4,5,14,545,0,0.0906369083773757,0,Low,France,RFM 13-15 (high)
12616.0,95,3,1045.35,348.45,481,146.5,293,3,3,3,9,333,2,0.4624212065442914,0,Medium,France,RFM 7-9 (mid-low)
12617.0,29,1,352.98,352.98,210,,0,4,1,2,7,412,2,0.4677876500479392,0,Medium,France,RFM 7-9 (mid-low)
12618.0,22,1,177.31,177.31,96,,0,4,1,1,6,411,2,0.5283908883822442,1,Medium,Italy,RFM 3-6 (low)
12619.0,16,10,3354.95,335.495,3494,60.44444444444444,544,5,5,5,15,555,0,0.0518695233674555,0,Low,Germany,RFM 13-15 (high)
12620.0,15,3,1339.41,446.47,1181,94.5,189,5,3,4,12,534,2,0.2711603743879826,0,Low,France,RFM 10-12 (mid-high)
12621.0,2,35,24114.7,688.9914285714286,13648,19.58823529411765,666,5,5,5,15,555,3,0.0203603340119532,0,Low,Germany,RFM 13-15 (high)
12622.0,232,1,180.1,180.1,69,,0,2,1,1,4,211,1,0.8472473445363526,1,High,Germany,RFM 3-6 (low)
12623.0,276,7,3639.84,519.9771428571429,1966,70.0,420,2,4,5,11,245,1,0.3465404781176208,0,Low,Germany,RFM 10-12 (mid-high)
12624.0,106,2,641.13,320.565,355,71.0,71,3,2,3,8,323,1,0.438971470157071,0,Medium,France,RFM 7-9 (mid-low)
12625.0,212,4,5095.38,1273.845,3274,128.0,384,2,3,5,10,235,1,0.3693080210858978,0,Low,Germany,RFM 10-12 (mid-high)
12626.0,23,9,6388.35,709.8166666666667,3350,37.875,303,4,5,5,14,455,0,0.0603083678322677,0,Low,Germany,RFM 13-15 (high)
12627.0,11,7,4478.53,639.79,2752,21.5,129,5,4,5,14,545,0,0.1027611039866477,0,Low,Germany,RFM 13-15 (high)
12628.0,4,3,769.61,256.5366666666667,445,30.0,60,5,3,3,11,533,2,0.2846676842739267,0,Low,Germany,RFM 10-12 (mid-high)
12629.0,386,2,1558.22,779.11,722,37.0,37,2,2,4,8,224,1,0.6829538124649038,1,Medium,Sweden,RFM 7-9 (mid-low)
12630.0,10,2,1270.88,635.44,548,34.0,34,5,2,4,11,524,2,0.3227065218319822,0,Low,Finland,RFM 10-12 (mid-high)
12631.0,57,6,3452.27,575.3783333333333,1593,127.0,635,4,4,5,13,445,2,0.1648344205131646,0,Low,Finland,RFM 13-15 (high)
12632.0,521,2,738.88,369.44,668,44.0,44,1,2,3,6,123,1,0.721745351151658,1,High,Germany,RFM 3-6 (low)
12633.0,59,7,5595.21,799.3157142857143,3207,77.66666666666667,466,4,4,5,13,445,0,0.1030615608032207,0,Low,Germany,RFM 13-15 (high)
12634.0,536,2,490.0,245.0,337,12.0,12,1,2,2,5,122,1,0.6771199170978115,1,Medium,USA,RFM 3-6 (low)
12635.0,90,4,2930.41,732.6025,1949,122.33333333333331,367,3,3,5,11,335,2,0.2759280736100432,0,Low,Germany,RFM 10-12 (mid-high)
12636.0,739,1,141.0,141.0,1,,0,1,1,1,3,111,1,0.8615748375905598,1,High,USA,RFM 3-6 (low)
12637.0,67,12,8215.16,684.5966666666667,4245,43.27272727272727,476,3,5,5,13,355,0,0.0602983714836429,0,Low,France,RFM 13-15 (high)
12638.0,33,2,921.49,460.745,663,606.0,606,4,2,3,9,423,2,0.5280691451753449,1,Medium,Sweden,RFM 7-9 (mid-low)
12639.0,239,3,1312.37,437.45666666666665,631,194.5,389,2,3,4,9,234,1,0.5867620292326803,1,Medium,Sweden,RFM 7-9 (mid-low)
12640.0,24,3,1174.58,391.5266666666666,311,28.5,57,4,3,3,10,433,2,0.3215116118502968,0,Low,France,RFM 10-12 (mid-high)
12641.0,115,1,185.9,185.9,72,,0,3,1,1,5,311,1,0.7153692121996502,1,High,Sweden,RFM 3-6 (low)
12642.0,25,3,1013.26,337.75333333333333,552,41.0,82,4,3,3,10,433,2,0.3082778896883387,0,Low,Germany,RFM 10-12 (mid-high)
12643.0,128,12,7835.3,652.9416666666667,4357,43.81818181818182,482,3,5,5,13,355,0,0.1712832463876501,0,Low,France,RFM 13-15 (high)
12644.0,130,4,1815.54,453.885,1001,188.0,564,3,3,4,10,334,1,0.4163277094044603,0,Medium,Germany,RFM 10-12 (mid-high)
12645.0,34,8,3499.1,437.3875,2089,90.71428571428572,635,4,4,5,13,445,0,0.1225862095757387,0,Low,Germany,RFM 13-15 (high)
12646.0,5,2,1346.97,673.485,897,44.0,44,5,2,4,11,524,2,0.252632087505207,0,Low,USA,RFM 10-12 (mid-high)
12647.0,22,36,16729.74,464.715,6568,19.2,672,4,5,5,14,455,0,0.0228772210201514,0,Low,Germany,RFM 13-15 (high)
12648.0,155,4,1097.0,274.25,514,182.0,546,3,3,3,9,333,1,0.5201343282768187,1,Medium,Germany,RFM 7-9 (mid-low)
12649.0,107,8,2258.5,282.3125,1942,84.0,588,3,4,4,11,344,2,0.1567169221373985,0,Low,Germany,RFM 10-12 (mid-high)
12650.0,3,1,314.44,314.44,254,,0,5,1,2,8,512,2,0.4074114679507085,0,Medium,France,RFM 7-9 (mid-low)
12651.0,335,4,365.3,91.325,262,43.333333333333336,130,2,3,2,7,232,1,0.7958163091726344,1,High,France,RFM 7-9 (mid-low)
12652.0,331,2,1011.58,505.79,533,102.0,102,2,2,3,7,223,1,0.6771808164206214,1,Medium,France,RFM 7-9 (mid-low)
12653.0,149,3,4160.83,1386.9433333333334,1681,189.0,378,3,3,5,11,335,1,0.440043290680901,0,Medium,Israel,RFM 10-12 (mid-high)
12654.0,11,5,601.98,120.396,264,71.0,284,5,4,3,12,543,2,0.4253806136268662,0,Medium,Germany,RFM 10-12 (mid-high)
12655.0,424,1,261.35,261.35,80,,0,1,1,1,3,111,1,0.849452960590118,1,High,France,RFM 3-6 (low)
12656.0,17,8,6320.78,790.0975,2841,77.85714285714286,545,5,4,5,14,545,0,0.0902410246730701,0,Low,France,RFM 13-15 (high)
12657.0,11,4,1152.06,288.015,654,22.33333333333333,67,5,3,3,11,533,2,0.2312884906296947,0,Low,France,RFM 10-12 (mid-high)
12658.0,19,1,686.05,686.05,320,,0,5,1,3,9,513,2,0.4121957571670045,0,Medium,Germany,RFM 7-9 (mid-low)
12659.0,30,1,91.68,91.68,105,,0,4,1,1,6,411,2,0.6875611791313793,1,Medium,France,RFM 3-6 (low)
12660.0,11,1,245.1,245.1,127,,0,5,1,1,7,511,2,0.4446847648938325,0,Medium,France,RFM 7-9 (mid-low)
12661.0,436,1,162.0,162.0,216,,0,1,1,1,3,111,1,0.88009041653206,1,High,Sweden,RFM 3-6 (low)
12662.0,1,20,6687.6900000000005,334.3845,3403,32.473684210526315,617,5,5,5,15,555,0,0.0191320903046953,0,Low,Germany,RFM 13-15 (high)
12663.0,625,2,204.0,102.0,169,43.0,43,1,2,1,4,121,1,0.8276096658119293,1,High,Germany,RFM 3-6 (low)
12664.0,8,11,6052.04,550.1854545454545,1494,71.8,718,5,5,5,15,555,0,0.0640302104256957,0,Low,Finland,RFM 13-15 (high)
12665.0,325,3,301.45,100.48333333333332,157,172.0,344,2,3,2,7,232,1,0.745315628028969,1,High,Germany,RFM 7-9 (mid-low)
12666.0,394,1,1020.98,1020.98,314,,0,2,1,3,6,213,1,0.7357578572633595,1,High,Israel,RFM 3-6 (low)
12667.0,58,1,620.13,620.13,395,,0,4,1,3,8,413,2,0.5080257559248098,1,Medium,Finland,RFM 7-9 (mid-low)
12668.0,12,10,11319.06,1131.906,5010,73.88888888888889,665,5,5,5,15,555,0,0.0531671174360361,0,Low,Germany,RFM 13-15 (high)
12669.0,151,3,1607.73,535.91,1114,52.5,105,3,3,4,10,334,1,0.4612719723633091,0,Medium,France,RFM 10-12 (mid-high)
12670.0,10,7,3750.39,535.77,1621,109.33333333333331,656,5,4,5,14,545,0,0.1042602345759716,0,Low,France,RFM 13-15 (high)
12671.0,606,1,2622.481,2622.481,1460,,0,1,1,4,6,114,1,0.7903088499804638,1,High,Germany,RFM 3-6 (low)
12672.0,330,2,410.5,205.25,131,265.0,265,2,2,2,6,222,1,0.7267455214686507,1,High,France,RFM 3-6 (low)
12673.0,5,3,1230.02,410.00666666666666,700,198.0,396,5,3,4,12,534,2,0.4603713972997391,0,Medium,Germany,RFM 10-12 (mid-high)
12674.0,39,4,1922.26,480.565,1103,56.333333333333336,169,4,3,4,11,434,2,0.2853713376613167,0,Low,France,RFM 10-12 (mid-high)
12675.0,554,2,933.55,466.775,334,24.0,24,1,2,3,6,123,1,0.7340003806323668,1,High,Italy,RFM 3-6 (low)
12676.0,25,11,2773.09,252.09909090909093,1865,45.8,458,4,5,4,13,454,0,0.0711802774224044,0,Low,Sweden,RFM 13-15 (high)
12677.0,555,2,389.3,194.65,174,111.0,111,1,2,2,5,122,1,0.778859534286858,1,High,France,RFM 3-6 (low)
12678.0,42,21,33851.13,1611.9585714285713,22233,32.9,658,4,5,5,14,455,3,0.0444910553943824,0,Low,France,RFM 13-15 (high)
12679.0,59,4,1058.67,264.6675,530,75.0,225,4,3,3,10,433,2,0.3818369031734343,0,Low,France,RFM 10-12 (mid-high)
12680.0,1,4,880.81,220.2025,444,37.333333333333336,112,5,3,3,11,533,2,0.2734747978560944,0,Low,France,RFM 10-12 (mid-high)
12681.0,15,45,29518.24,655.9608888888889,16915,16.15909090909091,711,5,5,5,15,555,3,0.0227851258121167,0,Low,France,RFM 13-15 (high)
12682.0,4,52,22862.12,439.6561538461538,10513,14.411764705882351,735,5,5,5,15,555,3,0.0196945652772834,0,Low,France,RFM 13-15 (high)
12683.0,4,21,11355.52,540.7390476190476,6933,36.1,722,5,5,5,15,555,0,0.0227428455157084,0,Low,France,RFM 13-15 (high)
12684.0,8,7,2283.63,326.23285714285714,1985,34.166666666666664,205,5,4,4,13,544,2,0.1126489582354184,0,Low,France,RFM 13-15 (high)
12685.0,28,6,2863.08,477.18,1523,13.0,65,4,4,5,13,445,2,0.1277003262671946,0,Low,France,RFM 13-15 (high)
12686.0,372,1,89.14,89.14,107,,0,2,1,1,4,211,1,0.8755321661031499,1,High,France,RFM 3-6 (low)
12687.0,481,2,2138.91,1069.455,1403,0.0,0,1,2,4,7,124,1,0.7557165339846703,1,High,Sweden,RFM 7-9 (mid-low)
12688.0,114,1,4873.81,4873.81,3028,,0,3,1,5,9,315,1,0.6647985799780146,1,Medium,Israel,RFM 7-9 (mid-low)
12689.0,26,2,1247.61,623.805,628,101.0,101,4,2,4,10,424,2,0.3257528365589139,0,Low,France,RFM 10-12 (mid-high)
12690.0,206,1,389.01,389.01,106,,0,2,1,2,5,212,1,0.7194689920068835,1,High,France,RFM 3-6 (low)
12691.0,28,7,1170.4,167.20000000000002,445,65.33333333333333,392,4,4,3,11,443,2,0.2708190215467358,0,Low,France,RFM 10-12 (mid-high)
12692.0,637,1,110.95,110.95,36,,0,1,1,1,3,111,1,0.8969765694069715,1,High,France,RFM 3-6 (low)
12693.0,127,7,1640.42,234.3457142857143,524,65.83333333333333,395,3,4,4,11,344,2,0.2826899429577932,0,Low,Germany,RFM 10-12 (mid-high)
12694.0,70,3,1839.45,613.15,1353,175.0,350,3,3,4,10,334,2,0.3969446421860507,0,Low,France,RFM 10-12 (mid-high)
12695.0,7,7,1407.12,201.0171428571429,454,109.66666666666669,658,5,4,4,13,544,2,0.336213507336897,0,Low,France,RFM 13-15 (high)
12696.0,435,2,851.91,425.955,564,74.0,74,1,2,3,6,123,1,0.7117986798804715,1,High,Finland,RFM 3-6 (low)
12697.0,29,3,939.02,313.00666666666666,499,70.0,140,4,3,3,10,433,2,0.3307115490929007,0,Low,Sweden,RFM 10-12 (mid-high)
12698.0,590,1,339.75,339.75,111,,0,1,1,2,4,112,1,0.8419733658648723,1,High,Germany,RFM 3-6 (low)
12699.0,418,1,638.11,638.11,373,,0,1,1,3,5,113,1,0.7181877405536982,1,High,Germany,RFM 3-6 (low)
12700.0,8,4,4867.99,1216.9975,2963,69.0,207,5,3,5,13,535,2,0.1884788026894952,0,Low,France,RFM 13-15 (high)
12701.0,80,6,2446.41,407.735,1727,110.6,553,3,4,4,11,344,2,0.1349496755722377,0,Low,Germany,RFM 10-12 (mid-high)
12702.0,20,1,219.0,219.0,53,,0,4,1,1,6,411,2,0.5000201466631682,1,Medium,Germany,RFM 3-6 (low)
12703.0,71,4,892.18,223.045,539,204.3333333333333,613,3,3,3,9,333,2,0.4752935024111066,0,Medium,Germany,RFM 7-9 (mid-low)
12704.0,7,8,2220.84,277.605,1003,23.142857142857142,162,5,4,4,13,544,0,0.1665519680553862,0,Low,Finland,RFM 13-15 (high)
12705.0,15,14,11554.0,825.2857142857143,7108,39.84615384615385,518,5,5,5,15,555,0,0.0376058203125095,0,Low,Germany,RFM 13-15 (high)
12707.0,292,1,603.42,603.42,256,,0,2,1,3,6,213,1,0.7218827858482958,1,High,France,RFM 3-6 (low)
12708.0,30,18,4921.72,273.4288888888889,2377,40.64705882352941,691,4,5,5,14,455,0,0.0317628628037303,0,Low,Germany,RFM 13-15 (high)
12709.0,15,33,29426.45,891.7106060606061,13564,22.34375,715,5,5,5,15,555,3,0.0241678183490317,0,Low,Germany,RFM 13-15 (high)
12710.0,97,3,1130.57,376.8566666666666,849,52.0,104,3,3,3,9,333,2,0.3730217234046399,0,Low,Germany,RFM 7-9 (mid-low)
12711.0,612,2,1339.05,669.525,770,65.0,65,1,2,4,7,124,1,0.6771221869061325,1,Medium,Germany,RFM 7-9 (mid-low)
12712.0,29,21,6521.78,310.5609523809524,2160,35.05,701,4,5,5,14,455,0,0.0292014862749995,0,Low,Germany,RFM 13-15 (high)
12713.0,1,1,848.55,848.55,508,,0,5,1,3,9,513,2,0.3417208662744801,0,Low,Germany,RFM 7-9 (mid-low)
12714.0,9,12,14093.71,1174.4758333333332,8774,66.0,726,5,5,5,15,555,0,0.0586572279763797,0,Low,France,RFM 13-15 (high)
12715.0,106,1,343.36,343.36,192,,0,3,1,2,6,312,1,0.6094315953328004,1,Medium,Sweden,RFM 3-6 (low)
12716.0,4,2,1053.49,526.745,708,129.0,129,5,2,3,10,523,2,0.3271312741588424,0,Low,France,RFM 10-12 (mid-high)
12717.0,151,3,1258.91,419.6366666666667,599,219.5,439,3,3,4,10,334,1,0.581981742422969,1,Medium,Greece,RFM 10-12 (mid-high)
12718.0,71,1,238.25,238.25,203,,0,3,1,1,5,311,1,0.5765970715483193,1,Medium,France,RFM 3-6 (low)
12719.0,5,2,608.1,304.05,361,59.0,59,5,2,3,10,523,2,0.3177237874568039,0,Low,France,RFM 10-12 (mid-high)
12720.0,3,30,7574.49,252.483,5941,17.344827586206897,503,5,5,5,15,555,0,0.0282163069491317,0,Low,Germany,RFM 13-15 (high)
12721.0,32,8,3933.83,491.72875,2636,62.85714285714285,440,4,4,5,13,445,0,0.0948969167622043,0,Low,France,RFM 13-15 (high)
12722.0,85,4,904.33,226.0825,560,21.666666666666668,65,3,3,3,9,333,2,0.3546279187116941,0,Low,France,RFM 7-9 (mid-low)
12723.0,4,5,725.07,145.014,434,15.25,61,5,4,3,12,543,2,0.336180120341558,0,Low,France,RFM 10-12 (mid-high)
12724.0,5,7,2317.52,331.07428571428574,1379,88.33333333333333,530,5,4,4,13,544,0,0.1100712981907069,0,Low,France,RFM 13-15 (high)
12725.0,371,4,2266.76,566.69,1142,71.0,213,2,3,4,9,234,1,0.5845847623413573,1,Medium,Italy,RFM 7-9 (mid-low)
12726.0,28,11,4014.6,364.96363636363634,4618,59.5,595,4,5,5,14,455,0,0.0505186880168068,0,Low,France,RFM 13-15 (high)
12727.0,11,10,5646.53,564.653,2819,71.55555555555556,644,5,5,5,15,555,0,0.0535157431646824,0,Low,France,RFM 13-15 (high)
12728.0,71,5,1070.17,214.034,543,78.0,312,3,4,3,10,343,2,0.3370235662565617,0,Low,France,RFM 10-12 (mid-high)
12729.0,114,1,453.01,453.01,233,,0,3,1,2,6,312,1,0.6214444587998078,1,Medium,France,RFM 3-6 (low)
12730.0,522,1,829.25,829.25,234,,0,1,1,3,5,113,1,0.8009398282227003,1,High,Germany,RFM 3-6 (low)
12731.0,24,17,25673.21,1510.1888235294118,11570,39.0,624,4,5,5,14,455,3,0.0371783764546497,0,Low,France,RFM 13-15 (high)
12732.0,180,1,236.26,236.26,111,,0,3,1,1,5,311,1,0.7150530638563112,1,High,France,RFM 3-6 (low)
12733.0,234,4,2326.82,581.705,885,151.66666666666666,455,2,3,4,9,234,1,0.488579045557986,0,Medium,USA,RFM 7-9 (mid-low)
12734.0,353,3,639.65,213.21666666666667,265,19.5,39,2,3,3,8,233,1,0.7553247126836767,1,High,France,RFM 7-9 (mid-low)
12735.0,315,2,779.5699999999999,389.785,368,21.0,21,2,2,3,7,223,1,0.683296704809371,1,Medium,France,RFM 7-9 (mid-low)
12736.0,333,1,234.0,234.0,173,,0,2,1,1,4,211,1,0.8283225724143776,1,High,France,RFM 3-6 (low)
12737.0,499,2,3710.5,1855.25,2,0.0,0,1,2,5,8,125,1,0.7571025395297301,1,High,France,RFM 7-9 (mid-low)
12738.0,372,1,155.35,155.35,148,,0,2,1,1,4,211,1,0.8717199851830365,1,High,Germany,RFM 3-6 (low)
12739.0,78,4,2726.73,681.6825,951,105.0,315,3,3,4,10,334,2,0.2886390225106297,0,Low,United Arab Emirates,RFM 10-12 (mid-high)
12740.0,64,1,427.6,427.6,342,,0,3,1,2,6,312,2,0.5590296594210719,1,Medium,France,RFM 3-6 (low)
12741.0,529,2,406.07,203.035,214,3.0,3,1,2,2,5,122,1,0.7574748405612209,1,High,USA,RFM 3-6 (low)
12742.0,626,1,1185.02,1185.02,1349,,0,1,1,4,6,114,1,0.751722891366757,1,High,United Arab Emirates,RFM 3-6 (low)
12743.0,134,2,540.13,270.065,315,0.0,0,3,2,2,7,322,1,0.5390898825792921,1,Medium,Unknown/Other,RFM 7-9 (mid-low)
12744.0,52,11,13158.16,1196.1963636363637,6987,53.9,539,4,5,5,14,455,0,0.0677964551917663,0,Low,Singapore,RFM 13-15 (high)
12745.0,487,2,723.85,361.925,467,87.0,87,1,2,3,6,123,1,0.7103512174036278,1,High,United Kingdom,RFM 3-6 (low)
12746.0,541,1,230.85,230.85,91,,0,1,1,1,3,111,1,0.8375308868346342,1,High,United Kingdom,RFM 3-6 (low)
12747.0,2,26,8786.53,337.9434615384616,2615,29.2,730,5,5,5,15,555,0,0.0225604192458311,0,Low,United Kingdom,RFM 13-15 (high)
12748.0,1,336,46545.79,138.5291369047619,35085,2.191044776119403,734,5,5,5,15,555,3,0.0691088997867644,0,Low,United Kingdom,RFM 13-15 (high)
12749.0,4,9,6328.49,703.1655555555556,2271,64.625,517,5,5,5,15,555,0,0.0570081289065239,0,Low,United Kingdom,RFM 13-15 (high)
12750.0,129,1,275.88,275.88,137,,0,3,1,2,6,312,1,0.651694864670126,1,Medium,Poland,RFM 3-6 (low)
12751.0,445,1,268.27,268.27,189,,0,1,1,2,4,112,1,0.8306780234875382,1,High,Brazil,RFM 3-6 (low)
12752.0,81,1,4366.78,4366.78,2262,,0,3,1,5,9,315,2,0.6501328165542276,1,Medium,Norway,RFM 7-9 (mid-low)
12753.0,23,6,21024.01,3504.0016666666666,11250,67.8,339,4,4,5,13,445,0,0.0968870010618585,0,Low,Japan,RFM 13-15 (high)
12754.0,236,3,2949.12,983.04,6479,36.0,72,2,3,5,10,235,1,0.5565891575841748,1,Medium,Japan,RFM 10-12 (mid-high)
12755.0,281,11,2611.95,237.45,1033,41.3,413,2,5,4,11,254,0,0.4412624686054568,0,Medium,Japan,RFM 10-12 (mid-high)
12756.0,87,1,112.07999999999998,112.07999999999998,144,,0,3,1,1,5,311,1,0.7429960848798683,1,High,Japan,RFM 3-6 (low)
12757.0,16,13,4205.25,323.4807692307692,2378,16.25,195,5,5,5,15,555,0,0.079529775172369,0,Low,Portugal,RFM 13-15 (high)
12758.0,117,7,9779.0,1397.0,6091,103.5,621,3,4,5,12,345,0,0.1520855437052044,0,Low,Portugal,RFM 10-12 (mid-high)
12759.0,52,8,5020.74,627.5925,3202,97.57142857142856,683,4,4,5,13,445,0,0.117063886560131,0,Low,Netherlands,RFM 13-15 (high)
12760.0,456,1,347.8,347.8,198,,0,1,1,2,4,112,1,0.842090519830271,1,High,Netherlands,RFM 3-6 (low)
12761.0,458,2,782.95,391.475,281,7.0,7,1,2,3,6,123,1,0.7221915433918629,1,High,Netherlands,RFM 3-6 (low)
12762.0,8,2,1898.52,949.26,1227,17.0,17,5,2,4,11,524,2,0.3252764936872211,0,Low,Portugal,RFM 10-12 (mid-high)
12763.0,138,2,494.08,247.04,316,230.0,230,3,2,2,7,322,1,0.5421708679221076,1,Medium,Japan,RFM 7-9 (mid-low)
12764.0,317,1,1693.88,1693.88,386,,0,2,1,4,7,214,1,0.7829876714047177,1,High,Lebanon,RFM 7-9 (mid-low)
12765.0,472,6,1404.58,234.09666666666664,1009,33.8,169,1,4,4,9,144,1,0.6638342746657544,1,Medium,Netherlands,RFM 7-9 (mid-low)
12766.0,4,9,8877.14,986.3488888888888,5003,50.375,403,5,5,5,15,555,0,0.0572977643940133,0,Low,Portugal,RFM 13-15 (high)
12767.0,376,1,949.82,949.82,598,,0,2,1,3,6,213,1,0.7325694289972379,1,High,Korea,RFM 3-6 (low)
12768.0,451,1,3.552713678800501e-15,3.552713678800501e-15,0,,0,1,1,1,3,111,1,0.8770018243122091,1,High,Korea,RFM 3-6 (low)
12769.0,239,1,1143.6,1143.6,356,,0,2,1,3,6,213,1,0.7180107545493429,1,High,Brazil,RFM 3-6 (low)
12770.0,211,2,2975.95,1487.975,1771,245.0,245,2,2,5,9,225,1,0.5062437822623559,1,Medium,Japan,RFM 7-9 (mid-low)
12771.0,486,1,262.5,262.5,100,,0,1,1,1,3,111,1,0.8336260635129018,1,High,Portugal,RFM 3-6 (low)
12772.0,60,1,892.47,892.47,556,,0,3,1,3,7,313,2,0.5177807660052562,1,Medium,Portugal,RFM 7-9 (mid-low)
12773.0,564,1,1.7763568394002505e-15,1.7763568394002505e-15,0,,0,1,1,1,3,111,1,0.8770682653353012,1,High,Portugal,RFM 3-6 (low)
12774.0,536,1,98.7,98.7,53,,0,1,1,1,3,111,1,0.9087784294138748,1,High,Netherlands,RFM 3-6 (low)
12775.0,17,7,1651.32,235.9028571428572,1059,65.33333333333333,392,5,4,4,13,544,2,0.1378765099954627,0,Low,Netherlands,RFM 13-15 (high)
12776.0,668,1,55.5,55.5,46,,0,1,1,1,3,111,1,0.9045938196971192,1,High,Portugal,RFM 3-6 (low)
12777.0,458,1,519.45,519.45,458,,0,1,1,2,4,112,1,0.750271937445105,1,High,United Kingdom,RFM 3-6 (low)
12778.0,20,9,1757.68,195.29777777777772,1734,72.875,583,4,5,4,13,454,0,0.1088794136006761,0,Low,Netherlands,RFM 13-15 (high)
12779.0,38,14,6158.6,439.9,3332,53.76923076923077,699,4,5,5,14,455,0,0.0487135769382856,0,Low,Poland,RFM 13-15 (high)
12780.0,599,1,337.4,337.4,285,,0,1,1,2,4,112,1,0.823693838887711,1,High,Netherlands,RFM 3-6 (low)
12781.0,64,2,707.72,353.86,592,221.0,221,3,2,3,8,323,2,0.4824687063354229,0,Medium,Czech Republic,RFM 7-9 (mid-low)
12782.0,5,11,4526.04,411.4581818181818,1985,51.4,514,5,5,5,15,555,0,0.0553897981192421,0,Low,Portugal,RFM 13-15 (high)
12783.0,2,6,1603.87,267.31166666666667,622,14.6,73,5,4,4,13,544,2,0.2051539695905433,0,Low,Portugal,RFM 13-15 (high)
12784.0,9,3,1763.15,587.7166666666667,862,260.0,520,5,3,4,12,534,2,0.3783517274367752,0,Low,Portugal,RFM 10-12 (mid-high)
12785.0,364,3,1079.31,359.77,447,183.0,366,2,3,3,8,233,1,0.6404992155015227,1,Medium,Portugal,RFM 7-9 (mid-low)
12786.0,610,1,728.5,728.5,324,,0,1,1,3,5,113,1,0.746112306430691,1,High,Netherlands,RFM 3-6 (low)
12787.0,10,4,859.18,214.795,509,134.33333333333334,403,5,3,3,11,533,2,0.3492612499363576,0,Low,Netherlands,RFM 10-12 (mid-high)
12788.0,463,4,444.9,111.225,194,21.666666666666668,65,1,3,2,6,132,1,0.784814023136682,1,High,Netherlands,RFM 3-6 (low)
12789.0,65,3,273.35,91.11666666666667,36,314.0,628,3,3,2,8,332,2,0.5180527074912681,1,Medium,Netherlands,RFM 7-9 (mid-low)
12790.0,192,2,563.45,281.725,300,218.0,218,2,2,2,6,222,1,0.5677412609045042,1,Medium,Netherlands,RFM 3-6 (low)
12791.0,374,6,585.15,97.525,351,50.0,250,2,4,2,8,242,1,0.7181142897872891,1,High,Netherlands,RFM 7-9 (mid-low)
12792.0,257,2,827.01,413.505,394,278.0,278,2,2,3,7,223,1,0.5674595264550838,1,Medium,Portugal,RFM 7-9 (mid-low)
12793.0,335,3,885.53,295.1766666666667,461,33.0,66,2,3,3,8,233,1,0.6666922679152827,1,Medium,Portugal,RFM 7-9 (mid-low)
12794.0,53,2,860.41,430.205,592,45.0,45,4,2,3,9,423,2,0.4214187246255803,0,Medium,Portugal,RFM 7-9 (mid-low)
12795.0,19,1,430.48,430.48,68,,0,5,1,2,8,512,2,0.4940805425455918,0,Medium,Portugal,RFM 7-9 (mid-low)
12796.0,628,1,381.0,381.0,182,,0,1,1,2,4,112,1,0.8222385944617001,1,High,Netherlands,RFM 3-6 (low)
12797.0,366,2,471.43,235.715,172,58.0,58,2,2,2,6,222,1,0.7423501573776045,1,High,Portugal,RFM 3-6 (low)
12798.0,10,4,8510.93,2127.7325,8455,137.0,411,5,3,5,13,535,0,0.2057102666884565,0,Low,Japan,RFM 13-15 (high)
12799.0,529,1,219.35,219.35,137,,0,1,1,1,3,111,1,0.8515448942830675,1,High,Japan,RFM 3-6 (low)
12800.0,470,3,584.25,194.75,284,103.0,206,1,3,2,6,132,1,0.6859429209636229,1,Medium,Portugal,RFM 3-6 (low)
12801.0,501,1,1031.87,1031.87,504,,0,1,1,3,5,113,1,0.7926228574244354,1,High,Sweden,RFM 3-6 (low)
12802.0,187,7,2350.42,335.7742857142857,1954,62.833333333333336,377,3,4,4,11,344,1,0.2311349401669772,0,Low,Netherlands,RFM 10-12 (mid-high)
12803.0,393,1,1092.81,1092.81,872,,0,2,1,3,6,213,1,0.7160118647758766,1,High,Netherlands,RFM 3-6 (low)
12804.0,466,2,325.37,162.685,270,34.0,34,1,2,2,5,122,1,0.8164861422748142,1,High,Netherlands,RFM 3-6 (low)
12805.0,382,4,1434.95,358.7375,593,97.66666666666669,293,2,3,4,9,234,1,0.5973794371130803,1,Medium,Netherlands,RFM 7-9 (mid-low)
12806.0,435,4,2878.96,719.74,2087,51.0,153,1,3,5,9,135,1,0.6744801996475593,1,Medium,Netherlands,RFM 7-9 (mid-low)
12807.0,383,1,269.95,269.95,120,,0,2,1,2,5,212,1,0.8006220432470461,1,High,Sweden,RFM 3-6 (low)
12808.0,37,5,776.7,155.34,322,106.25,425,4,4,3,11,443,2,0.3820416997656735,0,Low,Portugal,RFM 10-12 (mid-high)
12809.0,178,3,1705.34,568.4466666666666,508,234.5,469,3,3,4,10,334,1,0.5923565703445921,1,Medium,Portugal,RFM 10-12 (mid-high)
12810.0,535,2,534.99,267.495,389,142.0,142,1,2,2,5,122,1,0.6801872897177244,1,Medium,Japan,RFM 3-6 (low)
12811.0,261,5,1033.9,206.78000000000003,435,41.5,166,2,4,3,9,243,1,0.6105038753703019,1,Medium,Portugal,RFM 7-9 (mid-low)
12812.0,45,1,229.64,229.64,164,,0,4,1,1,6,411,2,0.4734612030617107,0,Medium,Japan,RFM 3-6 (low)
12813.0,502,3,1687.8,562.6,1141,95.5,191,1,3,4,8,134,1,0.6184121024984472,1,Medium,Netherlands,RFM 7-9 (mid-low)
12814.0,102,1,125.92,125.92,49,,0,3,1,1,5,311,1,0.7486669544800781,1,High,Poland,RFM 3-6 (low)
12815.0,148,2,1063.46,531.73,379,50.0,50,3,2,3,8,323,1,0.5450752245538476,1,Medium,Poland,RFM 7-9 (mid-low)
12816.0,96,2,572.2,286.1,128,80.0,80,3,2,2,7,322,1,0.4814201741191269,0,Medium,Poland,RFM 7-9 (mid-low)
12817.0,281,3,690.98,230.32666666666668,219,76.5,153,2,3,3,8,233,1,0.7206625712428483,1,High,Austria,RFM 7-9 (mid-low)
12818.0,262,1,1517.88,1517.88,923,,0,2,1,4,7,214,1,0.671680255908507,1,Medium,Austria,RFM 7-9 (mid-low)
12819.0,458,1,540.52,540.52,344,,0,1,1,2,4,112,1,0.7569724517353665,1,High,United Kingdom,RFM 3-6 (low)
12820.0,3,11,2647.94,240.72181818181812,1928,73.1,731,5,5,4,14,554,0,0.0551566248245063,0,Low,United Kingdom,RFM 13-15 (high)
12821.0,214,2,220.8,110.4,162,397.0,397,2,2,1,5,221,1,0.6607908911389707,1,Medium,United Kingdom,RFM 3-6 (low)
12822.0,71,2,918.98,459.49,548,16.0,16,3,2,3,8,323,2,0.4460951082149149,0,Medium,United Kingdom,RFM 7-9 (mid-low)
12823.0,75,18,6501.5,361.19444444444446,930,35.529411764705884,604,3,5,5,13,355,0,0.0941265862342749,0,Low,United Kingdom,RFM 13-15 (high)
12824.0,60,1,397.12,397.12,232,,0,3,1,2,6,312,2,0.5522980864463478,1,Medium,United Kingdom,RFM 3-6 (low)
12825.0,521,2,518.63,259.315,139,120.0,120,1,2,2,5,122,1,0.7553129084338184,1,High,United Kingdom,RFM 3-6 (low)
12826.0,3,12,2784.2,232.01666666666665,1910,65.27272727272727,718,5,5,4,14,554,0,0.0519075756561376,0,Low,United Kingdom,RFM 13-15 (high)
12827.0,6,3,430.15,143.38333333333335,197,19.0,38,5,3,2,10,532,2,0.4122196292922514,0,Medium,United Kingdom,RFM 10-12 (mid-high)
12828.0,3,6,1018.71,169.785,494,25.4,127,5,4,3,12,543,2,0.2989565080136565,0,Low,United Kingdom,RFM 10-12 (mid-high)
12829.0,337,3,345.35,115.11666666666667,549,106.5,213,2,3,2,7,232,1,0.7140093202140367,1,High,United Kingdom,RFM 7-9 (mid-low)
12830.0,38,6,6748.4,1124.7333333333331,9847,26.8,134,4,4,5,13,445,0,0.1611376566790801,0,Low,United Kingdom,RFM 13-15 (high)
12831.0,262,3,451.11,150.37,303,100.0,200,2,3,2,7,232,1,0.5443476462100737,1,Medium,United Kingdom,RFM 7-9 (mid-low)
12832.0,32,2,383.03,191.515,195,65.0,65,4,2,2,8,422,2,0.411250996407219,0,Medium,United Kingdom,RFM 7-9 (mid-low)
12833.0,145,1,417.38,417.38,156,,0,3,1,2,6,312,1,0.6788467117537748,1,Medium,United Kingdom,RFM 3-6 (low)
12834.0,283,1,312.38,312.38,110,,0,2,1,2,5,212,1,0.7915858720869341,1,High,United Kingdom,RFM 3-6 (low)
12835.0,428,41,5972.19,145.6631707317073,2335,7.7,308,1,5,5,11,155,0,0.7263755300501994,1,High,United Kingdom,RFM 10-12 (mid-high)
12836.0,59,15,6520.58,434.7053333333333,2227,48.5,679,4,5,5,14,455,0,0.0532850400787626,0,Low,United Kingdom,RFM 13-15 (high)
12837.0,173,2,662.66,331.33,194,396.0,396,3,2,3,8,323,1,0.6177241896207718,1,Medium,United Kingdom,RFM 7-9 (mid-low)
12838.0,34,10,2953.46,295.346,1599,62.11111111111112,559,4,5,5,14,455,0,0.0635296440507518,0,Low,United Kingdom,RFM 13-15 (high)
12839.0,3,26,9525.22,366.3546153846154,6483,29.2,730,5,5,5,15,555,0,0.0186974317754733,0,Low,United Kingdom,RFM 13-15 (high)
12840.0,144,7,4013.87,573.41,2244,88.33333333333333,530,3,4,5,12,345,2,0.2075835986123556,0,Low,United Kingdom,RFM 10-12 (mid-high)
12841.0,5,40,6808.0,170.2,4933,13.17948717948718,514,5,5,5,15,555,0,0.0260254395890825,0,Low,United Kingdom,RFM 13-15 (high)
12842.0,70,4,1917.99,479.4975,887,222.3333333333333,667,3,3,4,10,334,2,0.4077687233547272,0,Medium,United Kingdom,RFM 10-12 (mid-high)
12843.0,66,30,6340.56,211.352,2897,22.79310344827586,661,3,5,5,13,355,0,0.050623848013777,0,Low,United Kingdom,RFM 13-15 (high)
12844.0,29,4,648.6,162.15,223,188.0,564,4,3,3,10,433,2,0.4424493325087414,0,Medium,United Kingdom,RFM 10-12 (mid-high)
12845.0,267,4,354.09,88.5225,204,7.333333333333333,22,2,3,2,7,232,1,0.6990837924202059,1,Medium,United Kingdom,RFM 7-9 (mid-low)
12847.0,22,2,1609.0,804.5,1497,365.0,365,4,2,4,10,424,2,0.4483894171730093,0,Medium,United Kingdom,RFM 10-12 (mid-high)
12848.0,676,1,208.0,208.0,58,,0,1,1,1,3,111,1,0.8734235659719758,1,High,United Kingdom,RFM 3-6 (low)
12849.0,31,6,3042.47,507.0783333333333,1855,111.8,559,4,4,5,13,445,2,0.1144857338601131,0,Low,United Kingdom,RFM 13-15 (high)
12850.0,446,1,330.0,330.0,200,,0,1,1,2,4,112,1,0.8265428687924578,1,High,United Kingdom,RFM 3-6 (low)
12851.0,97,2,280.76,140.38,157,380.0,380,3,2,2,7,322,1,0.7094759513895608,1,High,United Kingdom,RFM 7-9 (mid-low)
12852.0,295,1,299.75,299.75,145,,0,2,1,2,5,212,1,0.7890756400663733,1,High,United Kingdom,RFM 3-6 (low)
12853.0,135,11,3728.5,338.95454545454544,1639,53.7,537,3,5,5,13,355,0,0.1588688452924476,0,Low,United Kingdom,RFM 13-15 (high)
12854.0,79,7,2899.32,414.1885714285714,1609,108.16666666666669,649,3,4,5,12,345,2,0.1230581707403577,0,Low,United Kingdom,RFM 10-12 (mid-high)
12855.0,373,4,612.84,153.21,240,9.666666666666666,29,2,3,3,8,233,1,0.7662146648836081,1,High,United Kingdom,RFM 7-9 (mid-low)
12856.0,8,6,2153.53,358.9216666666667,1073,11.0,55,5,4,4,13,544,2,0.155692330665221,0,Low,United Kingdom,RFM 13-15 (high)
12857.0,211,6,3684.25,614.0416666666666,1419,94.4,472,2,4,5,11,245,1,0.2650550450390288,0,Low,United Kingdom,RFM 10-12 (mid-high)
12858.0,383,1,147.27,147.27,51,,0,2,1,1,4,211,1,0.8894629486506024,1,High,United Kingdom,RFM 3-6 (low)
12859.0,459,1,575.1,575.1,292,,0,1,1,2,4,112,1,0.7604967020227967,1,High,United Kingdom,RFM 3-6 (low)
12860.0,693,1,54.22,54.22,26,,0,1,1,1,3,111,1,0.8964229463254298,1,High,United Kingdom,RFM 3-6 (low)
12861.0,620,1,68.25,68.25,27,,0,1,1,1,3,111,1,0.8898055446752866,1,High,United Kingdom,RFM 3-6 (low)
12862.0,426,2,984.62,492.31,611,69.0,69,1,2,3,6,123,1,0.7077606327797455,1,High,United Kingdom,RFM 3-6 (low)
12863.0,52,6,2775.55,462.5916666666666,893,107.4,537,4,4,4,12,444,2,0.1720535389438942,0,Low,United Kingdom,RFM 10-12 (mid-high)
12864.0,138,2,299.57,149.785,447,369.0,369,3,2,2,7,322,1,0.6272215883756975,1,Medium,United Kingdom,RFM 7-9 (mid-low)
12865.0,26,4,3303.31,825.8275,1925,150.0,450,4,3,5,12,435,2,0.2333189607497315,0,Low,Austria,RFM 10-12 (mid-high)
12866.0,283,3,1227.35,409.1166666666666,553,109.5,219,2,3,4,9,234,1,0.6301451245125967,1,Medium,Belgium,RFM 7-9 (mid-low)
12867.0,26,13,7778.66,598.3584615384615,7852,58.0,696,4,5,5,14,455,0,0.0415070841778621,0,Low,United Kingdom,RFM 13-15 (high)
12868.0,186,8,2043.76,255.47,1170,29.571428571428573,207,3,4,4,11,344,2,0.3952093427311087,0,Low,United Kingdom,RFM 10-12 (mid-high)
12869.0,682,1,337.67,337.67,144,,0,1,1,2,4,112,1,0.8367801278835459,1,High,United Kingdom,RFM 3-6 (low)
12870.0,375,3,1662.05,554.0166666666667,904,124.0,248,2,3,4,9,234,1,0.5978773023722398,1,Medium,United Kingdom,RFM 7-9 (mid-low)
12871.0,84,3,744.02,248.00666666666663,484,177.5,355,3,3,3,9,333,2,0.4936732446979034,0,Medium,United Kingdom,RFM 7-9 (mid-low)
12872.0,327,12,3276.81,273.0675,1639,37.18181818181818,409,2,5,5,12,255,0,0.4657185878330188,0,Medium,United Kingdom,RFM 10-12 (mid-high)
12873.0,282,3,2027.3,675.7666666666667,786,199.5,399,2,3,4,9,234,1,0.5918323519380615,1,Medium,United Kingdom,RFM 7-9 (mid-low)
12874.0,385,2,933.42,466.71,611,169.0,169,2,2,3,7,223,1,0.6525711506928108,1,Medium,Belgium,RFM 7-9 (mid-low)
12875.0,143,5,1356.99,271.398,5187,138.5,554,3,4,4,11,344,1,0.3294385996176154,0,Low,United Kingdom,RFM 10-12 (mid-high)
12876.0,58,4,4068.59,1017.1475,3039,177.33333333333334,532,4,3,5,12,435,2,0.2191849032228465,0,Low,Belgium,RFM 10-12 (mid-high)
12877.0,4,20,2942.14,147.107,2237,36.1578947368421,687,5,5,5,15,555,0,0.042448945021173,0,Low,United Kingdom,RFM 13-15 (high)
12878.0,236,2,841.64,420.82,536,29.0,29,2,2,3,7,223,1,0.5971913466162649,1,Medium,United Kingdom,RFM 7-9 (mid-low)
12879.0,45,3,552.5699999999999,184.19,363,23.5,47,4,3,2,9,432,2,0.3852666227341913,0,Low,United Kingdom,RFM 7-9 (mid-low)
12880.0,382,2,640.13,320.065,279,192.0,192,2,2,3,7,223,1,0.7047415362498388,1,High,United Kingdom,RFM 7-9 (mid-low)
12881.0,276,1,298.0,298.0,21,,0,2,1,2,5,212,1,0.8285521534900819,1,High,United Kingdom,RFM 3-6 (low)
12882.0,9,2,1463.04,731.52,246,24.0,24,5,2,4,11,524,2,0.3759756510810979,0,Low,United Kingdom,RFM 10-12 (mid-high)
12883.0,25,4,703.47,175.8675,196,21.33333333333333,64,4,3,3,10,433,2,0.3540807699285409,0,Low,United Kingdom,RFM 10-12 (mid-high)
12884.0,88,1,309.05,309.05,43,,0,3,1,2,6,312,1,0.6647865022657602,1,Medium,United Kingdom,RFM 3-6 (low)
12885.0,63,3,1158.27,386.09,654,30.0,60,3,3,3,9,333,2,0.3533976459391419,0,Low,United Kingdom,RFM 7-9 (mid-low)
12886.0,68,2,1351.09,675.545,761,151.0,151,3,2,4,9,324,2,0.4338684863196049,0,Medium,United Kingdom,RFM 7-9 (mid-low)
12887.0,384,1,222.4,222.4,100,,0,2,1,1,4,211,1,0.833477660474525,1,High,United Kingdom,RFM 3-6 (low)
12888.0,214,2,313.77,156.885,68,41.0,41,2,2,2,6,222,1,0.6863686625427543,1,Medium,United Kingdom,RFM 3-6 (low)
12889.0,381,4,365.66,91.415,120,40.333333333333336,121,2,3,2,7,232,1,0.7992326308672796,1,High,United Kingdom,RFM 7-9 (mid-low)
12890.0,24,2,706.02,353.01,457,363.0,363,4,2,3,9,423,2,0.5241249108148005,1,Medium,United Kingdom,RFM 7-9 (mid-low)
12891.0,186,11,819.5,74.5,2275,47.3,473,3,5,3,11,353,2,0.3029579552159986,0,Low,United Kingdom,RFM 10-12 (mid-high)
12892.0,397,1,263.38,263.38,140,,0,2,1,1,4,211,1,0.8071046325957105,1,High,United Kingdom,RFM 3-6 (low)
12893.0,31,1,176.55,176.55,90,,0,4,1,1,6,411,2,0.5682446108636627,1,Medium,United Kingdom,RFM 3-6 (low)
12894.0,575,1,157.35,157.35,33,,0,1,1,1,3,111,1,0.8870942427645252,1,High,United Kingdom,RFM 3-6 (low)
12895.0,42,2,347.3,173.65,204,44.0,44,4,2,2,8,422,2,0.4514997625148415,0,Medium,United Kingdom,RFM 7-9 (mid-low)
12897.0,205,4,514.25,128.5625,249,113.0,339,2,3,2,7,232,1,0.5151911211116026,1,Medium,United Kingdom,RFM 7-9 (mid-low)
12898.0,464,2,296.21000000000004,148.10500000000002,235,195.0,195,1,2,2,5,122,1,0.7649159873977374,1,High,United Kingdom,RFM 3-6 (low)
12899.0,414,1,366.4,366.4,108,,0,1,1,2,4,112,1,0.832770078289354,1,High,United Kingdom,RFM 3-6 (low)
12900.0,422,1,340.33,340.33,139,,0,1,1,2,4,112,1,0.8356278467473647,1,High,United Kingdom,RFM 3-6 (low)
12901.0,9,28,16293.1,581.8964285714286,20915,9.666666666666666,261,5,5,5,15,555,0,0.0859989631871435,0,Low,United Kingdom,RFM 13-15 (high)
12902.0,265,1,138.68,138.68,66,,0,2,1,1,4,211,1,0.8668342073510134,1,High,United Kingdom,RFM 3-6 (low)
12903.0,429,1,833.53,833.53,493,,0,1,1,3,5,113,1,0.7603750136217616,1,High,United Kingdom,RFM 3-6 (low)
12904.0,18,2,496.06,248.03,294,154.0,154,5,2,2,9,522,2,0.4027719510418426,0,Medium,United Kingdom,RFM 7-9 (mid-low)
12905.0,577,2,1011.82,505.91,528,105.0,105,1,2,3,6,123,1,0.7070666971060315,1,High,United Kingdom,RFM 3-6 (low)
12906.0,12,5,2919.81,583.962,1749,16.5,66,5,4,5,14,545,2,0.127648137054571,0,Low,United Kingdom,RFM 13-15 (high)
12907.0,396,2,440.36,220.18,164,98.0,98,2,2,2,6,222,1,0.7730683261647804,1,High,United Kingdom,RFM 3-6 (low)
12908.0,176,5,1272.0,254.4,1800,113.25,453,3,4,4,11,344,1,0.286209587195295,0,Low,United Kingdom,RFM 10-12 (mid-high)
12909.0,40,8,3034.77,379.34625,1932,87.71428571428571,614,4,4,5,13,445,0,0.1252765589757274,0,Low,United Kingdom,RFM 13-15 (high)
12910.0,23,13,5747.02,442.0784615384616,3602,49.833333333333336,598,4,5,5,14,455,0,0.0379642388728623,0,Low,United Kingdom,RFM 13-15 (high)
12911.0,552,1,1651.72,1651.72,807,,0,1,1,4,6,114,1,0.793134675639366,1,High,United Kingdom,RFM 3-6 (low)
12912.0,3,5,1662.3,332.46,670,9.25,37,5,4,4,13,544,2,0.1986782798682826,0,Low,United Kingdom,RFM 13-15 (high)
12913.0,5,13,6283.24,483.3261538461538,3086,61.083333333333336,733,5,5,5,15,555,0,0.0358568164599767,0,Low,United Kingdom,RFM 13-15 (high)
12914.0,401,1,223.98,223.98,336,,0,2,1,1,4,211,1,0.8386505126581608,1,High,United Kingdom,RFM 3-6 (low)
12915.0,149,4,885.2,221.3,393,146.66666666666666,440,3,3,3,9,333,1,0.4330464811733535,0,Medium,United Kingdom,RFM 7-9 (mid-low)
12916.0,139,7,4455.93,636.5614285714286,1673,90.83333333333331,545,3,4,5,12,345,0,0.1984233119408718,0,Low,United Kingdom,RFM 10-12 (mid-high)
12917.0,128,6,4329.5,721.5833333333334,1098,120.4,602,3,4,5,12,345,2,0.2059581786165196,0,Low,United Kingdom,RFM 10-12 (mid-high)
12918.0,626,1,-10953.5,-10953.5,-1,,0,1,1,1,3,111,1,0.8634354840390626,1,High,United Kingdom,RFM 3-6 (low)
12919.0,8,6,1301.44,216.90666666666667,668,32.2,161,5,4,4,13,544,2,0.1878873372434641,0,Low,United Kingdom,RFM 13-15 (high)
12920.0,17,4,486.64,121.66,420,235.66666666666663,707,5,3,2,10,532,2,0.4610043983660726,0,Medium,United Kingdom,RFM 10-12 (mid-high)
12921.0,9,74,33951.65,458.8060810810811,20893,9.986301369863014,729,5,5,5,15,555,3,0.0219418360022083,0,Low,United Kingdom,RFM 13-15 (high)
12922.0,161,1,405.38,405.38,370,,0,3,1,2,6,312,1,0.6632735753323287,1,Medium,United Kingdom,RFM 3-6 (low)
12923.0,64,3,770.42,256.8066666666667,230,255.5,511,3,3,3,9,333,2,0.5249840539034953,1,Medium,United Kingdom,RFM 7-9 (mid-low)
12924.0,88,12,2423.15,201.92916666666667,1412,58.36363636363637,642,3,5,4,12,354,0,0.0930093851435124,0,Low,United Kingdom,RFM 10-12 (mid-high)
12925.0,5,3,729.3299999999999,243.11,649,294.0,588,5,3,3,11,533,2,0.4488720356387271,0,Medium,United Kingdom,RFM 10-12 (mid-high)
12926.0,411,4,1523.97,380.9925,754,104.66666666666669,314,1,3,4,8,134,1,0.586147713606362,1,Medium,United Kingdom,RFM 7-9 (mid-low)
12927.0,395,1,197.31,197.31,145,,0,2,1,1,4,211,1,0.8314646948594187,1,High,United Kingdom,RFM 3-6 (low)
12928.0,35,12,4304.89,358.74083333333334,2899,46.72727272727273,514,4,5,5,14,455,0,0.0624055121785196,0,Low,United Kingdom,RFM 13-15 (high)
12929.0,312,1,105.1,105.1,36,,0,2,1,1,4,211,1,0.8931584961880127,1,High,United Kingdom,RFM 3-6 (low)
12930.0,78,2,409.9,204.95,250,93.0,93,3,2,2,7,322,2,0.5039757850058952,1,Medium,United Kingdom,RFM 7-9 (mid-low)
12931.0,22,57,71299.67,1250.871403508772,48345,12.803571428571429,717,4,5,5,14,455,3,0.0286597395800291,0,Low,United Kingdom,RFM 13-15 (high)
12932.0,539,8,1698.56,212.32,1609,18.285714285714285,128,1,4,4,9,144,1,0.7309627904127949,1,High,United Kingdom,RFM 7-9 (mid-low)
12933.0,24,8,1576.88,197.11,894,100.57142857142856,704,4,4,4,12,444,2,0.2525268399848635,0,Low,United Kingdom,RFM 10-12 (mid-high)
12934.0,737,1,181.65,181.65,31,,0,1,1,1,3,111,1,0.873179838639006,1,High,United Kingdom,RFM 3-6 (low)
12935.0,2,15,4182.01,278.8006666666667,3170,43.21428571428572,605,5,5,5,15,555,0,0.0324342197506669,0,Low,United Kingdom,RFM 13-15 (high)
12936.0,17,4,1012.9,253.225,539,20.33333333333333,61,5,3,3,11,533,2,0.2877897446125059,0,Low,United Kingdom,RFM 10-12 (mid-high)
12937.0,15,9,3097.61,344.1788888888889,1983,90.0,720,5,5,5,15,555,0,0.099516211390689,0,Low,United Kingdom,RFM 13-15 (high)
12938.0,26,1,114.14,114.14,140,,0,4,1,1,6,411,2,0.6627966198091231,1,Medium,United Kingdom,RFM 3-6 (low)
12939.0,64,20,25264.8,1263.24,10328,33.26315789473684,632,3,5,5,13,355,3,0.0499394164412898,0,Low,United Kingdom,RFM 13-15 (high)
12940.0,55,2,862.44,431.22,399,33.0,33,4,2,3,9,423,2,0.4218525027567144,0,Medium,United Kingdom,RFM 7-9 (mid-low)
12941.0,724,1,377.49,377.49,381,,0,1,1,2,4,112,1,0.8303512299321963,1,High,United Kingdom,RFM 3-6 (low)
12942.0,131,3,675.6,225.2,198,117.0,234,3,3,3,9,333,1,0.5085241596965347,1,Medium,United Kingdom,RFM 7-9 (mid-low)
12943.0,558,2,489.0,244.5,220,47.0,47,1,2,2,5,122,1,0.7643130845287627,1,High,United Kingdom,RFM 3-6 (low)
12944.0,36,2,604.51,302.255,289,319.0,319,4,2,3,9,423,2,0.5005296536392049,1,Medium,United Kingdom,RFM 7-9 (mid-low)
12945.0,288,2,900.11,450.055,446,367.0,367,2,2,3,7,223,1,0.6547237954731202,1,Medium,United Kingdom,RFM 7-9 (mid-low)
12946.0,437,1,324.45,324.45,149,,0,1,1,2,4,112,1,0.8113705256045924,1,High,United Kingdom,RFM 3-6 (low)
12947.0,144,6,1407.29,234.5483333333333,1157,45.8,229,3,4,4,11,344,2,0.3502361952864765,0,Low,United Kingdom,RFM 10-12 (mid-high)
12948.0,16,9,2306.18,256.2422222222222,1301,90.125,721,5,5,4,14,554,0,0.1191971926725223,0,Low,United Kingdom,RFM 13-15 (high)
12949.0,31,22,15391.0,699.5909090909091,8197,33.57142857142857,705,4,5,5,14,455,0,0.0261033331059671,0,Low,United Kingdom,RFM 13-15 (high)
12950.0,2,3,1843.0,614.3333333333334,1380,10.5,21,5,3,4,12,534,2,0.2609244655385092,0,Low,United Kingdom,RFM 10-12 (mid-high)
12951.0,9,15,3164.42,210.96133333333333,1650,49.21428571428572,689,5,5,5,15,555,0,0.0437797341474864,0,Low,United Kingdom,RFM 13-15 (high)
12952.0,6,4,1382.84,345.71000000000004,652,24.0,72,5,3,4,12,534,2,0.2121540612098063,0,Low,United Kingdom,RFM 10-12 (mid-high)
12953.0,10,2,828.8100000000001,414.405,364,512.0,512,5,2,3,10,523,2,0.5828775542781814,1,Medium,United Kingdom,RFM 10-12 (mid-high)
12954.0,639,1,162.45,162.45,83,,0,1,1,1,3,111,1,0.8916716213018553,1,High,United Kingdom,RFM 3-6 (low)
12955.0,1,11,4734.26,430.3872727272728,3642,26.6,266,5,5,5,15,555,0,0.0727832704863083,0,Low,United Kingdom,RFM 13-15 (high)
12956.0,306,4,521.89,130.4725,340,139.0,417,2,3,2,7,232,1,0.6109405337046152,1,Medium,United Kingdom,RFM 7-9 (mid-low)
12957.0,10,13,8628.42,663.7246153846154,4661,59.833333333333336,718,5,5,5,15,555,0,0.0359250608147088,0,Low,United Kingdom,RFM 13-15 (high)
12958.0,400,2,467.34,233.67,118,182.0,182,2,2,2,6,222,1,0.7118751643037148,1,High,United Kingdom,RFM 3-6 (low)
12959.0,484,1,133.35,133.35,108,,0,1,1,1,3,111,1,0.8780579146169125,1,High,United Kingdom,RFM 3-6 (low)
12960.0,414,4,1322.07,330.5175,1379,82.33333333333333,247,1,3,4,8,134,1,0.6111382519935733,1,Medium,United Kingdom,RFM 7-9 (mid-low)
12961.0,379,1,211.99,211.99,180,,0,2,1,1,4,211,1,0.8386148949644168,1,High,United Kingdom,RFM 3-6 (low)
12962.0,7,2,266.39,133.195,129,106.0,106,5,2,1,8,521,2,0.4643239729124119,0,Medium,United Kingdom,RFM 7-9 (mid-low)
12963.0,8,12,3146.99,262.24916666666667,1605,46.36363636363637,510,5,5,5,15,555,0,0.0618160008748292,0,Low,United Kingdom,RFM 13-15 (high)
12964.0,437,1,132.24,132.24,56,,0,1,1,1,3,111,1,0.8852663492835312,1,High,United Kingdom,RFM 3-6 (low)
12965.0,89,1,769.8100000000001,769.8100000000001,282,,0,3,1,3,7,313,1,0.6179286196280908,1,Medium,United Kingdom,RFM 7-9 (mid-low)
12966.0,10,1,160.18,160.18,75,,0,5,1,1,7,511,2,0.5789405257649275,1,Medium,United Kingdom,RFM 7-9 (mid-low)
12967.0,358,3,2472.37,824.1233333333333,717,12.5,25,2,3,4,9,234,1,0.6714476791904391,1,Medium,United Kingdom,RFM 7-9 (mid-low)
12968.0,112,1,135.95,135.95,73,,0,3,1,1,5,311,1,0.7670252389188277,1,High,United Kingdom,RFM 3-6 (low)
12969.0,603,1,122.45,122.45,55,,0,1,1,1,3,111,1,0.9030887566956904,1,High,United Kingdom,RFM 3-6 (low)
12970.0,7,10,1453.6,145.36,954,80.88888888888889,728,5,5,4,14,554,0,0.2152478125827324,0,Low,United Kingdom,RFM 13-15 (high)
12971.0,4,116,15214.55,131.15991379310347,12780,6.260869565217392,720,5,5,5,15,555,3,0.0344421067914534,0,Low,United Kingdom,RFM 13-15 (high)
12972.0,414,4,1115.95,278.9875,829,82.33333333333333,247,1,3,3,7,133,1,0.6457794256824233,1,Medium,United Kingdom,RFM 7-9 (mid-low)
12973.0,414,1,385.55,385.55,31,,0,1,1,2,4,112,1,0.8460342770710101,1,High,United Kingdom,RFM 3-6 (low)
12974.0,198,2,408.95,204.475,104,367.0,367,2,2,2,6,222,1,0.6569683625240544,1,Medium,United Kingdom,RFM 3-6 (low)
12975.0,437,6,1993.99,332.33166666666665,903,59.2,296,1,4,4,9,144,1,0.564239687171591,1,Medium,United Kingdom,RFM 7-9 (mid-low)
12976.0,212,8,3156.38,394.5475,2684,64.71428571428571,453,2,4,5,11,245,1,0.2600985105483511,0,Low,United Kingdom,RFM 10-12 (mid-high)
12977.0,156,4,513.88,128.47,128,118.33333333333331,355,3,3,2,8,332,1,0.5251127588028662,1,Medium,United Kingdom,RFM 7-9 (mid-low)
12978.0,385,5,2496.07,499.21400000000006,1393,86.0,344,2,4,4,10,244,1,0.4600821244946397,0,Medium,United Kingdom,RFM 10-12 (mid-high)
12979.0,729,1,479.54,479.54,484,,0,1,1,2,4,112,1,0.770547102342543,1,High,United Arab Emirates,RFM 3-6 (low)
12980.0,158,21,15909.39,757.59,1883,28.95,579,3,5,5,13,355,0,0.2065052470098105,0,Low,United Kingdom,RFM 13-15 (high)
12981.0,30,2,372.22,186.11,242,103.0,103,4,2,2,8,422,2,0.4297612626280094,0,Medium,United Kingdom,RFM 7-9 (mid-low)
12982.0,243,8,2562.12,320.265,1665,51.85714285714285,363,2,4,4,10,244,1,0.3942587264300766,0,Low,United Kingdom,RFM 10-12 (mid-high)
12983.0,598,1,490.08,490.08,638,,0,1,1,2,4,112,1,0.7563916546443751,1,High,United Kingdom,RFM 3-6 (low)
12984.0,19,1,97.5,97.5,26,,0,5,1,1,7,511,2,0.6727265060798565,1,Medium,United Kingdom,RFM 7-9 (mid-low)
12985.0,1,2,1215.62,607.8100000000001,1413,27.0,27,5,2,4,11,524,2,0.2808694593004446,0,Low,United Kingdom,RFM 10-12 (mid-high)
12986.0,429,10,1998.34,199.834,882,28.77777777777778,259,1,5,4,10,154,1,0.6370560344733501,1,Medium,United Kingdom,RFM 10-12 (mid-high)
12987.0,74,5,1298.51,259.702,583,153.75,615,3,4,4,11,344,2,0.3942011132803906,0,Low,United Kingdom,RFM 10-12 (mid-high)
12988.0,292,1,505.82,505.82,126,,0,2,1,2,5,212,1,0.7334993229475515,1,High,United Kingdom,RFM 3-6 (low)
12989.0,3,33,12846.8,389.29696969696965,6764,22.6875,726,5,5,5,15,555,0,0.0184178711872781,0,Low,United Kingdom,RFM 13-15 (high)
12990.0,31,7,955.5,136.5,480,98.0,588,4,4,3,11,443,2,0.4071333253935003,0,Medium,United Kingdom,RFM 10-12 (mid-high)
12991.0,23,3,764.82,254.94000000000003,483,183.0,366,4,3,3,10,433,2,0.4617689652148521,0,Medium,United Kingdom,RFM 10-12 (mid-high)
12992.0,725,1,93.35,93.35,21,,0,1,1,1,3,111,1,0.898730049248535,1,High,United Kingdom,RFM 3-6 (low)
12993.0,23,8,1191.26,148.9075,648,90.85714285714286,636,4,4,4,12,444,2,0.3997120172151568,0,Low,United Kingdom,RFM 10-12 (mid-high)
12994.0,4,3,902.22,300.74,440,132.0,264,5,3,3,11,533,2,0.3747397011710951,0,Low,United Kingdom,RFM 10-12 (mid-high)
12995.0,85,1,200.72,200.72,98,,0,3,1,1,5,311,1,0.6061851305002679,1,Medium,United Kingdom,RFM 3-6 (low)
12996.0,376,1,355.5,355.5,122,,0,2,1,2,5,212,1,0.8142440250001453,1,High,United Kingdom,RFM 3-6 (low)
12997.0,22,8,2065.11,258.13875,1163,84.28571428571429,590,4,4,4,12,444,0,0.1702473694377591,0,Low,United Kingdom,RFM 10-12 (mid-high)
12998.0,493,3,897.38,299.12666666666667,1102,80.0,160,1,3,3,7,133,1,0.692264722834641,1,Medium,United Kingdom,RFM 7-9 (mid-low)
12999.0,196,3,455.88,151.96,342,24.5,49,2,3,2,7,232,1,0.5617486048631176,1,Medium,United Kingdom,RFM 7-9 (mid-low)
13000.0,107,4,965.0,241.25,538,206.0,618,3,3,3,9,333,2,0.468482377549951,0,Medium,United Kingdom,RFM 7-9 (mid-low)
13001.0,4,33,24006.6,727.4727272727273,13427,22.84375,731,5,5,5,15,555,3,0.022387405618532,0,Low,United Kingdom,RFM 13-15 (high)
13002.0,318,3,414.13,138.04333333333332,201,58.0,116,2,3,2,7,232,1,0.7520934675222023,1,High,United Kingdom,RFM 7-9 (mid-low)
13003.0,106,3,149.05,49.68333333333334,103,54.5,109,3,3,1,7,331,1,0.5962334703383138,1,Medium,United Kingdom,RFM 7-9 (mid-low)
13004.0,12,36,11143.99,309.55527777777775,8442,20.37142857142857,713,5,5,5,15,555,0,0.0196167142589546,0,Low,United Kingdom,RFM 13-15 (high)
13005.0,174,4,935.03,233.7575,455,94.33333333333331,283,3,3,3,9,333,1,0.4598832026002622,0,Medium,United Kingdom,RFM 7-9 (mid-low)
13006.0,56,1,81.57,81.57,55,,0,4,1,1,6,411,2,0.7483296416005486,1,High,United Kingdom,RFM 3-6 (low)
13007.0,580,1,175.25,175.25,59,,0,1,1,1,3,111,1,0.9052585388822249,1,High,United Kingdom,RFM 3-6 (low)
13008.0,323,3,543.28,181.09333333333333,312,199.5,399,2,3,2,7,232,1,0.6601860540207592,1,Medium,United Kingdom,RFM 7-9 (mid-low)
13009.0,673,1,234.0,234.0,120,,0,1,1,1,3,111,1,0.8448544585429134,1,High,United Kingdom,RFM 3-6 (low)
13010.0,374,2,330.12,165.06,323,274.0,274,2,2,2,6,222,1,0.6983370906170805,1,Medium,United Kingdom,RFM 3-6 (low)
13011.0,372,1,50.55,50.55,13,,0,2,1,1,4,211,1,0.8910245751337679,1,High,United Kingdom,RFM 3-6 (low)
13012.0,9,11,2576.1800000000003,234.19818181818184,1389,58.2,582,5,5,4,14,554,0,0.0556160722966346,0,Low,United Kingdom,RFM 13-15 (high)
13013.0,1,29,11073.48,381.8441379310345,5654,25.857142857142858,724,5,5,5,15,555,0,0.0186018716641801,0,Low,United Kingdom,RFM 13-15 (high)
13014.0,11,11,5220.83,474.6209090909091,1950,42.2,422,5,5,5,15,555,0,0.0654291229518984,0,Low,United Kingdom,RFM 13-15 (high)
13015.0,53,11,6459.08,587.1890909090909,3455,54.9,549,4,5,5,14,455,0,0.0557128997197516,0,Low,United Kingdom,RFM 13-15 (high)
13016.0,73,3,789.89,263.2966666666667,527,24.5,49,3,3,3,9,333,2,0.388053549960132,0,Low,United Kingdom,RFM 7-9 (mid-low)
13017.0,7,1,204.0,204.0,48,,0,5,1,1,7,511,2,0.4914544772797838,0,Medium,United Kingdom,RFM 7-9 (mid-low)
13018.0,16,35,9742.81,278.366,6741,18.58823529411765,632,5,5,5,15,555,0,0.0210335977302196,0,Low,United Kingdom,RFM 13-15 (high)
13019.0,379,6,1212.95,202.15833333333333,395,70.6,353,2,4,4,10,244,1,0.6099191428231668,1,Medium,United Kingdom,RFM 10-12 (mid-high)
13020.0,563,2,606.96,303.48,271,97.0,97,1,2,3,6,123,1,0.7381051499874544,1,High,United Kingdom,RFM 3-6 (low)
13021.0,4,17,4806.66,282.74470588235295,2520,45.625,730,5,5,5,15,555,0,0.0365324794472839,0,Low,United Kingdom,RFM 13-15 (high)
13022.0,430,1,65.3,65.3,35,,0,1,1,1,3,111,1,0.8857031731821207,1,High,Belgium,RFM 3-6 (low)
13023.0,64,3,1449.03,483.01,585,232.0,464,3,3,4,10,334,2,0.5826681266030241,1,Medium,United Kingdom,RFM 10-12 (mid-high)
13024.0,471,2,535.42,267.71,174,111.0,111,1,2,2,5,122,1,0.7482315160809634,1,High,United Kingdom,RFM 3-6 (low)
13025.0,732,1,323.39,323.39,241,,0,1,1,2,4,112,1,0.82400862451825,1,High,United Kingdom,RFM 3-6 (low)
13026.0,1,9,1690.12,187.7911111111111,2431,90.625,725,5,5,4,14,554,0,0.151358629713333,0,Low,United Kingdom,RFM 13-15 (high)
13027.0,114,19,17052.0,897.4736842105264,42597,31.88888888888889,574,3,5,5,13,355,0,0.1272378998850221,0,Low,United Kingdom,RFM 13-15 (high)
13028.0,23,2,659.68,329.84,796,22.0,22,4,2,3,9,423,2,0.300719393248688,0,Low,United Kingdom,RFM 7-9 (mid-low)
13029.0,31,5,1927.3,385.46,194,123.0,492,4,4,4,12,444,2,0.3314755901532923,0,Low,United Kingdom,RFM 10-12 (mid-high)
13030.0,11,2,752.4399999999999,376.22,348,356.0,356,5,2,3,10,523,2,0.5134054915789057,1,Medium,United Kingdom,RFM 10-12 (mid-high)
13031.0,407,5,3292.84,658.568,2309,36.75,147,2,4,5,11,245,1,0.642652784882743,1,Medium,United Kingdom,RFM 10-12 (mid-high)
13032.0,52,9,2790.0,310.0,1262,51.0,408,4,5,4,13,454,0,0.0842716483663601,0,Low,United Kingdom,RFM 13-15 (high)
13033.0,357,2,220.55,110.275,98,72.0,72,2,2,1,5,221,1,0.785729792663867,1,High,United Kingdom,RFM 3-6 (low)
13034.0,55,3,756.82,252.2733333333333,406,173.0,346,4,3,3,10,433,2,0.4688224202077545,0,Medium,United Kingdom,RFM 10-12 (mid-high)
13035.0,74,3,1328.95,442.98333333333335,909,178.5,357,3,3,4,10,334,2,0.4779436517945694,0,Medium,United Kingdom,RFM 10-12 (mid-high)
13036.0,685,1,307.1,307.1,38,,0,1,1,2,4,112,1,0.8594944985972875,1,High,United Kingdom,RFM 3-6 (low)
13037.0,138,12,3842.55,320.21250000000003,2105,54.27272727272727,597,3,5,5,13,355,0,0.186563804511738,0,Low,United Kingdom,RFM 13-15 (high)
13038.0,80,3,908.46,302.82,360,105.0,210,3,3,3,9,333,2,0.441462772087057,0,Medium,United Kingdom,RFM 7-9 (mid-low)
13039.0,584,4,1010.73,252.6825,290,46.0,138,1,3,3,7,133,1,0.698855265545417,1,Medium,United Kingdom,RFM 7-9 (mid-low)
13040.0,9,2,676.99,338.495,355,24.0,24,5,2,3,10,523,2,0.3314467077802302,0,Low,United Kingdom,RFM 10-12 (mid-high)
13041.0,451,4,799.13,199.7825,335,46.333333333333336,139,1,3,3,7,133,1,0.7011683155921614,1,High,United Kingdom,RFM 7-9 (mid-low)
13042.0,598,3,1454.84,484.94666666666666,807,66.5,133,1,3,4,8,134,1,0.6769648193541896,1,Medium,United Kingdom,RFM 7-9 (mid-low)
13043.0,273,1,471.57,471.57,251,,0,2,1,2,5,212,1,0.7305980764163096,1,High,United Kingdom,RFM 3-6 (low)
13044.0,291,11,4818.35,438.0318181818182,2546,40.9,409,2,5,5,12,255,0,0.4186841333676077,0,Medium,United Kingdom,RFM 10-12 (mid-high)
13045.0,99,3,808.92,269.64,405,193.5,387,3,3,3,9,333,2,0.5194008055467898,1,Medium,United Kingdom,RFM 7-9 (mid-low)
13046.0,31,3,949.25,316.4166666666667,505,212.5,425,4,3,3,10,433,2,0.483585978916747,0,Medium,United Kingdom,RFM 10-12 (mid-high)
13047.0,32,24,8100.09,337.50375,3275,30.08695652173913,692,4,5,5,14,455,0,0.0241409753346072,0,Low,United Kingdom,RFM 13-15 (high)
13048.0,14,9,4000.08,444.4533333333333,2648,83.375,667,5,5,5,15,555,0,0.0818927449012207,0,Low,United Kingdom,RFM 13-15 (high)
13049.0,64,4,1384.14,346.035,606,112.0,336,3,3,4,10,334,2,0.3606640010990535,0,Low,United Kingdom,RFM 10-12 (mid-high)
13050.0,15,35,11464.43,327.55514285714287,6937,20.852941176470587,709,5,5,5,15,555,0,0.0198571033427356,0,Low,United Kingdom,RFM 13-15 (high)
13051.0,579,2,155.8,77.9,72,40.0,40,1,2,1,4,121,1,0.8390003587784136,1,High,United Kingdom,RFM 3-6 (low)
13052.0,212,7,3119.33,445.6185714285714,1424,73.66666666666667,442,2,4,5,11,245,1,0.2601384809494338,0,Low,United Kingdom,RFM 10-12 (mid-high)
13053.0,622,1,127.65,127.65,47,,0,1,1,1,3,111,1,0.9014065140673772,1,High,United Kingdom,RFM 3-6 (low)
13055.0,78,4,2292.51,573.1274999999999,1805,117.0,351,3,3,4,10,334,2,0.2895244611539906,0,Low,United Kingdom,RFM 10-12 (mid-high)
13056.0,551,1,209.48,209.48,158,,0,1,1,1,3,111,1,0.8526535133675476,1,High,United Kingdom,RFM 3-6 (low)
13057.0,530,3,528.24,176.08,443,50.5,101,1,3,2,6,132,1,0.6997801399403787,1,Medium,United Kingdom,RFM 3-6 (low)
13058.0,25,3,271.40000000000003,90.46666666666668,52,63.5,127,4,3,2,9,432,2,0.4805202704097334,0,Medium,United Kingdom,RFM 7-9 (mid-low)
13059.0,250,10,2261.2200000000003,226.122,855,40.888888888888886,368,2,5,4,11,254,1,0.4247089000426226,0,Medium,United Kingdom,RFM 10-12 (mid-high)
13060.0,254,1,307.53,307.53,123,,0,2,1,2,5,212,1,0.7277031395476778,1,High,United Kingdom,RFM 3-6 (low)
13061.0,72,1,248.61,248.61,107,,0,3,1,1,5,311,1,0.5758928619835572,1,Medium,United Kingdom,RFM 3-6 (low)
13062.0,191,1,346.98,346.98,343,,0,2,1,2,5,212,1,0.7122122324262739,1,High,United Kingdom,RFM 3-6 (low)
13063.0,481,1,188.4,188.4,116,,0,1,1,1,3,111,1,0.8553084026725406,1,High,United Kingdom,RFM 3-6 (low)
13064.0,13,6,1666.84,277.8066666666667,668,115.8,579,5,4,4,13,544,2,0.2558089153254849,0,Low,United Kingdom,RFM 13-15 (high)
13065.0,373,5,1050.1,210.02000000000004,380,43.5,174,2,4,3,9,243,1,0.6729267682092334,1,Medium,United Kingdom,RFM 7-9 (mid-low)
13066.0,24,2,430.9,215.45,320,7.0,7,4,2,2,8,422,2,0.3626919599489007,0,Low,United Kingdom,RFM 7-9 (mid-low)
13067.0,82,3,508.51,169.50333333333333,131,181.5,363,3,3,2,8,332,2,0.5365892774627361,1,Medium,United Kingdom,RFM 7-9 (mid-low)
13068.0,10,2,344.0,172.0,200,309.0,309,5,2,2,9,522,2,0.5591445941271934,1,Medium,United Kingdom,RFM 7-9 (mid-low)
13069.0,1,38,8348.79,219.705,14463,14.64864864864865,542,5,5,5,15,555,0,0.0191101805159443,0,Low,United Kingdom,RFM 13-15 (high)
13070.0,192,4,743.9,185.975,368,179.66666666666666,539,2,3,3,8,233,1,0.5122802525352576,1,Medium,United Kingdom,RFM 7-9 (mid-low)
13071.0,612,1,129.22,129.22,30,,0,1,1,1,3,111,1,0.8957788330341256,1,High,United Kingdom,RFM 3-6 (low)
13072.0,267,1,177.15,177.15,69,,0,2,1,1,4,211,1,0.9001361929844733,1,High,United Kingdom,RFM 3-6 (low)
13073.0,411,2,418.08,209.04,261,26.0,26,1,2,2,5,122,1,0.790461735289376,1,High,United Kingdom,RFM 3-6 (low)
13074.0,511,4,1362.84,340.71000000000004,824,70.66666666666667,212,1,3,4,8,134,1,0.6377845161312264,1,Medium,United Kingdom,RFM 7-9 (mid-low)
13075.0,130,1,919.61,919.61,485,,0,3,1,3,7,313,1,0.6745886113651022,1,Medium,United Kingdom,RFM 7-9 (mid-low)
13076.0,458,1,135.4,135.4,44,,0,1,1,1,3,111,1,0.8974218988642394,1,High,United Kingdom,RFM 3-6 (low)
13077.0,1,11,2716.15,246.9227272727273,2407,72.7,727,5,5,4,14,554,0,0.0544329099632804,0,Low,United Kingdom,RFM 13-15 (high)
13078.0,3,57,28369.44,497.7094736842106,11872,13.125,735,5,5,5,15,555,3,0.0220228673218765,0,Low,United Kingdom,RFM 13-15 (high)
13079.0,4,6,419.18,69.86333333333333,158,82.6,413,5,4,2,11,542,2,0.4633305730376615,0,Medium,United Kingdom,RFM 10-12 (mid-high)
13080.0,179,4,260.83,65.2075,191,143.33333333333334,430,3,3,1,7,331,1,0.464446041119977,0,Medium,United Kingdom,RFM 7-9 (mid-low)
13081.0,12,28,55961.37,1998.6203571428573,39806,26.62962962962963,719,5,5,5,15,555,3,0.0272159177991313,0,Low,United Kingdom,RFM 13-15 (high)
13082.0,126,21,7268.92,346.13904761904763,8413,29.55,591,3,5,5,13,355,0,0.1669336845515815,0,Low,United Kingdom,RFM 13-15 (high)
13083.0,4,3,395.43,131.81,307,210.5,421,5,3,2,10,532,2,0.5460908056993506,1,Medium,United Kingdom,RFM 10-12 (mid-high)
13084.0,492,1,116.45,116.45,137,,0,1,1,1,3,111,1,0.884683126964793,1,High,United Kingdom,RFM 3-6 (low)
13085.0,158,8,1459.46,182.4325,835,83.0,581,3,4,4,11,344,2,0.2985266958664031,0,Low,United Kingdom,RFM 10-12 (mid-high)
13086.0,383,1,439.33,439.33,155,,0,2,1,2,5,212,1,0.7544982936476528,1,High,United Kingdom,RFM 3-6 (low)
13087.0,726,1,313.64,313.64,86,,0,1,1,2,4,112,1,0.8374204311948151,1,High,United Kingdom,RFM 3-6 (low)
13088.0,417,1,236.11,236.11,76,,0,1,1,1,3,111,1,0.8717615423580818,1,High,United Kingdom,RFM 3-6 (low)
13089.0,3,203,109893.24,541.3460098522168,57946,3.633663366336634,734,5,5,5,15,555,3,0.0260121625900446,0,Low,United Kingdom,RFM 13-15 (high)
13090.0,9,24,12759.93,531.66375,3165,21.08695652173913,485,5,5,5,15,555,0,0.0335967090751214,0,Low,United Kingdom,RFM 13-15 (high)
13091.0,28,3,-130.21999999999997,-43.40666666666666,-1085,350.5,701,4,3,1,8,431,2,0.4570535323872797,0,Medium,United Kingdom,RFM 7-9 (mid-low)
13092.0,71,12,2007.33,167.2775,601,54.27272727272727,597,3,5,4,12,354,0,0.2339079398483501,0,Low,United Kingdom,RFM 10-12 (mid-high)
13093.0,276,55,53274.33,968.6241818181818,25799,8.518518518518519,460,2,5,5,12,255,3,0.5307855500968038,1,Medium,United Kingdom,RFM 10-12 (mid-high)
13094.0,21,13,1990.98,153.15230769230772,1722,30.58333333333333,367,4,5,4,13,454,0,0.0881563115137666,0,Low,United Kingdom,RFM 13-15 (high)
13095.0,71,1,74.39999999999999,74.39999999999999,144,,0,3,1,1,5,311,1,0.7325146004342231,1,High,United Kingdom,RFM 3-6 (low)
13096.0,394,1,419.7000000000001,419.7000000000001,6,,0,2,1,2,5,212,1,0.7451437520269215,1,High,United Kingdom,RFM 3-6 (low)
13097.0,33,28,12796.61,457.0217857142857,5299,26.11111111111111,705,4,5,5,14,455,0,0.0248724407588373,0,Low,United Kingdom,RFM 13-15 (high)
13098.0,1,28,28658.88,1023.5314285714286,15911,11.703703703703704,316,5,5,5,15,555,3,0.0623099055063258,0,Low,United Kingdom,RFM 13-15 (high)
13099.0,99,1,207.36,207.36,288,,0,3,1,1,5,311,1,0.6074331284802282,1,Medium,United Kingdom,RFM 3-6 (low)
13101.0,234,4,695.4,173.85,478,148.66666666666666,446,2,3,3,8,233,1,0.4929306199327262,0,Medium,United Kingdom,RFM 7-9 (mid-low)
13102.0,1,37,11123.3,300.6297297297297,6300,16.11111111111111,580,5,5,5,15,555,0,0.0183735615942184,0,Low,United Kingdom,RFM 13-15 (high)
13103.0,40,3,709.64,236.54666666666665,426,268.5,537,4,3,3,10,433,2,0.487730256838139,0,Medium,United Kingdom,RFM 10-12 (mid-high)
13104.0,3,9,1709.1,189.9,834,81.125,649,5,5,4,14,554,0,0.1894963002694018,0,Low,United Kingdom,RFM 13-15 (high)
13105.0,436,1,72.0,72.0,100,,0,1,1,1,3,111,1,0.8647407360207869,1,High,United Kingdom,RFM 3-6 (low)
13106.0,133,2,586.46,293.23,227,280.0,280,3,2,2,7,322,1,0.5727569724332695,1,Medium,United Kingdom,RFM 7-9 (mid-low)
13107.0,44,9,5109.62,567.7355555555555,4255,78.625,629,4,5,5,14,455,0,0.0826412429354326,0,Low,United Kingdom,RFM 13-15 (high)
13108.0,373,2,748.46,374.23,745,62.0,62,2,2,3,7,223,1,0.6754919774798813,1,Medium,United Kingdom,RFM 7-9 (mid-low)
13109.0,60,3,1107.58,369.1933333333333,750,245.5,491,3,3,3,9,333,2,0.4505859704394898,0,Medium,United Kingdom,RFM 7-9 (mid-low)
13110.0,31,12,2896.17,241.3475,757,64.27272727272727,707,4,5,5,14,455,0,0.1276526163055388,0,Low,United Kingdom,RFM 13-15 (high)
13111.0,719,1,321.88000000000005,321.88000000000005,180,,0,1,1,2,4,112,1,0.8200049962021566,1,High,United Kingdom,RFM 3-6 (low)
13112.0,541,1,-5.44,-5.44,-1,,0,1,1,1,3,111,1,0.8716032281008107,1,High,United Kingdom,RFM 3-6 (low)
13113.0,1,37,16236.44,438.8227027027027,3941,17.22222222222222,620,5,5,5,15,555,3,0.0199226662197006,0,Low,United Kingdom,RFM 13-15 (high)
13114.0,731,1,234.38,234.38,74,,0,1,1,1,3,111,1,0.868103725005549,1,High,United Kingdom,RFM 3-6 (low)
13115.0,12,10,5379.45,537.9449999999999,3897,65.22222222222223,587,5,5,5,15,555,0,0.0520397055337159,0,Low,United Kingdom,RFM 13-15 (high)
13116.0,138,1,485.19,485.19,290,,0,3,1,2,6,312,1,0.6725864435048223,1,Medium,United Kingdom,RFM 3-6 (low)
13117.0,22,18,2253.96,125.22,1850,35.35294117647059,601,4,5,4,13,454,0,0.0975981783500407,0,Low,United Kingdom,RFM 13-15 (high)
13118.0,20,9,2334.1,259.34444444444443,811,52.375,419,4,5,4,13,454,0,0.1194851514634988,0,Low,United Kingdom,RFM 13-15 (high)
13119.0,669,1,134.9,134.9,110,,0,1,1,1,3,111,1,0.872000368329847,1,High,United Kingdom,RFM 3-6 (low)
13120.0,239,1,30.6,30.6,12,,0,2,1,1,4,211,1,0.8526675806495934,1,High,United Kingdom,RFM 3-6 (low)
13121.0,269,1,254.73,254.73,227,,0,2,1,1,4,211,1,0.7468997051518265,1,High,United Kingdom,RFM 3-6 (low)
13122.0,94,2,922.39,461.195,585,146.0,146,3,2,3,8,323,1,0.4901582469246543,0,Medium,United Kingdom,RFM 7-9 (mid-low)
13123.0,473,2,506.75,253.375,268,56.0,56,1,2,2,5,122,1,0.7713203355626334,1,High,United Kingdom,RFM 3-6 (low)
13124.0,90,4,4641.66,1160.415,2738,98.33333333333331,295,3,3,5,11,335,2,0.2735356704374757,0,Low,United Kingdom,RFM 10-12 (mid-high)
13125.0,524,1,148.62,148.62,53,,0,1,1,1,3,111,1,0.8956126703736974,1,High,United Kingdom,RFM 3-6 (low)
13126.0,5,13,3679.03,283.0023076923077,3261,53.5,642,5,5,5,15,555,0,0.0404754039459452,0,Low,United Kingdom,RFM 13-15 (high)
13127.0,78,1,259.17,259.17,127,,0,3,1,1,5,311,1,0.584528284326019,1,Medium,United Kingdom,RFM 3-6 (low)
13128.0,631,1,263.5,263.5,31,,0,1,1,1,3,111,1,0.8584739048441135,1,High,United Kingdom,RFM 3-6 (low)
13129.0,452,2,233.25,116.625,296,77.0,77,1,2,1,4,121,1,0.7866433944339619,1,High,United Kingdom,RFM 3-6 (low)
13130.0,94,1,64.0,64.0,32,,0,3,1,1,5,311,1,0.7407886209730316,1,High,United Kingdom,RFM 3-6 (low)
13131.0,23,7,3279.77,468.5385714285714,1519,107.5,645,4,4,5,13,445,0,0.1028882236090842,0,Low,United Kingdom,RFM 13-15 (high)
13132.0,262,1,77.3,77.3,20,,0,2,1,1,4,211,1,0.8803514103234197,1,High,United Kingdom,RFM 3-6 (low)
13133.0,274,3,200.45,66.81666666666668,55,92.5,185,2,3,1,6,231,1,0.70074113613614,1,High,United Kingdom,RFM 3-6 (low)
13134.0,86,6,2422.28,403.71333333333337,1349,66.0,330,3,4,4,11,344,2,0.135437883090961,0,Low,United Kingdom,RFM 10-12 (mid-high)
13135.0,197,2,3371.45,1685.725,4423,294.0,294,2,2,5,9,225,1,0.5061029587605287,1,Medium,United Kingdom,RFM 7-9 (mid-low)
13136.0,56,13,6119.75,470.75,3043,56.16666666666666,674,4,5,5,14,455,0,0.0549729692621374,0,Low,United Kingdom,RFM 13-15 (high)
13137.0,11,16,7541.61,471.350625,4237,32.733333333333334,491,5,5,5,15,555,0,0.0338819532183888,0,Low,United Kingdom,RFM 13-15 (high)
13138.0,22,7,1261.26,180.18,592,62.333333333333336,374,4,4,4,12,444,2,0.2307552222663352,0,Low,United Kingdom,RFM 10-12 (mid-high)
13139.0,16,8,8193.83,1024.22875,4607,60.142857142857146,421,5,4,5,14,545,0,0.0750191822430431,0,Low,United Kingdom,RFM 13-15 (high)
13140.0,108,5,1054.92,210.984,572,95.5,382,3,4,3,10,343,2,0.33512425347962,0,Low,United Kingdom,RFM 10-12 (mid-high)
13141.0,85,17,7524.13,442.5958823529412,5124,40.3125,645,3,5,5,13,355,0,0.0867844138031743,0,Low,United Kingdom,RFM 13-15 (high)
13142.0,19,1,307.09,307.09,258,,0,5,1,2,8,512,2,0.4256332950101066,0,Medium,United Kingdom,RFM 7-9 (mid-low)
13143.0,585,1,399.2,399.2,196,,0,1,1,2,4,112,1,0.8098982426830801,1,High,United Kingdom,RFM 3-6 (low)
13144.0,333,2,135.35,67.675,29,98.0,98,2,2,1,5,221,1,0.789410350611976,1,High,United Kingdom,RFM 3-6 (low)
13145.0,40,7,1124.77,160.68142857142857,262,93.33333333333331,560,4,4,3,11,443,2,0.4193336977469989,0,Medium,United Kingdom,RFM 10-12 (mid-high)
13146.0,26,1,228.91,228.91,154,,0,4,1,1,6,411,2,0.4420431111451095,0,Medium,United Kingdom,RFM 3-6 (low)
13147.0,10,4,712.8000000000001,178.20000000000002,144,29.666666666666668,89,5,3,3,11,533,2,0.3552843934549162,0,Low,United Kingdom,RFM 10-12 (mid-high)
13148.0,29,26,7999.610000000001,307.6773076923077,4306,28.08,702,4,5,5,14,455,0,0.0230185609331748,0,Low,United Kingdom,RFM 13-15 (high)
13149.0,14,4,1676.06,419.015,1280,91.33333333333331,274,5,3,4,12,534,2,0.2241490553801005,0,Low,United Kingdom,RFM 10-12 (mid-high)
13150.0,484,3,435.02,145.00666666666666,170,73.0,146,1,3,2,6,132,1,0.7748568370001773,1,High,United Kingdom,RFM 3-6 (low)
13151.0,296,3,2396.16,798.7199999999999,806,166.0,332,2,3,4,9,234,1,0.5157184302657084,1,Medium,United Kingdom,RFM 7-9 (mid-low)
13152.0,417,7,2114.98,302.14,969,46.16666666666666,277,1,4,4,9,144,1,0.5692263212735307,1,Medium,United Kingdom,RFM 7-9 (mid-low)
13153.0,6,1,486.22,486.22,418,,0,5,1,2,8,512,2,0.3348188521655177,0,Low,United Kingdom,RFM 7-9 (mid-low)
13154.0,399,3,997.43,332.4766666666667,972,168.0,336,2,3,3,8,233,1,0.57876816811778,1,Medium,United Kingdom,RFM 7-9 (mid-low)
13155.0,33,6,1370.48,228.41333333333333,741,91.6,458,4,4,4,12,444,2,0.2495822224909271,0,Low,United Kingdom,RFM 10-12 (mid-high)
13156.0,385,3,1586.54,528.8466666666667,914,145.0,290,2,3,4,9,234,1,0.5943562855122818,1,Medium,United Kingdom,RFM 7-9 (mid-low)
13157.0,49,9,5667.71,629.7455555555556,4753,74.0,592,4,5,5,14,455,0,0.0622317338660105,0,Low,United Kingdom,RFM 13-15 (high)
13158.0,95,5,1508.18,301.636,992,73.25,293,3,4,4,11,344,2,0.2159242006418599,0,Low,United Kingdom,RFM 10-12 (mid-high)
13159.0,9,4,1371.25,342.8125,1044,35.333333333333336,106,5,3,4,12,534,2,0.2125886632305547,0,Low,United Kingdom,RFM 10-12 (mid-high)
13160.0,22,1,91.8,91.8,56,,0,4,1,1,6,411,2,0.6700853039055662,1,Medium,United Kingdom,RFM 3-6 (low)
13161.0,313,2,472.13,236.065,105,187.0,187,2,2,2,6,222,1,0.7021155023759981,1,High,United Kingdom,RFM 3-6 (low)
13162.0,122,16,9116.94,569.80875,5668,40.86666666666667,613,3,5,5,13,355,0,0.1639892010062259,0,Low,United Kingdom,RFM 13-15 (high)
13163.0,610,1,0.0,0.0,0,,0,1,1,1,3,111,1,0.8770682653353012,1,High,United Kingdom,RFM 3-6 (low)
13164.0,569,2,297.46000000000004,148.73000000000002,114,98.0,98,1,2,2,5,122,1,0.7861798604509483,1,High,United Kingdom,RFM 3-6 (low)
13165.0,46,3,1451.16,483.72,1736,183.0,366,4,3,4,11,434,2,0.4501736632476515,0,Medium,United Kingdom,RFM 10-12 (mid-high)
13166.0,283,2,873.43,436.715,520,131.0,131,2,2,3,7,223,1,0.6688446920757771,1,Medium,United Kingdom,RFM 7-9 (mid-low)
13167.0,19,5,1125.15,225.03000000000003,1007,92.75,371,5,4,3,12,543,2,0.245469923482036,0,Low,United Kingdom,RFM 10-12 (mid-high)
13168.0,36,5,1831.68,366.336,896,126.25,505,4,4,4,12,444,2,0.2482557511329452,0,Low,United Kingdom,RFM 10-12 (mid-high)
13169.0,64,3,840.08,280.0266666666667,296,249.0,498,3,3,3,9,333,2,0.5268164317497785,1,Medium,United Kingdom,RFM 7-9 (mid-low)
13170.0,27,1,108.81,108.81,141,,0,4,1,1,6,411,2,0.6762463237890843,1,Medium,United Kingdom,RFM 3-6 (low)
13171.0,22,3,426.81,142.27,227,138.5,277,4,3,2,9,432,2,0.4704889248917451,0,Medium,United Kingdom,RFM 7-9 (mid-low)
13172.0,400,1,69.6,69.6,48,,0,2,1,1,4,211,1,0.8967966175437958,1,High,United Kingdom,RFM 3-6 (low)
13173.0,4,11,2380.9700000000003,216.4518181818182,1478,72.5,725,5,5,4,14,554,0,0.0816087469538991,0,Low,United Kingdom,RFM 13-15 (high)
13174.0,16,12,7995.36,666.28,3794,65.27272727272727,718,5,5,5,15,555,0,0.0478907805675823,0,Low,United Kingdom,RFM 13-15 (high)
13175.0,582,2,793.1,396.55,392,153.0,153,1,2,3,6,123,1,0.6708737184496668,1,Medium,United Kingdom,RFM 3-6 (low)
13176.0,46,1,481.49,481.49,448,,0,4,1,2,7,412,2,0.5007965243604434,1,Medium,United Kingdom,RFM 7-9 (mid-low)
13177.0,65,2,512.2,256.1,180,365.0,365,3,2,2,7,322,2,0.5960399899555139,1,Medium,United Kingdom,RFM 7-9 (mid-low)
13178.0,26,21,13997.89,666.5661904761904,8749,34.85,697,4,5,5,14,455,0,0.0247923237231484,0,Low,United Kingdom,RFM 13-15 (high)
13179.0,619,1,572.3100000000001,572.3100000000001,368,,0,1,1,2,4,112,1,0.7564975026473283,1,High,United Kingdom,RFM 3-6 (low)
13180.0,607,1,86.10000000000001,86.10000000000001,42,,0,1,1,1,3,111,1,0.9050049223131268,1,High,United Kingdom,RFM 3-6 (low)
13181.0,381,1,359.69,359.69,171,,0,2,1,2,5,212,1,0.8122260369363795,1,High,United Kingdom,RFM 3-6 (low)
13182.0,45,1,121.18,121.18,201,,0,4,1,1,6,411,2,0.6869437700633765,1,Medium,United Kingdom,RFM 3-6 (low)
13183.0,8,15,7010.88,467.392,4001,44.785714285714285,627,5,5,5,15,555,0,0.0300588679524978,0,Low,United Kingdom,RFM 13-15 (high)
13184.0,15,10,1616.45,161.645,1632,30.55555555555556,275,5,5,4,14,554,0,0.1371969676753719,0,Low,United Kingdom,RFM 13-15 (high)
13185.0,268,1,71.4,71.4,12,,0,2,1,1,4,211,1,0.868221627869247,1,High,United Kingdom,RFM 3-6 (low)
13186.0,40,3,1539.69,513.23,804,44.5,89,4,3,4,11,434,2,0.3426222377899381,0,Low,United Kingdom,RFM 10-12 (mid-high)
13187.0,337,4,322.66,80.66499999999999,274,95.66666666666669,287,2,3,2,7,232,1,0.7486278283859759,1,High,United Kingdom,RFM 7-9 (mid-low)
13188.0,11,1,114.6,114.6,25,,0,5,1,1,7,511,2,0.664352283992253,1,Medium,United Kingdom,RFM 7-9 (mid-low)
13189.0,19,2,260.68,130.34,842,96.0,96,5,2,1,8,521,2,0.4171302706154783,0,Medium,United Kingdom,RFM 7-9 (mid-low)
13190.0,544,3,518.76,172.92,306,94.0,188,1,3,2,6,132,1,0.6708779514781871,1,Medium,United Kingdom,RFM 3-6 (low)
13191.0,658,1,164.69,164.69,115,,0,1,1,1,3,111,1,0.8626778755191937,1,High,United Kingdom,RFM 3-6 (low)
13192.0,95,6,2544.53,424.08833333333337,1618,118.2,591,3,4,4,11,344,2,0.1513005603297097,0,Low,United Kingdom,RFM 10-12 (mid-high)
13193.0,61,1,112.08,112.08,46,,0,3,1,1,5,311,2,0.7232392881387346,1,High,United Kingdom,RFM 3-6 (low)
13194.0,136,2,472.78,236.39,326,285.0,285,3,2,2,7,322,1,0.5489274287481231,1,Medium,United Kingdom,RFM 7-9 (mid-low)
13195.0,414,1,136.73,136.73,70,,0,1,1,1,3,111,1,0.8961081273628431,1,High,United Kingdom,RFM 3-6 (low)
13196.0,11,7,3059.64,437.0914285714285,2004,101.0,606,5,4,5,14,545,0,0.0992977419094055,0,Low,United Kingdom,RFM 13-15 (high)
13197.0,610,1,373.0100000000001,373.0100000000001,204,,0,1,1,2,4,112,1,0.8277984839101559,1,High,United Kingdom,RFM 3-6 (low)
13198.0,10,8,4912.28,614.035,3438,60.57142857142857,424,5,4,5,14,545,0,0.0747517390801509,0,Low,United Kingdom,RFM 13-15 (high)
13199.0,4,67,15936.3,237.855223880597,11558,11.075757575757576,731,5,5,5,15,555,3,0.0216271157739794,0,Low,United Kingdom,RFM 13-15 (high)
13200.0,19,4,870.09,217.5225,516,35.666666666666664,107,5,3,3,11,533,2,0.297633219879033,0,Low,United Kingdom,RFM 10-12 (mid-high)
13201.0,502,4,1233.06,308.265,1036,46.66666666666666,140,1,3,4,8,134,1,0.7100094125268567,1,High,United Kingdom,RFM 7-9 (mid-low)
13202.0,394,7,1571.35,224.47857142857143,571,56.0,336,2,4,4,10,244,1,0.5844531087867447,1,Medium,United Kingdom,RFM 10-12 (mid-high)
13203.0,10,10,2630.55,263.055,2407,79.11111111111111,712,5,5,4,14,554,0,0.0762182523060638,0,Low,United Kingdom,RFM 13-15 (high)
13204.0,731,1,966.66,966.66,428,,0,1,1,3,5,113,1,0.7899967735643529,1,High,United Kingdom,RFM 3-6 (low)
13205.0,443,1,2803.2,2803.2,256,,0,1,1,4,6,114,1,0.8104180204836586,1,High,United Kingdom,RFM 3-6 (low)
13206.0,400,13,8211.0,631.6153846153846,6809,27.666666666666668,332,2,5,5,12,255,0,0.633275182427263,1,Medium,United Kingdom,RFM 10-12 (mid-high)
13207.0,15,4,535.86,133.965,178,198.66666666666663,596,5,3,2,10,532,2,0.4717432797288696,0,Medium,United Kingdom,RFM 10-12 (mid-high)
13208.0,59,9,1958.3,217.58888888888887,1325,84.625,677,4,5,4,13,454,0,0.1568289657927399,0,Low,United Kingdom,RFM 13-15 (high)
13209.0,30,13,8438.06,649.0815384615385,5760,54.41666666666666,653,4,5,5,14,455,0,0.0409143511589471,0,Low,United Kingdom,RFM 13-15 (high)
13210.0,94,1,353.48,353.48,316,,0,3,1,2,6,312,1,0.6046910759342345,1,Medium,United Kingdom,RFM 3-6 (low)
13211.0,10,10,2596.32,259.632,1840,80.22222222222223,722,5,5,4,14,554,0,0.0769692308591846,0,Low,United Kingdom,RFM 13-15 (high)
13212.0,20,3,779.33,259.7766666666667,308,20.5,41,4,3,3,10,433,2,0.3210544970078636,0,Low,United Kingdom,RFM 10-12 (mid-high)
13213.0,57,11,3834.62,348.60181818181815,2952,51.1,511,4,5,5,14,455,0,0.067558820126015,0,Low,United Kingdom,RFM 13-15 (high)
13214.0,418,7,3264.23,466.3185714285714,2966,38.0,228,1,4,5,10,145,1,0.5618002285338298,1,Medium,United Kingdom,RFM 10-12 (mid-high)
13215.0,402,1,81.6,81.6,96,,0,2,1,1,4,211,1,0.8616404086604952,1,High,United Kingdom,RFM 3-6 (low)
13216.0,268,1,333.74,333.74,297,,0,2,1,2,5,212,1,0.725646676222222,1,High,United Kingdom,RFM 3-6 (low)
13217.0,122,4,266.12,66.53,364,177.66666666666666,533,3,3,1,7,331,1,0.431722093396231,0,Medium,United Kingdom,RFM 7-9 (mid-low)
13218.0,127,1,62.63999999999999,62.63999999999999,88,,0,3,1,1,5,311,1,0.7541470577283056,1,High,United Kingdom,RFM 3-6 (low)
13219.0,618,1,76.23,76.23,11,,0,1,1,1,3,111,1,0.8872460509398,1,High,United Kingdom,RFM 3-6 (low)
13220.0,78,5,1336.09,267.218,396,124.25,497,3,4,4,11,344,2,0.333656823351046,0,Low,United Kingdom,RFM 10-12 (mid-high)
13221.0,240,2,847.41,423.705,244,119.0,119,2,2,3,7,223,1,0.6424025951097033,1,Medium,United Kingdom,RFM 7-9 (mid-low)
13222.0,577,1,88.5,88.5,30,,0,1,1,1,3,111,1,0.8960376808556759,1,High,United Kingdom,RFM 3-6 (low)
13223.0,200,6,969.12,161.52,568,92.8,464,2,4,3,9,243,1,0.4593892285885037,0,Medium,United Kingdom,RFM 7-9 (mid-low)
13224.0,60,2,2150.85,1075.425,1512,91.0,91,3,2,4,9,324,2,0.4100819152817971,0,Medium,United Kingdom,RFM 7-9 (mid-low)
13225.0,3,16,15879.27,992.454375,7337,47.93333333333333,719,5,5,5,15,555,0,0.0379428961810938,0,Low,United Kingdom,RFM 13-15 (high)
13226.0,273,2,312.46,156.23,179,120.0,120,2,2,2,6,222,1,0.7303217486994953,1,High,United Kingdom,RFM 3-6 (low)
13227.0,202,1,257.7,257.7,99,,0,2,1,1,4,211,1,0.7040228503211755,1,High,United Kingdom,RFM 3-6 (low)
13228.0,81,1,358.0,358.0,200,,0,3,1,2,6,312,1,0.6217095782663865,1,Medium,United Kingdom,RFM 3-6 (low)
13229.0,226,1,160.95,160.95,63,,0,2,1,1,4,211,1,0.8708899268892458,1,High,United Kingdom,RFM 3-6 (low)
13230.0,4,30,6076.45,202.5483333333333,3399,21.58620689655172,626,5,5,5,15,555,0,0.0196032955635829,0,Low,United Kingdom,RFM 13-15 (high)
13232.0,13,7,1328.35,189.7642857142857,773,38.333333333333336,230,5,4,4,13,544,2,0.1656589301972414,0,Low,United Kingdom,RFM 13-15 (high)
13233.0,74,4,1176.46,294.115,1604,206.3333333333333,619,3,3,3,9,333,2,0.3668423510563752,0,Low,United Kingdom,RFM 7-9 (mid-low)
13234.0,673,2,346.5,173.25,159,59.0,59,1,2,2,5,122,1,0.7985239487603251,1,High,United Kingdom,RFM 3-6 (low)
13235.0,212,1,101.17000000000009,101.17000000000009,440,,0,2,1,1,4,211,1,0.7834886036066088,1,High,United Kingdom,RFM 3-6 (low)
13236.0,25,2,727.27,363.635,411,82.0,82,4,2,3,9,423,2,0.3329458299896298,0,Low,United Kingdom,RFM 7-9 (mid-low)
13237.0,388,1,643.0,643.0,128,,0,2,1,3,6,213,1,0.7210110277026129,1,High,United Kingdom,RFM 3-6 (low)
13238.0,17,6,986.73,164.455,440,114.6,573,5,4,3,12,543,2,0.4079494847987954,0,Medium,United Kingdom,RFM 10-12 (mid-high)
13239.0,262,5,1579.84,315.968,1184,60.0,240,2,4,4,10,244,1,0.5304856080478565,1,Medium,United Kingdom,RFM 10-12 (mid-high)
13240.0,96,8,1398.44,174.805,696,79.42857142857143,556,3,4,4,11,344,2,0.3028304816816349,0,Low,United Kingdom,RFM 10-12 (mid-high)
13241.0,412,1,112.53,112.53,46,,0,1,1,1,3,111,1,0.9016647411812444,1,High,United Kingdom,RFM 3-6 (low)
13242.0,112,7,699.4,99.91428571428573,350,92.5,555,3,4,3,10,343,2,0.3880926537931126,0,Low,United Kingdom,RFM 10-12 (mid-high)
13243.0,203,5,1220.38,244.076,554,107.0,428,2,4,4,10,244,1,0.4466184771046396,0,Medium,United Kingdom,RFM 10-12 (mid-high)
13244.0,93,1,121.74,121.74,38,,0,3,1,1,5,311,1,0.7452152981346652,1,High,United Kingdom,RFM 3-6 (low)
13245.0,51,2,989.22,494.61,371,381.0,381,4,2,3,9,423,2,0.6280550894868194,1,Medium,United Kingdom,RFM 7-9 (mid-low)
13246.0,18,11,3242.0,294.72727272727275,2725,50.7,507,5,5,5,15,555,0,0.0578910544748172,0,Low,United Kingdom,RFM 13-15 (high)
13247.0,18,4,501.12,125.28,328,21.33333333333333,64,5,3,2,10,532,2,0.3739738234050736,0,Low,United Kingdom,RFM 10-12 (mid-high)
13248.0,125,2,465.68,232.84,305,64.0,64,3,2,2,7,322,1,0.5378316823808134,1,Medium,United Kingdom,RFM 7-9 (mid-low)
13249.0,92,9,1608.93,178.77,1246,74.0,592,3,5,4,12,354,2,0.1808431935648744,0,Low,United Kingdom,RFM 10-12 (mid-high)
13250.0,461,2,245.59,122.795,105,41.0,41,1,2,1,4,121,1,0.8352710582883165,1,High,United Kingdom,RFM 3-6 (low)
13251.0,402,1,252.68,252.68,215,,0,2,1,1,4,211,1,0.8319211816871703,1,High,United Kingdom,RFM 3-6 (low)
13252.0,394,2,341.3,170.65,128,231.0,231,2,2,2,6,222,1,0.7327831797587976,1,High,United Kingdom,RFM 3-6 (low)
13253.0,157,4,2951.11,737.7775,3015,182.0,546,3,3,5,11,335,1,0.3295372155174274,0,Low,United Kingdom,RFM 10-12 (mid-high)
13254.0,376,1,51.41,51.41,43,,0,2,1,1,4,211,1,0.9009392144839072,1,High,United Kingdom,RFM 3-6 (low)
13255.0,9,3,669.91,223.3033333333333,404,251.0,502,5,3,3,11,533,2,0.4590802940484828,0,Medium,United Kingdom,RFM 10-12 (mid-high)
13256.0,14,1,0.0,0.0,12540,,0,5,1,1,7,511,2,0.4932158278060524,0,Medium,United Kingdom,RFM 7-9 (mid-low)
13257.0,436,1,117.95,117.95,29,,0,1,1,1,3,111,1,0.8949229883533831,1,High,United Kingdom,RFM 3-6 (low)
13258.0,12,5,1009.43,201.886,446,97.0,388,5,4,3,12,543,2,0.3242655423837222,0,Low,United Kingdom,RFM 10-12 (mid-high)
13259.0,62,9,1402.54,155.83777777777777,503,79.625,637,3,5,4,12,354,2,0.3188273456295115,0,Low,United Kingdom,RFM 10-12 (mid-high)
13260.0,61,1,557.62,557.62,142,,0,3,1,2,6,312,2,0.549366580559391,1,Medium,United Kingdom,RFM 3-6 (low)
13261.0,269,2,944.1,472.05,210,17.0,17,2,2,3,7,223,1,0.6874157971642139,1,Medium,United Kingdom,RFM 7-9 (mid-low)
13262.0,263,3,573.45,191.15,247,168.5,337,2,3,2,7,232,1,0.5235078760672567,1,Medium,United Kingdom,RFM 7-9 (mid-low)
13263.0,1,39,8676.2,222.4666666666667,5372,10.81578947368421,411,5,5,5,15,555,0,0.0398419951674387,0,Low,United Kingdom,RFM 13-15 (high)
13264.0,443,1,722.5600000000001,722.5600000000001,375,,0,1,1,3,5,113,1,0.7324235337088421,1,High,United Kingdom,RFM 3-6 (low)
13265.0,53,5,2092.66,418.532,1740,55.0,220,4,4,4,12,444,2,0.1545885484058538,0,Low,United Kingdom,RFM 10-12 (mid-high)
13266.0,11,19,5965.3,313.96315789473687,6669,39.5,711,5,5,5,15,555,0,0.0280589174424825,0,Low,United Kingdom,RFM 13-15 (high)
13267.0,3,36,9197.66,255.4905555555556,3895,20.82857142857143,729,5,5,5,15,555,0,0.0186933119848235,0,Low,United Kingdom,RFM 13-15 (high)
13268.0,18,11,3127.7,284.3363636363636,3601,24.9,249,5,5,5,15,555,0,0.08046866016295,0,Low,United Kingdom,RFM 13-15 (high)
13269.0,1,28,8507.01,303.82178571428574,6361,27.25925925925926,736,5,5,5,15,555,0,0.019244975473785,0,Low,United Kingdom,RFM 13-15 (high)
13270.0,366,1,590.0,590.0,200,,0,2,1,2,5,212,1,0.7197510751947518,1,High,United Kingdom,RFM 3-6 (low)
13271.0,37,1,172.37,172.37,168,,0,4,1,1,6,411,2,0.5850004153236513,1,Medium,United Kingdom,RFM 3-6 (low)
13272.0,31,2,276.56,138.28,96,58.0,58,4,2,2,8,422,2,0.4291330599288784,0,Medium,United Kingdom,RFM 7-9 (mid-low)
13273.0,113,1,138.98,138.98,153,,0,3,1,1,5,311,1,0.6934999307566773,1,Medium,United Kingdom,RFM 3-6 (low)
13274.0,409,1,360.85,360.85,199,,0,2,1,2,5,212,1,0.8228132827549883,1,High,United Kingdom,RFM 3-6 (low)
13275.0,384,2,238.86,119.43,138,248.0,248,2,2,1,5,221,1,0.7611942706241757,1,High,United Kingdom,RFM 3-6 (low)
13276.0,64,5,1871.21,374.242,838,144.5,578,3,4,4,11,344,2,0.2521823192954924,0,Low,United Kingdom,RFM 10-12 (mid-high)
13277.0,16,7,523.3,74.75714285714285,382,87.33333333333333,524,5,4,2,11,542,2,0.3516498967822797,0,Low,United Kingdom,RFM 10-12 (mid-high)
13278.0,41,4,1428.2,357.05,1355,189.66666666666663,569,4,3,4,11,434,2,0.3315827780932676,0,Low,United Kingdom,RFM 10-12 (mid-high)
13279.0,78,1,126.3,126.3,70,,0,3,1,1,5,311,1,0.7606975202922883,1,High,United Kingdom,RFM 3-6 (low)
13280.0,122,7,2267.83,323.9757142857143,1487,87.0,522,3,4,4,11,344,2,0.2073353693927767,0,Low,United Kingdom,RFM 10-12 (mid-high)
13281.0,439,1,306.45,306.45,175,,0,1,1,2,4,112,1,0.8148992200508539,1,High,United Kingdom,RFM 3-6 (low)
13282.0,18,4,1228.89,307.2225,392,129.33333333333334,388,5,3,4,12,534,2,0.347300652827148,0,Low,United Kingdom,RFM 10-12 (mid-high)
13283.0,60,4,373.36,93.34,204,193.3333333333333,580,3,3,2,8,332,2,0.4687251408415039,0,Medium,United Kingdom,RFM 7-9 (mid-low)
13284.0,331,1,196.15,196.15,79,,0,2,1,1,4,211,1,0.8518868105797249,1,High,United Kingdom,RFM 3-6 (low)
13285.0,23,6,3364.59,560.765,2457,120.0,600,4,4,5,13,445,2,0.1060027918893464,0,Low,United Kingdom,RFM 13-15 (high)
13286.0,600,1,734.91,734.91,274,,0,1,1,3,5,113,1,0.7597757875140642,1,High,United Kingdom,RFM 3-6 (low)
13287.0,603,3,519.67,173.22333333333333,237,50.5,101,1,3,2,6,132,1,0.7579256070383188,1,High,United Kingdom,RFM 3-6 (low)
13288.0,443,5,892.16,178.432,376,55.75,223,1,4,3,8,143,1,0.6588532392193354,1,Medium,United Kingdom,RFM 7-9 (mid-low)
13289.0,724,1,307.95,307.95,119,,0,1,1,2,4,112,1,0.8207068744643478,1,High,United Kingdom,RFM 3-6 (low)
13290.0,438,1,-208.63,-208.63,-1,,0,1,1,1,3,111,1,0.852046865727909,1,High,United Kingdom,RFM 3-6 (low)
13291.0,156,11,3270.79,297.3445454545454,1600,51.0,510,3,5,5,13,355,0,0.1995515921612208,0,Low,United Kingdom,RFM 13-15 (high)
13292.0,39,5,987.79,197.558,514,121.75,487,4,4,3,11,443,2,0.3643440889950512,0,Low,United Kingdom,RFM 10-12 (mid-high)
13293.0,392,6,1180.34,196.72333333333333,549,55.2,276,2,4,4,10,244,1,0.6259016186142565,1,Medium,United Kingdom,RFM 10-12 (mid-high)
13294.0,190,3,1689.53,563.1766666666666,996,228.0,456,2,3,4,9,234,1,0.5424393993758009,1,Medium,United Kingdom,RFM 7-9 (mid-low)
13295.0,360,4,1061.27,265.3175,699,72.33333333333333,217,2,3,3,8,233,1,0.6410837818228713,1,Medium,United Kingdom,RFM 7-9 (mid-low)
13296.0,137,6,792.51,132.085,653,87.8,439,3,4,3,10,343,2,0.329123557780767,0,Low,United Kingdom,RFM 10-12 (mid-high)
13297.0,8,7,4352.67,621.8100000000001,2693,89.0,534,5,4,5,14,545,0,0.0988006269757511,0,Low,United Kingdom,RFM 13-15 (high)
13298.0,1,1,360.0,360.0,96,,0,5,1,2,8,512,2,0.42731811824146,0,Medium,United Kingdom,RFM 7-9 (mid-low)
13299.0,268,3,1173.3,391.1,408,130.0,260,2,3,3,8,233,1,0.5174747533679834,1,Medium,United Kingdom,RFM 7-9 (mid-low)
13300.0,169,3,1267.21,422.40333333333336,447,202.0,404,3,3,4,10,334,1,0.5934737763744091,1,Medium,United Kingdom,RFM 10-12 (mid-high)
13301.0,104,4,618.09,154.5225,345,62.66666666666666,188,3,3,3,9,333,2,0.3964916285718886,0,Low,United Kingdom,RFM 7-9 (mid-low)
13302.0,155,2,159.2,79.6,12,371.0,371,3,2,1,6,321,1,0.6406751392531008,1,Medium,United Kingdom,RFM 3-6 (low)
13303.0,400,1,61.72,61.72,26,,0,2,1,1,4,211,1,0.8950261158550863,1,High,United Kingdom,RFM 3-6 (low)
13304.0,351,4,1120.79,280.1975,688,106.0,318,2,3,3,8,233,1,0.622379313803033,1,Medium,United Kingdom,RFM 7-9 (mid-low)
13305.0,4,16,3616.41,226.025625,2228,42.333333333333336,635,5,5,5,15,555,0,0.0357320018893675,0,Low,United Kingdom,RFM 13-15 (high)
13306.0,430,1,53.65,53.65,74,,0,1,1,1,3,111,1,0.9025223963373412,1,High,United Kingdom,RFM 3-6 (low)
13307.0,120,3,273.34,91.11333333333332,140,236.0,472,3,3,2,8,332,1,0.5238280021154362,1,Medium,United Kingdom,RFM 7-9 (mid-low)
13308.0,23,4,1652.47,413.1175,1070,191.3333333333333,574,4,3,4,11,434,2,0.2939047883742892,0,Low,United Kingdom,RFM 10-12 (mid-high)
13309.0,7,6,1706.37,284.39500000000004,1914,77.0,385,5,4,4,13,544,2,0.1179078768906388,0,Low,United Kingdom,RFM 13-15 (high)
13310.0,28,5,1492.8,298.56,804,93.5,374,4,4,4,12,444,2,0.2310762311296693,0,Low,United Kingdom,RFM 10-12 (mid-high)
13311.0,4,2,598.57,299.285,305,145.0,145,5,2,3,10,523,2,0.3767204491852098,0,Low,United Kingdom,RFM 10-12 (mid-high)
13312.0,451,1,124.75,124.75,41,,0,1,1,1,3,111,1,0.9044575489018936,1,High,United Kingdom,RFM 3-6 (low)
13313.0,22,12,3423.27,285.2725,2299,65.0,715,4,5,5,14,455,0,0.0588211675559981,0,Low,United Kingdom,RFM 13-15 (high)
13314.0,2,3,593.51,197.83666666666667,487,36.0,72,5,3,3,11,533,2,0.3239676911042657,0,Low,United Kingdom,RFM 10-12 (mid-high)
13315.0,689,1,310.26,310.26,232,,0,1,1,2,4,112,1,0.819439339403042,1,High,United Kingdom,RFM 3-6 (low)
13316.0,37,10,12656.18,1265.618,19882,66.88888888888889,602,4,5,5,14,455,0,0.0724221584109329,0,Low,United Kingdom,RFM 13-15 (high)
13317.0,66,19,6068.531,319.3963684210526,3052,36.66666666666666,660,3,5,5,13,355,0,0.0393953947094106,0,Low,United Kingdom,RFM 13-15 (high)
13318.0,1,3,640.76,213.58666666666667,304,18.0,36,5,3,3,11,533,2,0.3238583155385477,0,Low,United Kingdom,RFM 10-12 (mid-high)
13319.0,5,58,20974.96,361.6372413793104,8902,12.75438596491228,727,5,5,5,15,555,3,0.0197588950169226,0,Low,United Kingdom,RFM 13-15 (high)
13320.0,78,6,2144.45,357.4083333333333,1472,80.0,400,3,4,4,11,344,2,0.1369734751159048,0,Low,United Kingdom,RFM 10-12 (mid-high)
13321.0,72,2,567.36,283.68,372,14.0,14,3,2,2,7,322,2,0.4272910666967242,0,Medium,United Kingdom,RFM 7-9 (mid-low)
13322.0,17,1,199.48,199.48,117,,0,5,1,1,7,511,2,0.4531727890745435,0,Medium,United Kingdom,RFM 7-9 (mid-low)
13323.0,3,5,787.85,157.57,175,20.25,81,5,4,3,12,543,2,0.4054225666778996,0,Medium,United Kingdom,RFM 10-12 (mid-high)
13324.0,36,18,10421.37,578.9649999999999,8430,31.0,527,4,5,5,14,455,0,0.0318833366195791,0,Low,United Kingdom,RFM 13-15 (high)
13325.0,82,1,675.3,675.3,240,,0,3,1,3,7,313,1,0.630252061176793,1,Medium,United Kingdom,RFM 7-9 (mid-low)
13326.0,432,1,281.76,281.76,140,,0,1,1,2,4,112,1,0.8084098040230451,1,High,United Kingdom,RFM 3-6 (low)
13327.0,39,19,8914.42,469.18,4171,37.888888888888886,682,4,5,5,14,455,0,0.0358581840044134,0,Low,United Kingdom,RFM 13-15 (high)
13328.0,316,1,1308.48,1308.48,680,,0,2,1,4,7,214,1,0.7175739078758958,1,High,United Kingdom,RFM 7-9 (mid-low)
13329.0,32,8,4672.82,584.1025,3266,100.42857142857144,703,4,4,5,13,445,0,0.1048149958395884,0,Low,United Kingdom,RFM 13-15 (high)
13330.0,93,6,2796.1,466.01666666666665,1951,112.4,562,3,4,4,11,344,2,0.1473481729233201,0,Low,United Kingdom,RFM 10-12 (mid-high)
13331.0,402,1,262.4,262.4,54,,0,2,1,1,4,211,1,0.8512384033638463,1,High,United Kingdom,RFM 3-6 (low)
13332.0,14,1,350.9,350.9,179,,0,5,1,2,8,512,2,0.4566106980533803,0,Medium,United Kingdom,RFM 7-9 (mid-low)
13333.0,411,3,1015.74,338.58,685,123.5,247,1,3,3,7,133,1,0.6353774343683964,1,Medium,United Kingdom,RFM 7-9 (mid-low)
13334.0,82,5,6195.05,1239.01,3197,142.5,570,3,4,5,12,345,0,0.1598311450736916,0,Low,United Kingdom,RFM 10-12 (mid-high)
13336.0,77,1,795.12,795.12,559,,0,3,1,3,7,313,1,0.5649597074587538,1,Medium,United Kingdom,RFM 7-9 (mid-low)
13337.0,546,1,1548.55,1548.55,955,,0,1,1,4,6,114,1,0.7862486004503026,1,High,United Kingdom,RFM 3-6 (low)
13338.0,158,4,2223.62,555.905,1126,181.66666666666663,545,3,3,4,10,334,1,0.4187528079811659,0,Medium,United Kingdom,RFM 10-12 (mid-high)
13339.0,201,1,860.12,860.12,326,,0,2,1,3,6,213,1,0.7265968742776248,1,High,United Kingdom,RFM 3-6 (low)
13340.0,45,12,22100.56,1841.713333333333,9636,55.36363636363637,609,4,5,5,14,455,0,0.0702156866790122,0,Low,United Kingdom,RFM 13-15 (high)
13341.0,261,1,775.85,775.85,301,,0,2,1,3,6,213,1,0.7114897139190489,1,High,United Kingdom,RFM 3-6 (low)
13343.0,178,1,303.93,303.93,126,,0,3,1,2,6,312,1,0.6844983859221035,1,Medium,United Kingdom,RFM 3-6 (low)
13344.0,68,3,2511.69,837.23,952,104.5,209,3,3,4,10,334,2,0.3498824720159137,0,Low,United Kingdom,RFM 10-12 (mid-high)
13345.0,288,1,377.6,377.6,139,,0,2,1,2,5,212,1,0.7926884051650351,1,High,United Kingdom,RFM 3-6 (low)
13346.0,463,6,299.4,49.9,180,26.6,133,1,4,2,7,142,1,0.7976159886191997,1,High,United Kingdom,RFM 7-9 (mid-low)
13347.0,70,1,341.36,341.36,205,,0,3,1,2,6,312,1,0.5746372680784334,1,Medium,United Kingdom,RFM 3-6 (low)
13348.0,64,1,233.76,233.76,136,,0,3,1,1,5,311,2,0.5564900858463963,1,Medium,United Kingdom,RFM 3-6 (low)
13349.0,11,1,247.32,247.32,225,,0,5,1,1,7,511,2,0.4515267923113682,0,Medium,United Kingdom,RFM 7-9 (mid-low)
13350.0,16,2,910.72,455.36,284,63.0,63,5,2,3,10,523,2,0.3658317299547016,0,Low,United Kingdom,RFM 10-12 (mid-high)
13351.0,66,1,373.94,373.94,117,,0,3,1,2,6,312,2,0.5683198426806547,1,Medium,United Kingdom,RFM 3-6 (low)
13352.0,60,1,389.28,389.28,315,,0,3,1,2,6,312,2,0.5358861080751786,1,Medium,United Kingdom,RFM 3-6 (low)
13354.0,71,1,743.53,743.53,604,,0,3,1,3,7,313,1,0.5371096750013727,1,Medium,United Kingdom,RFM 7-9 (mid-low)
13355.0,122,1,674.7,674.7,314,,0,3,1,3,7,313,1,0.5927611457269386,1,Medium,United Kingdom,RFM 7-9 (mid-low)
13356.0,80,1,768.24,768.24,325,,0,3,1,3,7,313,1,0.6072767657993661,1,Medium,United Kingdom,RFM 7-9 (mid-low)
13357.0,257,5,3805.51,761.102,2112,92.25,369,2,4,5,11,245,1,0.3670507163458023,0,Low,United Kingdom,RFM 10-12 (mid-high)
13358.0,269,1,439.03,439.03,285,,0,2,1,2,5,212,1,0.7073764592301491,1,High,United Kingdom,RFM 3-6 (low)
13359.0,64,2,1001.96,500.98,374,339.0,339,3,2,3,8,323,2,0.5730118483515835,1,Medium,United Kingdom,RFM 7-9 (mid-low)
13360.0,432,4,1464.1,366.025,932,89.66666666666667,269,1,3,4,8,134,1,0.6095829324978737,1,Medium,United Kingdom,RFM 7-9 (mid-low)
13361.0,472,2,1450.5,725.25,324,145.0,145,1,2,4,7,124,1,0.6826700266907858,1,Medium,United Kingdom,RFM 7-9 (mid-low)
13362.0,9,7,5357.57,765.3671428571428,2469,69.16666666666667,415,5,4,5,14,545,0,0.100124049065036,0,Low,United Kingdom,RFM 13-15 (high)
13363.0,18,3,1723.86,574.62,1146,196.0,392,5,3,4,12,534,2,0.3837478868383859,0,Low,United Kingdom,RFM 10-12 (mid-high)
13364.0,71,1,0.0,0.0,0,,0,3,1,1,5,311,1,0.6980915411141236,1,Medium,United Kingdom,RFM 3-6 (low)
13365.0,34,2,2164.32,1082.16,1236,184.0,184,4,2,4,10,424,2,0.3639540738964301,0,Low,United Kingdom,RFM 10-12 (mid-high)
13366.0,50,1,56.16,56.16,144,,0,4,1,1,6,411,2,0.7032655236436747,1,High,United Kingdom,RFM 3-6 (low)
13367.0,432,1,510.2000000000001,510.2000000000001,253,,0,1,1,2,4,112,1,0.7555974215428088,1,High,United Kingdom,RFM 3-6 (low)
13368.0,257,4,1086.1,271.525,594,55.333333333333336,166,2,3,3,8,233,1,0.609857786677804,1,Medium,United Kingdom,RFM 7-9 (mid-low)
13369.0,366,1,263.75,263.75,127,,0,2,1,1,4,211,1,0.8106645759754767,1,High,United Kingdom,RFM 3-6 (low)
13370.0,372,1,721.32,721.32,336,,0,2,1,3,6,213,1,0.6988979034181546,1,Medium,United Kingdom,RFM 3-6 (low)
13371.0,505,2,2271.46,1135.73,1016,127.0,127,1,2,4,7,124,1,0.6751900416191529,1,Medium,United Kingdom,RFM 7-9 (mid-low)
13372.0,90,1,378.64,378.64,159,,0,3,1,2,6,312,1,0.6230085393534225,1,Medium,United Kingdom,RFM 3-6 (low)
13373.0,61,6,7587.19,1264.5316666666668,4263,134.4,672,3,4,5,12,345,0,0.1305333708961911,0,Low,United Kingdom,RFM 10-12 (mid-high)
13374.0,415,2,422.8,211.4,135,34.0,34,1,2,2,5,122,1,0.7944875725795078,1,High,United Kingdom,RFM 3-6 (low)
13375.0,89,2,1786.48,893.24,1123,356.0,356,3,2,4,9,324,2,0.5168942077806193,1,Medium,United Kingdom,RFM 7-9 (mid-low)
13376.0,99,3,1019.76,339.92,493,67.5,135,3,3,3,9,333,2,0.4133273312661453,0,Medium,United Kingdom,RFM 7-9 (mid-low)
13377.0,397,2,1495.43,747.715,744,249.0,249,2,2,4,8,224,1,0.6286238674307296,1,Medium,United Kingdom,RFM 7-9 (mid-low)
13379.0,26,3,572.56,190.85333333333327,601,55.0,110,4,3,2,9,432,2,0.3458514324946445,0,Low,United Kingdom,RFM 7-9 (mid-low)
13380.0,433,1,62.4,62.4,48,,0,1,1,1,3,111,1,0.9023857265858444,1,High,United Kingdom,RFM 3-6 (low)
13381.0,32,12,8185.02,682.085,5108,64.18181818181819,706,4,5,5,14,455,0,0.0449668651771789,0,Low,United Kingdom,RFM 13-15 (high)
13382.0,281,5,1387.58,277.516,863,112.75,451,2,4,4,10,244,1,0.479040953141135,0,Medium,United Kingdom,RFM 10-12 (mid-high)
13383.0,544,1,305.28000000000003,305.28000000000003,288,,0,1,1,2,4,112,1,0.818177309181316,1,High,United Kingdom,RFM 3-6 (low)
13384.0,31,11,6635.09,603.19,4130,46.9,469,4,5,5,14,455,0,0.0554479845546841,0,Low,United Kingdom,RFM 13-15 (high)
13385.0,330,1,534.57,534.57,281,,0,2,1,2,5,212,1,0.7189964448740531,1,High,United Kingdom,RFM 3-6 (low)
13386.0,414,2,835.46,417.73,514,22.0,22,1,2,3,6,123,1,0.6996738861338617,1,Medium,United Kingdom,RFM 3-6 (low)
13387.0,417,1,186.94,186.94,123,,0,1,1,1,3,111,1,0.8416743237556648,1,High,United Kingdom,RFM 3-6 (low)
13388.0,131,3,1135.7,378.56666666666666,700,236.0,472,3,3,3,9,333,1,0.5090339273069122,1,Medium,United Kingdom,RFM 7-9 (mid-low)
13389.0,11,3,797.96,265.9866666666667,429,110.5,221,5,3,3,11,533,2,0.3748638370103864,0,Low,United Kingdom,RFM 10-12 (mid-high)
13390.0,75,1,544.08,544.08,224,,0,3,1,2,6,312,1,0.585814110976656,1,Medium,United Kingdom,RFM 3-6 (low)
13391.0,204,1,59.8,59.8,4,,0,2,1,1,4,211,1,0.8539233662727694,1,High,United Kingdom,RFM 3-6 (low)
13392.0,677,1,91.14,91.14,82,,0,1,1,1,3,111,1,0.9064592299367727,1,High,United Kingdom,RFM 3-6 (low)
13393.0,584,4,1105.85,276.4625,658,49.333333333333336,148,1,3,3,7,133,1,0.705903672244698,1,High,United Kingdom,RFM 7-9 (mid-low)
13394.0,2,19,6323.88,332.8357894736842,5157,40.888888888888886,736,5,5,5,15,555,0,0.0229441913947469,0,Low,United Kingdom,RFM 13-15 (high)
13395.0,185,3,1180.23,393.41,1660,118.0,236,3,3,4,10,334,1,0.4390698841969208,0,Medium,United Kingdom,RFM 10-12 (mid-high)
13396.0,29,2,1325.29,662.645,592,290.0,290,4,2,4,10,424,2,0.5101986647546846,1,Medium,United Kingdom,RFM 10-12 (mid-high)
13397.0,73,10,3094.11,309.411,1327,68.44444444444444,616,3,5,5,13,355,0,0.0802222889564285,0,Low,United Kingdom,RFM 13-15 (high)
13398.0,192,2,670.34,335.17,341,256.0,256,2,2,3,7,223,1,0.5651771756071716,1,Medium,United Kingdom,RFM 7-9 (mid-low)
13399.0,464,3,275.4,91.8,120,27.0,54,1,3,2,6,132,1,0.8364767509595145,1,High,United Kingdom,RFM 3-6 (low)
13400.0,583,1,300.93,300.93,282,,0,1,1,2,4,112,1,0.8209147873361448,1,High,United Kingdom,RFM 3-6 (low)
13402.0,127,4,1226.85,306.71250000000003,917,145.66666666666666,437,3,3,4,10,334,1,0.4261069935074353,0,Medium,United Kingdom,RFM 10-12 (mid-high)
13403.0,18,3,229.5,76.5,114,352.5,705,5,3,1,9,531,2,0.50931179679711,1,Medium,United Kingdom,RFM 7-9 (mid-low)
13404.0,1,2,252.49,126.245,111,211.0,211,5,2,1,8,521,2,0.5227354141701244,1,Medium,United Kingdom,RFM 7-9 (mid-low)
13405.0,74,6,1196.561,199.4268333333333,848,130.0,650,3,4,4,11,344,2,0.3380621230952957,0,Low,United Kingdom,RFM 10-12 (mid-high)
13406.0,427,2,557.22,278.61,286,204.0,204,1,2,2,5,122,1,0.6814436216953876,1,Medium,United Kingdom,RFM 3-6 (low)
13407.0,579,3,2111.89,703.9633333333333,1623,41.5,83,1,3,4,8,134,1,0.7039902947609957,1,High,United Kingdom,RFM 7-9 (mid-low)
13408.0,2,106,49315.022,465.23605660377353,28516,6.980952380952381,733,5,5,5,15,555,3,0.0201314444324055,0,Low,United Kingdom,RFM 13-15 (high)
13410.0,24,9,2172.51,241.39,1233,88.375,707,4,5,4,13,454,0,0.1502524988281729,0,Low,United Kingdom,RFM 13-15 (high)
13411.0,107,1,213.55,213.55,72,,0,3,1,1,5,311,1,0.6786602078468634,1,Medium,United Kingdom,RFM 3-6 (low)
13412.0,620,1,487.35,487.35,176,,0,1,1,2,4,112,1,0.780308050529944,1,High,United Kingdom,RFM 3-6 (low)
13413.0,640,6,345.8,57.63333333333333,382,9.4,47,1,4,2,7,142,1,0.7934223113673198,1,High,United Kingdom,RFM 7-9 (mid-low)
13414.0,134,6,2482.24,413.70666666666665,2700,93.8,469,3,4,4,11,344,2,0.1740316369299899,0,Low,United Kingdom,RFM 10-12 (mid-high)
13415.0,473,4,665.42,166.355,404,85.0,255,1,3,3,7,133,1,0.6506802138577094,1,Medium,United Kingdom,RFM 7-9 (mid-low)
13416.0,44,3,940.8,313.6,208,346.0,692,4,3,3,10,433,2,0.5355574529603127,1,Medium,United Kingdom,RFM 10-12 (mid-high)
13417.0,5,6,1593.89,265.64833333333337,508,132.8,664,5,4,4,13,544,2,0.3491691875584969,0,Low,United Kingdom,RFM 13-15 (high)
13418.0,12,31,11242.22,362.6522580645161,7271,23.866666666666667,716,5,5,5,15,555,0,0.0192713506431495,0,Low,United Kingdom,RFM 13-15 (high)
13419.0,64,1,221.06,221.06,275,,0,3,1,1,5,311,2,0.5552399898610982,1,Medium,United Kingdom,RFM 3-6 (low)
13420.0,150,2,140.35,70.175,88,20.0,20,3,2,1,6,321,1,0.6547328377578349,1,Medium,United Kingdom,RFM 3-6 (low)
13421.0,40,8,4044.45,505.55625,2348,88.85714285714286,622,4,4,5,13,445,0,0.124522128690874,0,Low,United Kingdom,RFM 13-15 (high)
13422.0,64,1,2601.55,2601.55,1321,,0,3,1,4,8,314,2,0.6427205570710547,1,Medium,United Kingdom,RFM 7-9 (mid-low)
13423.0,429,1,217.03,217.03,141,,0,1,1,1,3,111,1,0.844768662903625,1,High,United Kingdom,RFM 3-6 (low)
13424.0,450,1,557.92,557.92,526,,0,1,1,2,4,112,1,0.7548301817711212,1,High,United Kingdom,RFM 3-6 (low)
13425.0,108,5,3362.73,672.546,2352,117.75,471,3,4,5,12,345,2,0.1625824509009077,0,Low,United Kingdom,RFM 10-12 (mid-high)
13426.0,1,22,8076.76,367.12545454545455,4847,34.714285714285715,729,5,5,5,15,555,0,0.0195082747701719,0,Low,United Kingdom,RFM 13-15 (high)
13427.0,19,6,1006.53,167.755,880,140.4,702,5,4,3,12,543,2,0.3486564772866105,0,Low,United Kingdom,RFM 10-12 (mid-high)
13428.0,10,3,478.54,159.51333333333335,356,252.0,504,5,3,2,10,532,2,0.4601881494036592,0,Medium,United Kingdom,RFM 10-12 (mid-high)
13429.0,11,4,1006.8,251.7,1390,21.33333333333333,64,5,3,3,11,533,2,0.2090163535439063,0,Low,United Kingdom,RFM 10-12 (mid-high)
13430.0,19,2,648.6899999999999,324.345,738,67.0,67,5,2,3,10,523,2,0.3066916331727052,0,Low,United Kingdom,RFM 10-12 (mid-high)
13431.0,67,8,3289.24,411.155,1566,84.57142857142857,592,3,4,5,12,345,0,0.1337280620136916,0,Low,United Kingdom,RFM 10-12 (mid-high)
13432.0,571,2,439.1,219.55,217,40.0,40,1,2,2,5,122,1,0.7753759472720888,1,High,United Kingdom,RFM 3-6 (low)
13433.0,501,4,656.87,164.2175,189,65.0,195,1,3,3,7,133,1,0.7051195388447304,1,High,United Kingdom,RFM 7-9 (mid-low)
13434.0,74,5,1666.86,333.372,864,145.25,581,3,4,4,11,344,2,0.2494647132468717,0,Low,United Kingdom,RFM 10-12 (mid-high)
13435.0,5,9,4431.93,492.4366666666667,2750,61.75,494,5,5,5,15,555,0,0.057498341274669,0,Low,United Kingdom,RFM 13-15 (high)
13436.0,2,1,196.89,196.89,76,,0,5,1,1,7,511,2,0.4893578759477243,0,Medium,United Kingdom,RFM 7-9 (mid-low)
13437.0,14,7,3408.06,486.8657142857143,1283,29.166666666666668,175,5,4,5,14,545,0,0.123713070492894,0,Low,United Kingdom,RFM 13-15 (high)
13438.0,547,1,46.5,46.5,10,,0,1,1,1,3,111,1,0.8896207656754869,1,High,United Kingdom,RFM 3-6 (low)
13439.0,255,3,986.61,328.87,952,135.0,270,2,3,3,8,233,1,0.5165945019858449,1,Medium,United Kingdom,RFM 7-9 (mid-low)
13440.0,423,7,1213.95,173.42142857142858,551,4.666666666666667,28,1,4,4,9,144,1,0.6801503874946111,1,Medium,United Kingdom,RFM 7-9 (mid-low)
13441.0,92,2,720.9,360.45,520,339.0,339,3,2,3,8,323,1,0.5314617840895466,1,Medium,United Kingdom,RFM 7-9 (mid-low)
13442.0,667,3,419.87,139.95666666666668,115,35.0,70,1,3,2,6,132,1,0.7829098051110849,1,High,United Kingdom,RFM 3-6 (low)
13443.0,449,6,1240.71,206.785,794,45.6,228,1,4,4,9,144,1,0.6350026741048896,1,Medium,United Kingdom,RFM 7-9 (mid-low)
13444.0,374,2,619.08,309.54,331,131.0,131,2,2,3,7,223,1,0.6762800064338699,1,Medium,United Kingdom,RFM 7-9 (mid-low)
13445.0,626,1,241.9,241.9,198,,0,1,1,1,3,111,1,0.8427849002859127,1,High,United Kingdom,RFM 3-6 (low)
13446.0,430,11,3608.86,328.0781818181818,2337,23.3,233,1,5,5,11,155,1,0.7078717384228903,1,High,United Kingdom,RFM 10-12 (mid-high)
13447.0,23,3,1104.23,368.07666666666665,577,6.0,12,4,3,3,10,433,2,0.3056676158275298,0,Low,United Kingdom,RFM 10-12 (mid-high)
13448.0,17,13,7952.81,611.7546153846154,4171,59.75,717,5,5,5,15,555,0,0.0394099421245482,0,Low,United Kingdom,RFM 13-15 (high)
13449.0,24,1,291.88,291.88,222,,0,4,1,2,7,412,2,0.4135643596309811,0,Medium,United Kingdom,RFM 7-9 (mid-low)
13450.0,27,13,4117.54,316.7338461538462,4316,48.0,576,4,5,5,14,455,0,0.0487875657724267,0,Low,United Kingdom,RFM 13-15 (high)
13451.0,26,11,7019.11,638.1009090909091,5220,60.1,601,4,5,5,14,455,0,0.041513297835741,0,Low,United Kingdom,RFM 13-15 (high)
13452.0,259,3,729.8,243.26666666666665,6,106.5,213,2,3,3,8,233,1,0.5522727178161724,1,Medium,United Kingdom,RFM 7-9 (mid-low)
13453.0,166,3,758.99,252.99666666666667,339,118.0,236,3,3,3,9,333,1,0.4830317353974399,0,Medium,United Kingdom,RFM 7-9 (mid-low)
13454.0,641,1,219.87,219.87,198,,0,1,1,1,3,111,1,0.8407954379980606,1,High,United Kingdom,RFM 3-6 (low)
13455.0,25,6,2080.88,346.81333333333333,767,141.2,706,4,4,4,12,444,2,0.250566559828164,0,Low,United Kingdom,RFM 10-12 (mid-high)
13456.0,18,6,1737.8200000000002,289.6366666666667,756,37.8,189,5,4,4,13,544,2,0.1639323547250717,0,Low,United Kingdom,RFM 13-15 (high)
13457.0,689,2,143.27,71.635,93,48.0,48,1,2,1,4,121,1,0.8180790911026052,1,High,United Kingdom,RFM 3-6 (low)
13458.0,7,16,11850.62,740.66375,6712,25.4,381,5,5,5,15,555,0,0.0543984971674283,0,Low,United Kingdom,RFM 13-15 (high)
13459.0,625,2,1160.41,580.2049999999999,986,57.0,57,1,2,3,6,123,1,0.688144172007904,1,Medium,United Kingdom,RFM 3-6 (low)
13460.0,29,2,183.44,91.72,286,20.0,20,4,2,1,7,421,2,0.5295250596006222,1,Medium,United Kingdom,RFM 7-9 (mid-low)
13461.0,39,6,4138.5,689.75,3128,111.6,558,4,4,5,13,445,2,0.1075568930598759,0,Low,United Kingdom,RFM 13-15 (high)
13462.0,253,5,1145.6,229.12,696,118.25,473,2,4,3,9,243,1,0.4640873035934812,0,Medium,United Kingdom,RFM 7-9 (mid-low)
13464.0,58,6,3083.89,513.9816666666667,1429,111.8,559,4,4,5,13,445,2,0.1390494601862916,0,Low,United Kingdom,RFM 13-15 (high)
13465.0,446,2,931.12,465.56,584,139.0,139,1,2,3,6,123,1,0.6934293716592022,1,Medium,United Kingdom,RFM 3-6 (low)
13466.0,184,5,952.25,190.45,648,111.0,444,3,4,3,10,343,1,0.382364848867552,0,Low,United Kingdom,RFM 10-12 (mid-high)
13467.0,11,2,1071.91,535.955,580,25.0,25,5,2,3,10,523,2,0.3227142972978596,0,Low,United Kingdom,RFM 10-12 (mid-high)
13468.0,2,72,12518.01,173.86125,5558,10.338028169014084,734,5,5,5,15,555,0,0.0284849250856407,0,Low,United Kingdom,RFM 13-15 (high)
13469.0,653,1,82.4,82.4,52,,0,1,1,1,3,111,1,0.9061850295252144,1,High,United Kingdom,RFM 3-6 (low)
13470.0,99,2,165.0,82.5,100,15.0,15,3,2,1,6,321,1,0.5910970236886669,1,Medium,United Kingdom,RFM 3-6 (low)
13471.0,1,4,2501.84,625.46,1583,15.333333333333334,46,5,3,4,12,534,2,0.1856154493868178,0,Low,United Kingdom,RFM 10-12 (mid-high)
13472.0,464,2,592.24,296.12,310,91.0,91,1,2,3,6,123,1,0.7080394841885821,1,High,United Kingdom,RFM 3-6 (low)
13473.0,61,8,2410.98,301.3725,956,94.71428571428572,663,3,4,4,11,344,2,0.1622098747874764,0,Low,United Kingdom,RFM 10-12 (mid-high)
13474.0,236,3,646.59,215.53,318,129.0,258,2,3,3,8,233,1,0.5163567514782986,1,Medium,United Kingdom,RFM 7-9 (mid-low)
13475.0,191,4,1431.78,357.945,1012,35.666666666666664,107,2,3,4,9,234,1,0.4901227156366352,0,Medium,United Kingdom,RFM 7-9 (mid-low)
13476.0,179,5,1915.77,383.154,710,116.5,466,3,4,4,11,344,1,0.2783635230116165,0,Low,United Kingdom,RFM 10-12 (mid-high)
13477.0,38,11,2806.12,255.10181818181812,2088,64.6,646,4,5,4,13,454,0,0.0729826701079969,0,Low,United Kingdom,RFM 13-15 (high)
13478.0,469,5,2068.03,413.6060000000001,1168,51.75,207,1,4,4,9,144,1,0.6108143994447837,1,Medium,United Kingdom,RFM 7-9 (mid-low)
13479.0,201,4,808.5,202.125,708,92.0,276,2,3,3,8,233,1,0.4619879653182831,0,Medium,United Kingdom,RFM 7-9 (mid-low)
13480.0,417,2,627.82,313.91,362,262.0,262,1,2,3,6,123,1,0.6672265096889948,1,Medium,United Kingdom,RFM 3-6 (low)
13481.0,46,11,3803.09,345.73545454545456,2040,68.9,689,4,5,5,14,455,0,0.0721324350390597,0,Low,United Kingdom,RFM 13-15 (high)
13482.0,232,2,336.09,168.045,187,395.0,395,2,2,2,6,222,1,0.651666759638236,1,Medium,United Kingdom,RFM 3-6 (low)
13483.0,66,1,140.34,140.34,160,,0,3,1,1,5,311,2,0.6816168282057284,1,Medium,United Kingdom,RFM 3-6 (low)
13484.0,241,3,767.32,255.7733333333333,212,199.0,398,2,3,3,8,233,1,0.585458969528018,1,Medium,United Kingdom,RFM 7-9 (mid-low)
13485.0,233,11,2957.92,268.9018181818182,1788,50.3,503,2,5,5,12,255,0,0.3604627984593594,0,Low,United Kingdom,RFM 10-12 (mid-high)
13486.0,78,3,1122.41,374.1366666666667,669,38.0,76,3,3,3,9,333,2,0.3580079390613949,0,Low,United Kingdom,RFM 7-9 (mid-low)
13487.0,58,5,846.87,169.374,362,169.25,677,4,4,3,11,443,2,0.4212744125710553,0,Medium,United Kingdom,RFM 10-12 (mid-high)
13488.0,17,23,14131.81,614.4265217391304,7358,30.27272727272728,666,5,5,5,15,555,0,0.0243089589680481,0,Low,United Kingdom,RFM 13-15 (high)
13489.0,105,4,449.52,112.38,560,63.0,189,3,3,2,8,332,2,0.4198404904849952,0,Medium,United Kingdom,RFM 7-9 (mid-low)
13490.0,654,1,154.25,154.25,25,,0,1,1,1,3,111,1,0.8949084167950592,1,High,United Kingdom,RFM 3-6 (low)
13491.0,52,27,4467.66,165.46888888888887,2349,26.192307692307693,681,4,5,5,14,455,0,0.0409334648091515,0,Low,United Kingdom,RFM 13-15 (high)
13492.0,136,3,1269.84,423.28,408,39.0,78,3,3,4,10,334,1,0.4967673283843532,0,Medium,Switzerland,RFM 10-12 (mid-high)
13493.0,275,2,618.63,309.315,380,11.0,11,2,2,3,7,223,1,0.6157567368135691,1,Medium,Switzerland,RFM 7-9 (mid-low)
13494.0,312,1,316.26000000000005,316.26000000000005,162,,0,2,1,2,5,212,1,0.7966705086910477,1,High,United Kingdom,RFM 3-6 (low)
13495.0,8,10,4790.41,479.041,2443,80.44444444444444,724,5,5,5,15,555,0,0.0688441384530385,0,Low,United Kingdom,RFM 13-15 (high)
13496.0,11,2,617.93,308.965,329,349.0,349,5,2,3,10,523,2,0.4904179382320071,0,Medium,United Kingdom,RFM 10-12 (mid-high)
13497.0,283,6,1139.83,189.97166666666664,521,77.2,386,2,4,3,9,243,1,0.5712583858906396,1,Medium,United Kingdom,RFM 7-9 (mid-low)
13498.0,730,1,327.38,327.38,362,,0,1,1,2,4,112,1,0.8355857704253202,1,High,United Kingdom,RFM 3-6 (low)
13499.0,18,5,1146.96,229.392,1358,63.0,252,5,4,3,12,543,2,0.1901308286635996,0,Low,United Kingdom,RFM 10-12 (mid-high)
13500.0,23,4,1436.3,359.075,814,126.0,378,4,3,4,11,434,2,0.2779674778247205,0,Low,United Kingdom,RFM 10-12 (mid-high)
13501.0,288,3,2840.26,946.7533333333334,1238,141.0,282,2,3,5,10,235,1,0.5247105675157807,1,Medium,Switzerland,RFM 10-12 (mid-high)
13502.0,17,5,774.6,154.92000000000002,488,132.75,531,5,4,3,12,543,2,0.3886540687016171,0,Low,United Kingdom,RFM 10-12 (mid-high)
13503.0,71,6,1747.39,291.2316666666667,1082,117.8,589,3,4,4,11,344,2,0.1974454369737931,0,Low,United Kingdom,RFM 10-12 (mid-high)
13504.0,64,1,295.93,295.93,178,,0,3,1,2,6,312,2,0.5336958428604572,1,Medium,United Kingdom,RFM 3-6 (low)
13505.0,73,4,4282.88,1070.72,2461,53.0,159,3,3,5,11,335,2,0.2742907184589899,0,Low,Switzerland,RFM 10-12 (mid-high)
13506.0,316,5,1308.53,261.706,936,36.0,144,2,4,4,10,244,1,0.6358538609745196,1,Medium,United Kingdom,RFM 10-12 (mid-high)
13507.0,3,4,2479.16,619.79,1597,47.333333333333336,142,5,3,4,12,534,2,0.1923902333971954,0,Low,United Kingdom,RFM 10-12 (mid-high)
13508.0,244,2,287.05,143.525,180,399.0,399,2,2,2,6,222,1,0.6508619054689312,1,Medium,United Kingdom,RFM 3-6 (low)
13509.0,9,8,1114.72,139.34,1214,71.14285714285714,498,5,4,3,12,543,2,0.1827643065544028,0,Low,United Kingdom,RFM 10-12 (mid-high)
13510.0,1,11,4488.39,408.03545454545457,3022,71.7,717,5,5,5,15,555,0,0.051988481194184,0,Low,United Kingdom,RFM 13-15 (high)
13511.0,677,1,244.61,244.61,53,,0,1,1,1,3,111,1,0.8700589937467885,1,High,United Kingdom,RFM 3-6 (low)
13512.0,261,4,713.39,178.3475,419,107.33333333333331,322,2,3,3,8,233,1,0.5163879121799555,1,Medium,United Kingdom,RFM 7-9 (mid-low)
13513.0,127,3,796.99,265.66333333333336,352,264.0,528,3,3,3,9,333,1,0.5205936649392737,1,Medium,United Kingdom,RFM 7-9 (mid-low)
13514.0,74,4,815.9000000000001,203.975,288,202.66666666666663,608,3,3,3,9,333,2,0.4797900712505731,0,Medium,United Kingdom,RFM 7-9 (mid-low)
13515.0,73,6,1265.82,210.97,819,114.2,571,3,4,4,11,344,2,0.2904299382186149,0,Low,United Kingdom,RFM 10-12 (mid-high)
13516.0,21,4,1685.26,421.315,1114,132.0,396,4,3,4,11,434,2,0.2352567304604599,0,Low,United Kingdom,RFM 10-12 (mid-high)
13517.0,60,3,2109.07,703.0233333333334,1360,60.0,120,3,3,4,10,334,2,0.3446502079417184,0,Low,United Kingdom,RFM 10-12 (mid-high)
13518.0,86,1,627.16,627.16,382,,0,3,1,3,7,313,1,0.5786991159371712,1,Medium,United Kingdom,RFM 7-9 (mid-low)
13519.0,78,2,331.26,165.63,132,364.0,364,3,2,2,7,322,2,0.6542404069847778,1,Medium,United Kingdom,RFM 7-9 (mid-low)
13520.0,59,11,6377.25,579.75,3115,66.3,663,4,5,5,14,455,0,0.0752888823372117,0,Low,Switzerland,RFM 13-15 (high)
13521.0,1,3,1071.73,357.24333333333334,718,4.0,8,5,3,3,11,533,2,0.2665147260424118,0,Low,United Kingdom,RFM 10-12 (mid-high)
13522.0,30,1,125.8,125.8,44,,0,4,1,1,6,411,2,0.6973207223318744,1,Medium,United Kingdom,RFM 3-6 (low)
13523.0,33,6,4325.07,720.8449999999999,1982,73.8,369,4,4,5,13,445,0,0.1256458446450285,0,Low,United Kingdom,RFM 13-15 (high)
13524.0,41,5,680.1800000000001,136.036,324,44.75,179,4,4,3,11,443,2,0.374778022810078,0,Low,United Kingdom,RFM 10-12 (mid-high)
13525.0,15,2,628.78,314.39,394,233.0,233,5,2,3,10,523,2,0.4370631046237996,0,Medium,United Kingdom,RFM 10-12 (mid-high)
13526.0,738,2,942.6,471.3,1647,0.0,0,1,2,3,6,123,1,0.7020689444437883,1,High,United Kingdom,RFM 3-6 (low)
13527.0,34,12,4507.59,375.6325,2716,59.36363636363637,653,4,5,5,14,455,0,0.0520912510101855,0,Low,United Kingdom,RFM 13-15 (high)
13529.0,79,2,307.76,153.88,74,125.0,125,3,2,2,7,322,2,0.5278817228084433,1,Medium,United Kingdom,RFM 7-9 (mid-low)
13530.0,634,1,402.98,402.98,272,,0,1,1,2,4,112,1,0.8119309860619687,1,High,United Kingdom,RFM 3-6 (low)
13531.0,205,6,1433.07,238.845,497,106.2,531,2,4,4,10,244,1,0.461032075904047,0,Medium,United Kingdom,RFM 10-12 (mid-high)
13532.0,34,1,210.31,210.31,129,,0,4,1,1,6,411,2,0.4494529602128622,0,Medium,United Kingdom,RFM 3-6 (low)
13533.0,183,3,269.09,89.69666666666666,202,42.0,84,3,3,2,8,332,1,0.6396007800238429,1,Medium,United Kingdom,RFM 7-9 (mid-low)
13534.0,2,35,7324.5,209.27142857142857,3708,15.205882352941176,517,5,5,5,15,555,0,0.0218177614419916,0,Low,United Kingdom,RFM 13-15 (high)
13535.0,403,1,89.5,89.5,10,,0,2,1,1,4,211,1,0.8855721561485288,1,High,United Kingdom,RFM 3-6 (low)
13536.0,1,7,3444.39,492.0557142857143,2126,12.333333333333334,74,5,4,5,14,545,0,0.1128580882864784,0,Low,United Kingdom,RFM 13-15 (high)
13537.0,426,2,717.85,358.925,337,26.0,26,1,2,3,6,123,1,0.7204918133938034,1,High,United Kingdom,RFM 3-6 (low)
13538.0,43,12,3103.13,258.5941666666667,959,57.45454545454545,632,4,5,5,14,455,0,0.0914319490974427,0,Low,United Kingdom,RFM 13-15 (high)
13539.0,86,7,1531.26,218.75142857142856,698,84.0,504,3,4,4,11,344,2,0.2507672054325886,0,Low,United Kingdom,RFM 10-12 (mid-high)
13540.0,467,3,632.39,210.79666666666665,189,94.0,188,1,3,3,7,133,1,0.7017497189416082,1,High,United Kingdom,RFM 7-9 (mid-low)
13541.0,427,2,717.9,358.95,266,143.0,143,1,2,3,6,123,1,0.7371059281729343,1,High,United Kingdom,RFM 3-6 (low)
13542.0,377,17,3924.09,230.82882352941172,801,22.0,352,2,5,5,12,255,0,0.6734527772310764,1,Medium,United Kingdom,RFM 10-12 (mid-high)
13543.0,634,2,1439.61,719.8050000000001,329,52.0,52,1,2,4,7,124,1,0.7177244586174649,1,High,United Kingdom,RFM 7-9 (mid-low)
13544.0,40,6,781.7,130.28333333333333,330,121.0,605,4,4,3,11,443,2,0.4105427764786539,0,Medium,United Kingdom,RFM 10-12 (mid-high)
13545.0,391,2,337.64,168.82,245,153.0,153,2,2,2,6,222,1,0.7658277372596889,1,High,United Kingdom,RFM 3-6 (low)
13546.0,12,5,1086.24,217.248,587,102.75,411,5,4,3,12,543,2,0.3336120656877785,0,Low,United Kingdom,RFM 10-12 (mid-high)
13547.0,408,1,167.08,167.08,79,,0,2,1,1,4,211,1,0.9071950066067856,1,High,United Kingdom,RFM 3-6 (low)
13548.0,96,3,901.44,300.48,558,187.5,375,3,3,3,9,333,2,0.5170872265977798,1,Medium,United Kingdom,RFM 7-9 (mid-low)
13549.0,26,8,1003.72,125.465,553,51.57142857142857,361,4,4,3,11,443,2,0.3041020203755,0,Low,United Kingdom,RFM 10-12 (mid-high)
13550.0,383,1,342.55,342.55,430,,0,2,1,2,5,212,1,0.806324009653869,1,High,United Kingdom,RFM 3-6 (low)
13551.0,319,2,244.2,122.1,36,346.0,346,2,2,1,5,221,1,0.7286294718617641,1,High,United Kingdom,RFM 3-6 (low)
13552.0,66,22,6588.63,299.48318181818183,2562,28.19047619047619,592,3,5,5,13,355,0,0.040214046523648,0,Low,United Kingdom,RFM 13-15 (high)
13553.0,675,1,499.6,499.6,201,,0,1,1,2,4,112,1,0.7822446765628638,1,High,United Kingdom,RFM 3-6 (low)
13554.0,380,7,1547.46,221.06571428571428,564,11.0,66,2,4,4,10,244,1,0.6748924154693072,1,Medium,United Kingdom,RFM 10-12 (mid-high)
13555.0,74,13,8798.99,676.8453846153845,4743,51.25,615,3,5,5,13,355,0,0.0554965146764355,0,Low,United Kingdom,RFM 13-15 (high)
13556.0,429,2,200.82,100.41,134,6.0,6,1,2,1,4,121,1,0.7488731320046468,1,High,United Kingdom,RFM 3-6 (low)
13557.0,28,13,2980.08,229.23692307692303,2360,58.5,702,4,5,5,14,455,0,0.0472179942676062,0,Low,United Kingdom,RFM 13-15 (high)
13558.0,6,4,594.52,148.63,338,20.666666666666668,62,5,3,3,11,533,2,0.3546958699399601,0,Low,United Kingdom,RFM 10-12 (mid-high)
13559.0,513,2,990.0,495.0,360,30.0,30,1,2,3,6,123,1,0.7388046876467932,1,High,United Kingdom,RFM 3-6 (low)
13560.0,7,1,171.42000000000002,171.42000000000002,63,,0,5,1,1,7,511,2,0.5764866269678497,1,Medium,United Kingdom,RFM 7-9 (mid-low)
13561.0,216,11,1803.4,163.94545454545457,1125,43.3,433,2,5,4,11,254,0,0.3467427950650607,0,Low,United Kingdom,RFM 10-12 (mid-high)
13562.0,82,8,4838.18,604.7725,1603,87.42857142857143,612,3,4,5,12,345,0,0.1545124056618485,0,Low,United Kingdom,RFM 10-12 (mid-high)
13563.0,84,2,777.53,388.765,209,55.0,55,3,2,3,8,323,2,0.4897786835999129,0,Medium,United Kingdom,RFM 7-9 (mid-low)
13564.0,144,37,15036.14,406.38216216216216,8774,16.47222222222222,593,3,5,5,13,355,0,0.2334410071822513,0,Low,United Kingdom,RFM 13-15 (high)
13565.0,19,3,414.8,138.26666666666668,260,195.5,391,5,3,2,10,532,2,0.5727892377187256,1,Medium,United Kingdom,RFM 10-12 (mid-high)
13566.0,41,5,1688.6,337.72,1257,149.5,598,4,4,4,12,444,2,0.2375684604460301,0,Low,United Kingdom,RFM 10-12 (mid-high)
13567.0,428,4,1074.19,268.5475,641,37.66666666666666,113,1,3,3,7,133,1,0.6926346344749075,1,Medium,United Kingdom,RFM 7-9 (mid-low)
13568.0,173,1,187.05,187.05,66,,0,3,1,1,5,311,1,0.742339996424485,1,High,United Kingdom,RFM 3-6 (low)
13569.0,17,4,726.54,181.635,345,137.0,411,5,3,3,11,533,2,0.3775086042136854,0,Low,United Kingdom,RFM 10-12 (mid-high)
13570.0,243,1,239.49,239.49,161,,0,2,1,1,4,211,1,0.7429589428564748,1,High,United Kingdom,RFM 3-6 (low)
13571.0,13,26,4537.26,174.51000000000002,3191,28.72,718,5,5,5,15,555,0,0.0324530636809365,0,Low,United Kingdom,RFM 13-15 (high)
13572.0,206,1,1384.25,1384.25,534,,0,2,1,4,7,214,1,0.7182810775708545,1,High,United Kingdom,RFM 7-9 (mid-low)
13573.0,50,6,904.52,150.75333333333333,647,117.2,586,4,4,3,11,443,2,0.3985744211585794,0,Low,United Kingdom,RFM 10-12 (mid-high)
13574.0,411,1,404.45,404.45,304,,0,1,1,2,4,112,1,0.7831906379796876,1,High,United Kingdom,RFM 3-6 (low)
13575.0,23,5,732.0699999999999,146.414,449,38.0,152,4,4,3,11,443,2,0.3265432033044127,0,Low,United Kingdom,RFM 10-12 (mid-high)
13576.0,10,28,11167.0,398.82142857142856,4493,26.703703703703702,721,5,5,5,15,555,0,0.0205371629747658,0,Low,United Kingdom,RFM 13-15 (high)
13577.0,25,11,3346.62,304.23818181818183,1612,69.9,699,4,5,5,14,455,0,0.0603836898035278,0,Low,United Kingdom,RFM 13-15 (high)
13578.0,409,1,147.66,147.66,127,,0,2,1,1,4,211,1,0.8637537265572729,1,High,United Kingdom,RFM 3-6 (low)
13579.0,15,5,1371.14,274.228,714,161.0,644,5,4,4,13,544,2,0.3082565221116007,0,Low,United Kingdom,RFM 13-15 (high)
13580.0,406,1,107.75,107.75,45,,0,2,1,1,4,211,1,0.9035178486023082,1,High,United Kingdom,RFM 3-6 (low)
13581.0,309,2,280.53000000000003,140.265,119,104.0,104,2,2,2,6,222,1,0.7730190196956066,1,High,United Kingdom,RFM 3-6 (low)
13582.0,390,2,241.68,120.84,106,227.0,227,2,2,1,5,221,1,0.7478118635007404,1,High,United Kingdom,RFM 3-6 (low)
13583.0,156,2,1445.031,722.5155,1097,523.0,523,3,2,4,9,324,1,0.5197226822360668,1,Medium,United Kingdom,RFM 7-9 (mid-low)
13584.0,307,3,340.4,113.46666666666664,273,184.5,369,2,3,2,7,232,1,0.714985335395987,1,High,United Kingdom,RFM 7-9 (mid-low)
13585.0,531,3,674.46,224.82,1338,103.5,207,1,3,3,7,133,1,0.6486151686857414,1,Medium,United Kingdom,RFM 7-9 (mid-low)
13586.0,541,1,127.28,127.28,38,,0,1,1,1,3,111,1,0.9020651777994426,1,High,United Kingdom,RFM 3-6 (low)
13587.0,64,4,1308.1,327.025,644,199.66666666666663,599,3,3,4,10,334,2,0.4420779874654632,0,Medium,United Kingdom,RFM 10-12 (mid-high)
13588.0,16,9,2445.12,271.68,2573,29.875,239,5,5,4,14,554,0,0.0830769709921587,0,Low,United Kingdom,RFM 13-15 (high)
13589.0,15,6,1120.74,186.79,293,143.8,719,5,4,3,12,543,2,0.3887272184710797,0,Low,United Kingdom,RFM 10-12 (mid-high)
13590.0,11,18,6284.74,349.15222222222224,5261,42.70588235294117,726,5,5,5,15,555,0,0.0262923172909581,0,Low,United Kingdom,RFM 13-15 (high)
13591.0,65,7,2081.19,297.3128571428571,849,110.0,660,3,4,4,11,344,2,0.2326386344976652,0,Low,United Kingdom,RFM 10-12 (mid-high)
13592.0,36,4,247.96,61.99,84,76.0,228,4,3,1,8,431,2,0.4774888338090858,0,Medium,United Kingdom,RFM 7-9 (mid-low)
13593.0,108,14,5444.81,388.915,2142,41.38461538461539,538,3,5,5,13,355,0,0.1185427004437471,0,Low,United Kingdom,RFM 13-15 (high)
13594.0,53,2,508.42,254.21,394,432.0,432,4,2,2,8,422,2,0.5602297903067399,1,Medium,United Kingdom,RFM 7-9 (mid-low)
13595.0,517,3,784.48,261.49333333333334,341,64.5,129,1,3,3,7,133,1,0.691765243192902,1,Medium,United Kingdom,RFM 7-9 (mid-low)
13596.0,6,2,664.11,332.055,384,7.0,7,5,2,3,10,523,2,0.3106464380711728,0,Low,United Kingdom,RFM 10-12 (mid-high)
13597.0,400,2,372.21,186.105,220,2.0,2,2,2,2,6,222,1,0.73339794741539,1,High,United Kingdom,RFM 3-6 (low)
13598.0,47,5,749.21,149.842,392,151.0,604,4,4,3,11,443,2,0.4294932736017247,0,Medium,United Kingdom,RFM 10-12 (mid-high)
13599.0,1,33,9433.75,285.8712121212121,6024,23.03125,737,5,5,5,15,555,0,0.0184158795561436,0,Low,United Kingdom,RFM 13-15 (high)
13600.0,312,2,518.42,259.21,599,321.0,321,2,2,2,6,222,1,0.6687341135914044,1,Medium,United Kingdom,RFM 3-6 (low)
13601.0,45,4,1159.99,289.9975,957,167.0,501,4,3,3,10,433,2,0.3445288106881547,0,Low,United Kingdom,RFM 10-12 (mid-high)
13602.0,65,4,1025.17,256.2925,538,165.0,495,3,3,3,9,333,2,0.4157720948095672,0,Medium,United Kingdom,RFM 7-9 (mid-low)
13603.0,26,1,164.34,164.34,164,,0,4,1,1,6,411,2,0.5320130133992568,1,Medium,United Kingdom,RFM 3-6 (low)
13604.0,659,1,713.39,713.39,239,,0,1,1,3,5,113,1,0.760100710196479,1,High,United Kingdom,RFM 3-6 (low)
13605.0,387,2,522.67,261.335,425,184.0,184,2,2,2,6,222,1,0.6510374048980947,1,Medium,United Kingdom,RFM 3-6 (low)
13606.0,29,3,276.75,92.25,276,141.0,282,4,3,2,9,432,2,0.4980624209353765,0,Medium,United Kingdom,RFM 7-9 (mid-low)
13607.0,40,2,1058.11,529.0550000000001,460,362.0,362,4,2,3,9,423,2,0.5986003129938837,1,Medium,United Kingdom,RFM 7-9 (mid-low)
13608.0,541,1,232.05,232.05,110,,0,1,1,1,3,111,1,0.8537683431080094,1,High,United Kingdom,RFM 3-6 (low)
13609.0,593,1,167.35,167.35,19,,0,1,1,1,3,111,1,0.8946947154775478,1,High,United Kingdom,RFM 3-6 (low)
13610.0,12,14,2071.96,147.99714285714285,861,53.15384615384615,691,5,5,4,14,554,0,0.1665195745533128,0,Low,United Kingdom,RFM 13-15 (high)
13611.0,89,10,3259.4300000000003,325.94300000000004,1975,71.88888888888889,647,3,5,5,13,355,0,0.1021147070816758,0,Low,United Kingdom,RFM 13-15 (high)
13612.0,633,1,777.79,777.79,438,,0,1,1,3,5,113,1,0.7616932839272799,1,High,United Kingdom,RFM 3-6 (low)
13613.0,453,5,1039.85,207.97000000000003,445,51.75,207,1,4,3,8,143,1,0.649243309696287,1,Medium,United Kingdom,RFM 7-9 (mid-low)
13614.0,24,6,2332.74,388.79,821,105.4,527,4,4,4,12,444,2,0.1590739510932168,0,Low,United Kingdom,RFM 10-12 (mid-high)
13615.0,319,8,6212.2300000000005,776.5287500000001,2891,51.57142857142857,361,2,4,5,11,245,0,0.4541124140460434,0,Medium,United Kingdom,RFM 10-12 (mid-high)
13616.0,568,2,283.85,141.925,172,122.0,122,1,2,2,5,122,1,0.7832318931797532,1,High,United Kingdom,RFM 3-6 (low)
13617.0,40,8,1263.8,157.975,592,64.85714285714286,454,4,4,4,12,444,2,0.25924707202393,0,Low,United Kingdom,RFM 10-12 (mid-high)
13618.0,174,1,177.34,177.34,246,,0,3,1,1,5,311,1,0.7660458516442958,1,High,United Kingdom,RFM 3-6 (low)
13619.0,545,2,224.94,112.47,79,129.0,129,1,2,1,4,121,1,0.8090871205891513,1,High,United Kingdom,RFM 3-6 (low)
13620.0,528,1,112.34,112.34,74,,0,1,1,1,3,111,1,0.9096596927716548,1,High,United Kingdom,RFM 3-6 (low)
13621.0,117,1,213.85,213.85,343,,0,3,1,1,5,311,1,0.6069256658136699,1,Medium,United Kingdom,RFM 3-6 (low)
13622.0,696,1,651.45,651.45,377,,0,1,1,3,5,113,1,0.7412675471646234,1,High,United Kingdom,RFM 3-6 (low)
13623.0,31,10,2412.93,241.293,996,78.44444444444444,706,4,5,4,13,454,0,0.1211272761245764,0,Low,United Kingdom,RFM 13-15 (high)
13624.0,388,1,427.18,427.18,814,,0,2,1,2,5,212,1,0.7294298353157445,1,High,United Kingdom,RFM 3-6 (low)
13625.0,597,1,301.26,301.26,144,,0,1,1,2,4,112,1,0.8188579382240379,1,High,United Kingdom,RFM 3-6 (low)
13626.0,253,2,689.49,344.745,395,126.0,126,2,2,3,7,223,1,0.5891552473600309,1,Medium,United Kingdom,RFM 7-9 (mid-low)
13627.0,59,7,2217.55,316.79285714285714,1627,96.83333333333331,581,4,4,4,12,444,2,0.1462042599560923,0,Low,United Kingdom,RFM 10-12 (mid-high)
13628.0,676,1,310.14,310.14,106,,0,1,1,2,4,112,1,0.8237250555476977,1,High,United Kingdom,RFM 3-6 (low)
13629.0,23,19,13370.86,703.7294736842106,7722,35.666666666666664,642,4,5,5,14,455,0,0.0250550835226476,0,Low,United Kingdom,RFM 13-15 (high)
13630.0,5,7,1995.68,285.09714285714284,1377,46.66666666666666,280,5,4,4,13,544,2,0.1195754999632366,0,Low,United Kingdom,RFM 13-15 (high)
13631.0,100,11,3021.77,274.7063636363636,460,16.7,167,3,5,5,13,355,0,0.2085121465119414,0,Low,United Kingdom,RFM 13-15 (high)
13632.0,25,8,3632.36,454.045,1630,83.71428571428571,586,4,4,5,13,445,0,0.109590602247971,0,Low,United Kingdom,RFM 13-15 (high)
13634.0,33,16,4479.85,279.990625,1934,44.266666666666666,664,4,5,5,14,455,0,0.0420397904160629,0,Low,United Kingdom,RFM 13-15 (high)
13635.0,68,4,2948.22,737.055,1869,223.66666666666663,671,3,3,5,11,335,2,0.2517000654440467,0,Low,United Kingdom,RFM 10-12 (mid-high)
13636.0,37,5,941.62,188.324,586,62.0,248,4,4,3,11,443,2,0.3246658833976626,0,Low,United Kingdom,RFM 10-12 (mid-high)
13637.0,52,3,804.3,268.1,405,87.0,174,4,3,3,10,433,2,0.4112014589863806,0,Medium,United Kingdom,RFM 10-12 (mid-high)
13638.0,16,1,122.64,122.64,93,,0,5,1,1,7,511,2,0.6571254975345079,1,Medium,United Kingdom,RFM 7-9 (mid-low)
13639.0,74,2,1346.27,673.135,997,362.0,362,3,2,4,9,324,2,0.5507031469447328,1,Medium,United Kingdom,RFM 7-9 (mid-low)
13640.0,611,1,405.0,405.0,108,,0,1,1,2,4,112,1,0.8144397889583394,1,High,United Kingdom,RFM 3-6 (low)
13641.0,641,5,921.82,184.364,1080,23.25,93,1,4,3,8,143,1,0.7220267506233015,1,High,United Kingdom,RFM 7-9 (mid-low)
13642.0,216,4,459.45,114.8625,230,72.33333333333333,217,2,3,2,7,232,1,0.5379861632102068,1,Medium,United Kingdom,RFM 7-9 (mid-low)
13643.0,31,10,2112.17,211.217,894,77.77777777777777,700,4,5,4,13,454,0,0.1679763977537093,0,Low,United Kingdom,RFM 13-15 (high)
13644.0,16,4,2597.52,649.38,2060,29.666666666666668,89,5,3,4,12,534,2,0.1888794709163319,0,Low,United Kingdom,RFM 10-12 (mid-high)
13645.0,120,1,252.1,252.1,158,,0,3,1,1,5,311,1,0.6486675969012865,1,Medium,United Kingdom,RFM 3-6 (low)
13646.0,400,2,323.3,161.65,78,0.0,0,2,2,2,6,222,1,0.7366798352275036,1,High,United Kingdom,RFM 3-6 (low)
13647.0,10,8,3033.78,379.2225,1794,84.71428571428571,593,5,4,5,14,545,0,0.1100725717137975,0,Low,United Kingdom,RFM 13-15 (high)
13648.0,400,8,1679.01,209.87625,928,48.142857142857146,337,2,4,4,10,244,1,0.5555646717865749,1,Medium,United Kingdom,RFM 10-12 (mid-high)
13649.0,257,6,1453.68,242.28,782,54.0,270,2,4,4,10,244,1,0.5166035138372951,1,Medium,United Kingdom,RFM 10-12 (mid-high)
13650.0,17,10,3098.5,309.85,1674,74.0,666,5,5,5,15,555,0,0.0563869699690366,0,Low,United Kingdom,RFM 13-15 (high)
13651.0,35,3,208.95,69.64999999999999,60,173.0,346,4,3,1,8,431,2,0.5224635496672732,1,Medium,United Kingdom,RFM 7-9 (mid-low)
13652.0,46,5,2262.05,452.41,1458,151.5,606,4,4,4,12,444,2,0.2059630402744212,0,Low,United Kingdom,RFM 10-12 (mid-high)
13653.0,488,1,152.2,152.2,72,,0,1,1,1,3,111,1,0.9010746543177288,1,High,United Kingdom,RFM 3-6 (low)
13654.0,43,11,6308.0,573.4545454545455,4762,69.4,694,4,5,5,14,455,0,0.0630854907172946,0,Low,United Kingdom,RFM 13-15 (high)
13655.0,114,6,2259.3,376.55,1212,95.4,477,3,4,4,11,344,2,0.1499722329786467,0,Low,United Kingdom,RFM 10-12 (mid-high)
13656.0,165,4,1053.35,263.3375,859,143.33333333333334,430,3,3,3,9,333,1,0.4121855257746474,0,Medium,United Kingdom,RFM 7-9 (mid-low)
13657.0,11,2,382.14,191.07,209,190.0,190,5,2,2,9,522,2,0.501024629366778,1,Medium,United Kingdom,RFM 7-9 (mid-low)
13658.0,10,9,5772.07,641.3411111111111,2146,82.75,662,5,5,5,15,555,0,0.0916822817890706,0,Low,United Kingdom,RFM 13-15 (high)
13659.0,206,12,4706.43,392.2025,2492,41.36363636363637,455,2,5,5,12,255,0,0.355343335186318,0,Low,United Kingdom,RFM 10-12 (mid-high)
13660.0,400,1,295.74,295.74,134,,0,2,1,2,5,212,1,0.8000842461615015,1,High,United Kingdom,RFM 3-6 (low)
13661.0,603,1,325.24,325.24,118,,0,1,1,2,4,112,1,0.8241099173769558,1,High,United Kingdom,RFM 3-6 (low)
13662.0,86,11,2166.63,196.96636363636364,1142,57.2,572,3,5,4,12,354,0,0.1486725022856841,0,Low,United Kingdom,RFM 10-12 (mid-high)
13663.0,179,5,2013.61,402.722,891,116.75,467,3,4,4,11,344,1,0.2640947329196907,0,Low,United Kingdom,RFM 10-12 (mid-high)
13665.0,386,3,1711.66,570.5533333333333,1652,58.5,117,2,3,4,9,234,1,0.6717928730178244,1,Medium,United Kingdom,RFM 7-9 (mid-low)
13666.0,60,5,127.9,25.58,54,168.75,675,3,4,1,8,341,2,0.4113699597585299,0,Medium,United Kingdom,RFM 7-9 (mid-low)
13667.0,149,1,299.05,299.05,149,,0,3,1,2,6,312,1,0.690736961497751,1,Medium,United Kingdom,RFM 3-6 (low)
13668.0,3,35,12607.68,360.2194285714286,5945,21.323529411764707,725,5,5,5,15,555,0,0.0182290177124765,0,Low,United Kingdom,RFM 13-15 (high)
13669.0,51,3,413.55,137.85,393,178.0,356,4,3,2,9,432,2,0.539570819587503,1,Medium,United Kingdom,RFM 7-9 (mid-low)
13670.0,75,1,349.7,349.7,282,,0,3,1,2,6,312,1,0.5758718527918095,1,Medium,United Kingdom,RFM 3-6 (low)
13671.0,395,1,172.6,172.6,95,,0,2,1,1,4,211,1,0.8926912425856061,1,High,United Kingdom,RFM 3-6 (low)
13672.0,301,3,162.07000000000002,54.02333333333334,80,214.5,429,2,3,1,6,231,1,0.6917546064857579,1,Medium,United Kingdom,RFM 3-6 (low)
13673.0,19,2,387.44,193.72,114,13.0,13,5,2,2,9,522,2,0.3978750180238901,0,Low,United Kingdom,RFM 7-9 (mid-low)
13674.0,433,1,215.88,215.88,98,,0,1,1,1,3,111,1,0.8471213209356985,1,High,United Kingdom,RFM 3-6 (low)
13675.0,151,2,486.8200000000001,243.41000000000005,330,133.0,133,3,2,2,7,322,1,0.540796315933246,1,Medium,United Kingdom,RFM 7-9 (mid-low)
13676.0,539,2,153.15,76.575,59,80.0,80,1,2,1,4,121,1,0.8285180206503497,1,High,United Kingdom,RFM 3-6 (low)
13677.0,405,2,551.24,275.62,217,115.0,115,2,2,2,6,222,1,0.7171919037689922,1,High,United Kingdom,RFM 3-6 (low)
13678.0,152,1,232.6,232.6,924,,0,3,1,1,5,311,1,0.6680286402324387,1,Medium,United Kingdom,RFM 3-6 (low)
13679.0,494,3,281.26,93.75333333333332,102,120.5,241,1,3,2,6,132,1,0.775652523424252,1,High,United Kingdom,RFM 3-6 (low)
13680.0,1,12,9899.56,824.9633333333333,4575,66.63636363636364,733,5,5,5,15,555,0,0.0531807483824981,0,Low,United Kingdom,RFM 13-15 (high)
13681.0,18,4,827.83,206.9575,360,45.66666666666666,137,5,3,3,11,533,2,0.3300613011806666,0,Low,United Kingdom,RFM 10-12 (mid-high)
13682.0,187,1,59.5,59.5,10,,0,3,1,1,5,311,1,0.8199154802545152,1,High,United Kingdom,RFM 3-6 (low)
13683.0,458,1,258.6,258.6,180,,0,1,1,1,3,111,1,0.8444845530673344,1,High,United Kingdom,RFM 3-6 (low)
13684.0,286,4,544.42,136.105,222,111.66666666666669,335,2,3,2,7,232,1,0.689031501799838,1,Medium,United Kingdom,RFM 7-9 (mid-low)
13685.0,3,7,3119.44,445.63428571428574,5056,9.5,57,5,4,5,14,545,0,0.1092051131981626,0,Low,United Kingdom,RFM 13-15 (high)
13686.0,183,3,409.04,136.34666666666666,378,109.0,218,3,3,2,8,332,1,0.5058073447202325,1,Medium,United Kingdom,RFM 7-9 (mid-low)
13687.0,438,1,11880.84,11880.84,87167,,0,1,1,5,7,115,1,0.7841562422350797,1,High,United Kingdom,RFM 7-9 (mid-low)
13688.0,635,1,375.5,375.5,130,,0,1,1,2,4,112,1,0.8319215137043351,1,High,United Kingdom,RFM 3-6 (low)
13689.0,63,2,1259.5,629.75,722,381.0,381,3,2,4,9,324,2,0.5672428174789832,1,Medium,United Kingdom,RFM 7-9 (mid-low)
13690.0,59,1,172.25,172.25,67,,0,4,1,1,6,411,2,0.7158503786249709,1,High,United Kingdom,RFM 3-6 (low)
13691.0,396,1,212.78,212.78,145,,0,2,1,1,4,211,1,0.8400220061183228,1,High,United Kingdom,RFM 3-6 (low)
13692.0,25,5,3016.4500000000003,603.2900000000001,2089,98.75,395,4,4,5,13,445,2,0.1310710609267724,0,Low,United Kingdom,RFM 13-15 (high)
13693.0,374,9,1948.32,216.48,871,44.75,358,2,5,4,11,254,1,0.5462396145805964,1,Medium,United Kingdom,RFM 10-12 (mid-high)
13694.0,4,143,190020.84,1328.817062937063,184534,5.147887323943662,731,5,5,5,15,555,3,0.0278689701752268,0,Low,United Kingdom,RFM 13-15 (high)
13695.0,31,16,2770.73,173.170625,1791,36.4,546,4,5,4,13,454,0,0.0386185740312334,0,Low,United Kingdom,RFM 13-15 (high)
13696.0,422,3,2008.7,669.5666666666667,546,122.0,244,1,3,4,8,134,1,0.6395879133236515,1,Medium,United Kingdom,RFM 7-9 (mid-low)
13697.0,39,1,151.29999999999998,151.29999999999998,177,,0,4,1,1,6,411,2,0.5897911811035602,1,Medium,United Kingdom,RFM 3-6 (low)
13698.0,597,2,451.73,225.865,227,85.0,85,1,2,2,5,122,1,0.7723706984171023,1,High,United Kingdom,RFM 3-6 (low)
13699.0,155,2,711.4,355.7,214,395.0,395,3,2,3,8,323,1,0.6240665411442976,1,Medium,United Kingdom,RFM 7-9 (mid-low)
13700.0,26,13,2569.7200000000003,197.67076923076925,2775,53.66666666666666,644,4,5,4,13,454,0,0.0465088463562059,0,Low,United Kingdom,RFM 13-15 (high)
13701.0,447,1,159.55,159.55,79,,0,1,1,1,3,111,1,0.915329160076914,1,High,United Kingdom,RFM 3-6 (low)
13702.0,446,1,135.18,135.18,74,,0,1,1,1,3,111,1,0.9001906388942257,1,High,United Kingdom,RFM 3-6 (low)
13703.0,318,2,99.5,49.75,10,96.0,96,2,2,1,5,221,1,0.7422987216230819,1,High,United Kingdom,RFM 3-6 (low)
13704.0,5,9,2295.31,255.03444444444443,1528,10.375,83,5,5,4,14,554,0,0.1091479214981141,0,Low,United Kingdom,RFM 13-15 (high)
13705.0,8,7,1717.19,245.31285714285715,906,102.66666666666669,616,5,4,4,13,544,2,0.2006096794176787,0,Low,United Kingdom,RFM 13-15 (high)
13706.0,303,2,631.17,315.585,301,324.0,324,2,2,3,7,223,1,0.6327934603042052,1,Medium,United Kingdom,RFM 7-9 (mid-low)
13707.0,267,5,3365.86,673.172,2210,67.25,269,2,4,5,11,245,1,0.3861183913268926,0,Low,United Kingdom,RFM 10-12 (mid-high)
13708.0,271,1,285.33,285.33,301,,0,2,1,2,5,212,1,0.7160228228216213,1,High,United Kingdom,RFM 3-6 (low)
13709.0,4,18,7492.41,416.245,4107,40.76470588235294,693,5,5,5,15,555,0,0.0246765010958291,0,Low,United Kingdom,RFM 13-15 (high)
13710.0,32,3,509.52,169.84,336,290.0,580,4,3,2,9,432,2,0.4890682755021726,0,Medium,United Kingdom,RFM 7-9 (mid-low)
13711.0,219,9,1632.61,181.4011111111112,796,63.125,505,2,5,4,11,254,1,0.3853434215341235,0,Low,United Kingdom,RFM 10-12 (mid-high)
13712.0,247,2,766.42,383.21,1128,364.0,364,2,2,3,7,223,1,0.550082105039341,1,Medium,United Kingdom,RFM 7-9 (mid-low)
13713.0,408,3,740.76,246.92,284,87.0,174,2,3,3,8,233,1,0.6825202453534251,1,Medium,United Kingdom,RFM 7-9 (mid-low)
13714.0,465,1,161.35,161.35,50,,0,1,1,1,3,111,1,0.91419077450831,1,High,United Kingdom,RFM 3-6 (low)
13715.0,281,17,8108.09,476.9464705882353,4785,22.3125,357,2,5,5,12,255,0,0.6067247905894287,1,Medium,United Kingdom,RFM 10-12 (mid-high)
13716.0,269,1,138.28,138.28,138,,0,2,1,1,4,211,1,0.810081973878074,1,High,United Kingdom,RFM 3-6 (low)
13717.0,32,8,1748.05,218.50625,2141,64.71428571428571,453,4,4,4,12,444,2,0.1229717806707973,0,Low,United Kingdom,RFM 10-12 (mid-high)
13718.0,246,2,306.55,153.275,173,49.0,49,2,2,2,6,222,1,0.7072015285173984,1,High,United Kingdom,RFM 3-6 (low)
13719.0,15,11,2783.08,253.00727272727272,1588,55.6,556,5,5,4,14,554,0,0.0587756910994767,0,Low,United Kingdom,RFM 13-15 (high)
13720.0,117,4,799.9,199.975,501,46.0,138,3,3,3,9,333,2,0.3990008091545307,0,Low,United Kingdom,RFM 7-9 (mid-low)
13721.0,36,2,741.54,370.77,512,358.0,358,4,2,3,9,423,2,0.5086993856061437,1,Medium,United Kingdom,RFM 7-9 (mid-low)
13722.0,132,10,5629.16,562.9159999999999,3058,57.11111111111112,514,3,5,5,13,355,0,0.1515777254476794,0,Low,United Kingdom,RFM 13-15 (high)
13723.0,217,6,1194.08,199.0133333333333,593,78.8,394,2,4,4,10,244,1,0.4570298507078058,0,Medium,United Kingdom,RFM 10-12 (mid-high)
13724.0,637,1,213.01,213.01,130,,0,1,1,1,3,111,1,0.8484357276204888,1,High,United Kingdom,RFM 3-6 (low)
13725.0,50,8,1809.81,226.22625,659,36.85714285714285,258,4,4,4,12,444,2,0.1672007853241654,0,Low,United Kingdom,RFM 10-12 (mid-high)
13726.0,39,2,1079.66,539.8299999999999,1054,61.0,61,4,2,3,9,423,2,0.3486308924692482,0,Low,United Kingdom,RFM 7-9 (mid-low)
13727.0,29,8,1061.4,132.675,365,100.14285714285714,701,4,4,3,11,443,2,0.4140925395444519,0,Medium,United Kingdom,RFM 10-12 (mid-high)
13728.0,37,16,2855.17,178.448125,1269,46.2,693,4,5,5,14,455,0,0.0622668719476127,0,Low,United Kingdom,RFM 13-15 (high)
13729.0,436,3,676.4300000000001,225.4766666666667,405,124.0,248,1,3,3,7,133,1,0.6404684899303436,1,Medium,United Kingdom,RFM 7-9 (mid-low)
13730.0,136,2,752.6,376.3,488,25.0,25,3,2,3,8,323,1,0.5225713380802199,1,Medium,United Kingdom,RFM 7-9 (mid-low)
13731.0,219,2,610.59,305.295,278,27.0,27,2,2,3,7,223,1,0.6349653190063905,1,Medium,United Kingdom,RFM 7-9 (mid-low)
13732.0,28,1,491.86,491.86,498,,0,4,1,2,7,412,2,0.3918494807154967,0,Low,United Kingdom,RFM 7-9 (mid-low)
13733.0,411,2,484.53,242.265,333,324.0,324,1,2,2,5,122,1,0.6693704099386512,1,Medium,United Kingdom,RFM 3-6 (low)
13734.0,509,4,3445.34,861.335,209,31.33333333333333,94,1,3,5,9,135,1,0.7076247886791752,1,High,United Kingdom,RFM 7-9 (mid-low)
13735.0,25,13,9422.36,724.7969230769231,4047,58.41666666666666,701,4,5,5,14,455,0,0.0402140694302843,0,Low,United Kingdom,RFM 13-15 (high)
13736.0,5,7,2701.27,385.8957142857143,1537,121.33333333333331,728,5,4,4,13,544,0,0.0886334545653685,0,Low,United Kingdom,RFM 13-15 (high)
13737.0,200,1,339.6,339.6,125,,0,2,1,2,5,212,1,0.7308946560822482,1,High,United Kingdom,RFM 3-6 (low)
13738.0,396,1,434.78,434.78,237,,0,2,1,2,5,212,1,0.757659330251985,1,High,United Kingdom,RFM 3-6 (low)
13739.0,18,2,292.2,146.1,76,509.0,509,5,2,2,9,522,2,0.5779076365708432,1,Medium,United Kingdom,RFM 7-9 (mid-low)
13740.0,241,5,1582.77,316.554,987,124.0,496,2,4,4,10,244,1,0.4653485910384741,0,Medium,United Kingdom,RFM 10-12 (mid-high)
13741.0,72,3,666.33,222.11,217,72.5,145,3,3,3,9,333,2,0.443234838922676,0,Medium,United Kingdom,RFM 7-9 (mid-low)
13742.0,17,12,3079.27,256.6058333333333,1107,27.545454545454547,303,5,5,5,15,555,0,0.0953852081338915,0,Low,United Kingdom,RFM 13-15 (high)
13743.0,3,7,1340.15,191.45,1775,42.66666666666666,256,5,4,4,13,544,2,0.1369738273154884,0,Low,United Kingdom,RFM 13-15 (high)
13744.0,95,2,1080.52,540.26,1153,197.0,197,3,2,3,8,323,1,0.4392009276585572,0,Medium,United Kingdom,RFM 7-9 (mid-low)
13745.0,162,2,761.27,380.635,1121,383.0,383,3,2,3,8,323,1,0.5392391007482504,1,Medium,United Kingdom,RFM 7-9 (mid-low)
13746.0,414,1,176.69,176.69,83,,0,1,1,1,3,111,1,0.91415633545661,1,High,United Kingdom,RFM 3-6 (low)
13747.0,374,2,169.79999999999998,84.89999999999999,60,51.0,51,2,2,1,5,221,1,0.8404511088478379,1,High,United Kingdom,RFM 3-6 (low)
13748.0,96,9,2064.35,229.3722222222222,1028,80.25,642,3,5,4,12,354,2,0.2067396143383477,0,Low,United Kingdom,RFM 10-12 (mid-high)
13750.0,54,11,3563.6,323.96363636363634,1360,56.3,563,4,5,5,14,455,0,0.0748889586716957,0,Low,United Kingdom,RFM 13-15 (high)
13751.0,288,1,296.25,296.25,152,,0,2,1,2,5,212,1,0.7880012003165003,1,High,United Kingdom,RFM 3-6 (low)
13752.0,124,7,1579.8300000000002,225.69000000000003,1005,67.16666666666667,403,3,4,4,11,344,2,0.2056912709187195,0,Low,United Kingdom,RFM 10-12 (mid-high)
13753.0,288,4,2094.57,523.6425,1450,149.66666666666666,449,2,3,4,9,234,1,0.5435915899528058,1,Medium,United Kingdom,RFM 7-9 (mid-low)
13754.0,152,3,447.05,149.01666666666668,315,142.5,285,3,3,2,8,332,1,0.5084563038774609,1,Medium,United Kingdom,RFM 7-9 (mid-low)
13755.0,4,9,2101.39,233.4877777777777,1219,7.375,59,5,5,4,14,554,0,0.1165309794954238,0,Low,United Kingdom,RFM 13-15 (high)
13756.0,2,23,8595.65,373.7239130434783,5112,32.81818181818182,722,5,5,5,15,555,0,0.0197786545408239,0,Low,United Kingdom,RFM 13-15 (high)
13757.0,675,1,195.55,195.55,54,,0,1,1,1,3,111,1,0.8666313554437746,1,High,United Kingdom,RFM 3-6 (low)
13758.0,12,15,8544.29,569.6193333333334,4658,51.92857142857143,727,5,5,5,15,555,0,0.0344226981978713,0,Low,United Kingdom,RFM 13-15 (high)
13759.0,33,2,659.4100000000001,329.70500000000004,287,37.0,37,4,2,3,9,423,2,0.3484530276426691,0,Low,United Kingdom,RFM 7-9 (mid-low)
13760.0,54,5,1358.64,271.72799999999995,619,134.75,539,4,4,4,12,444,2,0.3248531824058742,0,Low,United Kingdom,RFM 10-12 (mid-high)
13761.0,50,6,1952.17,325.3616666666667,1079,121.2,606,4,4,4,12,444,2,0.1854476281855746,0,Low,United Kingdom,RFM 10-12 (mid-high)
13762.0,219,5,2165.76,433.152,2336,119.75,479,2,4,4,10,244,1,0.3000645953867207,0,Low,United Kingdom,RFM 10-12 (mid-high)
13763.0,63,3,5181.99,1727.33,3220,185.5,371,3,3,5,11,335,2,0.3809390197459841,0,Low,United Kingdom,RFM 10-12 (mid-high)
13764.0,71,6,2919.62,486.6033333333333,2084,114.2,571,3,4,5,12,345,2,0.1366199602849701,0,Low,United Kingdom,RFM 10-12 (mid-high)
13765.0,653,1,352.821,352.821,297,,0,1,1,2,4,112,1,0.8256986765588364,1,High,United Kingdom,RFM 3-6 (low)
13766.0,495,1,190.35,190.35,137,,0,1,1,1,3,111,1,0.8557154906217135,1,High,United Kingdom,RFM 3-6 (low)
13767.0,2,73,33480.82,458.6413698630137,14500,10.22222222222222,736,5,5,5,15,555,3,0.021559886527727,0,Low,United Kingdom,RFM 13-15 (high)
13768.0,727,2,758.07,379.035,357,4.0,4,1,2,3,6,123,1,0.6740590445418115,1,Medium,United Kingdom,RFM 3-6 (low)
13769.0,2,20,5444.33,272.2165,2436,37.94736842105263,721,5,5,5,15,555,0,0.0249639321459711,0,Low,United Kingdom,RFM 13-15 (high)
13770.0,422,4,785.37,196.3425,468,102.66666666666669,308,1,3,3,7,133,1,0.6307050876151441,1,Medium,United Kingdom,RFM 7-9 (mid-low)
13771.0,64,9,5726.07,636.23,3139,73.5,588,3,5,5,13,355,0,0.0745492844252515,0,Low,United Kingdom,RFM 13-15 (high)
13772.0,34,8,3080.52,385.065,1424,88.57142857142857,620,4,4,5,13,445,0,0.1248844058114371,0,Low,United Kingdom,RFM 13-15 (high)
13773.0,397,2,301.54,150.77,174,263.0,263,2,2,2,6,222,1,0.7545417696881894,1,High,United Kingdom,RFM 3-6 (low)
13774.0,82,1,345.0,345.0,192,,0,3,1,2,6,312,1,0.6249769974610424,1,Medium,United Kingdom,RFM 3-6 (low)
13775.0,591,1,1049.66,1049.66,455,,0,1,1,3,5,113,1,0.7882770075179865,1,High,United Kingdom,RFM 3-6 (low)
13776.0,428,2,-327.05,-163.525,-3,0.0,0,1,2,1,4,121,1,0.7514546172779465,1,High,United Kingdom,RFM 3-6 (low)
13777.0,1,61,49218.41,806.8591803278689,23034,12.283333333333331,737,5,5,5,15,555,3,0.0260888673148801,0,Low,United Kingdom,RFM 13-15 (high)
13778.0,103,4,1116.54,279.135,510,154.0,462,3,3,3,9,333,2,0.4472318857809105,0,Medium,United Kingdom,RFM 7-9 (mid-low)
13779.0,516,1,161.13,161.13,53,,0,1,1,1,3,111,1,0.91419077450831,1,High,United Kingdom,RFM 3-6 (low)
13780.0,7,3,732.07,244.0233333333333,479,199.5,399,5,3,3,11,533,2,0.4655721498575823,0,Medium,United Kingdom,RFM 10-12 (mid-high)
13781.0,251,3,770.88,256.96,299,235.0,470,2,3,3,8,233,1,0.545592872028775,1,Medium,United Kingdom,RFM 7-9 (mid-low)
13782.0,13,13,1778.13,136.77923076923076,642,60.0,720,5,5,4,14,554,0,0.229108834918453,0,Low,United Kingdom,RFM 13-15 (high)
13783.0,488,4,1542.09,385.5225,3437,61.66666666666666,185,1,3,4,8,134,1,0.6868908958836697,1,Medium,United Kingdom,RFM 7-9 (mid-low)
13784.0,10,14,2897.18,206.94142857142856,2822,33.84615384615385,440,5,5,5,15,555,0,0.046589947003641,0,Low,United Kingdom,RFM 13-15 (high)
13785.0,429,4,542.49,135.6225,151,10.333333333333334,31,1,3,2,6,132,1,0.771822751290876,1,High,United Kingdom,RFM 3-6 (low)
13786.0,367,6,2505.46,417.57666666666665,1502,73.6,368,2,4,4,10,244,1,0.4211529075453099,0,Medium,United Kingdom,RFM 10-12 (mid-high)
13787.0,76,6,1173.7,195.61666666666667,987,123.8,619,3,4,3,10,343,2,0.3242851691537695,0,Low,United Kingdom,RFM 10-12 (mid-high)
13788.0,505,1,3.75,3.75,1,,0,1,1,1,3,111,1,0.8746045941105625,1,High,United Kingdom,RFM 3-6 (low)
13789.0,388,1,239.46,239.46,258,,0,2,1,1,4,211,1,0.8351645746989317,1,High,United Kingdom,RFM 3-6 (low)
13790.0,4,1,348.8,348.8,748,,0,5,1,2,8,512,2,0.3873897226811317,0,Low,United Kingdom,RFM 7-9 (mid-low)
13791.0,128,2,1047.68,523.84,828,40.0,40,3,2,3,8,323,1,0.4617923190954525,0,Medium,United Kingdom,RFM 7-9 (mid-low)
13792.0,66,3,383.95,127.98333333333332,156,178.0,356,3,3,2,8,332,2,0.5618381408564318,1,Medium,United Kingdom,RFM 7-9 (mid-low)
13793.0,647,1,96.0,96.0,52,,0,1,1,1,3,111,1,0.9064802276780098,1,High,United Kingdom,RFM 3-6 (low)
13794.0,547,1,126.03,126.03,63,,0,1,1,1,3,111,1,0.9094629247495254,1,High,United Kingdom,RFM 3-6 (low)
13795.0,388,4,836.3,209.075,1250,83.0,249,2,3,3,8,233,1,0.6238913202914533,1,Medium,United Kingdom,RFM 7-9 (mid-low)
13796.0,499,1,289.7,289.7,218,,0,1,1,2,4,112,1,0.8283494936205797,1,High,United Kingdom,RFM 3-6 (low)
13797.0,437,3,1168.45,389.48333333333335,570,105.0,210,1,3,3,7,133,1,0.6476473008199547,1,Medium,United Kingdom,RFM 7-9 (mid-low)
13798.0,1,110,73166.92,665.1538181818181,47251,6.6880733944954125,729,5,5,5,15,555,3,0.0226686655405662,0,Low,United Kingdom,RFM 13-15 (high)
13799.0,117,9,2039.82,226.64666666666665,1358,65.875,527,3,5,4,12,354,2,0.1458364246110627,0,Low,United Kingdom,RFM 10-12 (mid-high)
13800.0,310,3,1679.56,559.8533333333334,891,213.5,427,2,3,4,9,234,1,0.5808464095407627,1,Medium,United Kingdom,RFM 7-9 (mid-low)
13801.0,67,1,324.8,324.8,168,,0,3,1,2,6,312,2,0.5334646919755105,1,Medium,United Kingdom,RFM 3-6 (low)
13802.0,139,19,25491.56,1341.661052631579,13830,29.05555555555556,523,3,5,5,13,355,3,0.208646856766245,0,Low,United Kingdom,RFM 13-15 (high)
13803.0,255,3,1319.11,439.7033333333334,819,181.5,363,2,3,4,9,234,1,0.5344841598935878,1,Medium,United Kingdom,RFM 7-9 (mid-low)
13804.0,31,9,3161.12,351.23555555555555,1797,50.75,406,4,5,5,14,455,0,0.0738826263958157,0,Low,United Kingdom,RFM 13-15 (high)
13805.0,52,2,924.6,462.3,1900,76.0,76,4,2,3,9,423,2,0.386055032455662,0,Low,United Kingdom,RFM 7-9 (mid-low)
13806.0,64,1,256.38,256.38,56,,0,3,1,1,5,311,2,0.6191353562995697,1,Medium,United Kingdom,RFM 3-6 (low)
13807.0,367,3,397.3,132.43333333333334,114,184.0,368,2,3,2,7,232,1,0.7259026638251039,1,High,United Kingdom,RFM 7-9 (mid-low)
13808.0,6,5,1747.66,349.53200000000004,782,22.75,91,5,4,4,13,544,2,0.1604621921416643,0,Low,United Kingdom,RFM 13-15 (high)
13809.0,305,3,679.7,226.5666666666667,281,77.5,155,2,3,3,8,233,1,0.7206301106096271,1,High,Cyprus,RFM 7-9 (mid-low)
13810.0,29,3,899.51,299.83666666666664,311,13.5,27,4,3,3,10,433,2,0.3323415797337375,0,Low,Germany,RFM 10-12 (mid-high)
13811.0,184,3,591.75,197.25,67,27.5,55,3,3,3,9,333,1,0.5998886127478735,1,Medium,Germany,RFM 7-9 (mid-low)
13812.0,42,3,539.0,179.66666666666666,333,31.5,63,4,3,2,9,432,2,0.3785434188051781,0,Low,Germany,RFM 7-9 (mid-low)
13813.0,40,8,2686.42,335.8025,1276,99.14285714285714,694,4,4,4,12,444,0,0.117856014156951,0,Low,Germany,RFM 10-12 (mid-high)
13814.0,92,3,2239.07,746.3566666666667,1211,217.0,434,3,3,4,10,334,2,0.4487147422910091,0,Medium,Germany,RFM 10-12 (mid-high)
13815.0,22,8,7285.79,910.72375,5358,91.85714285714286,643,4,4,5,13,445,0,0.1074487210029326,0,Low,Germany,RFM 13-15 (high)
13816.0,24,2,555.04,277.52,260,40.0,40,4,2,2,8,422,2,0.3672739028272593,0,Low,Germany,RFM 7-9 (mid-low)
13817.0,29,2,382.98,191.49,211,322.0,322,4,2,2,8,422,2,0.549505605855203,1,Medium,Germany,RFM 7-9 (mid-low)
13818.0,430,1,61.28,61.28,60,,0,1,1,1,3,111,1,0.9059011020355628,1,High,United Kingdom,RFM 3-6 (low)
13819.0,302,6,2631.1,438.51666666666665,2302,87.2,436,2,4,4,10,244,1,0.3739546444429219,0,Low,United Kingdom,RFM 10-12 (mid-high)
13820.0,418,3,632.5,210.8333333333333,282,131.0,262,1,3,3,7,133,1,0.6789071225703761,1,Medium,United Kingdom,RFM 7-9 (mid-low)
13821.0,145,6,1355.38,225.89666666666668,471,111.8,559,3,4,4,11,344,2,0.3903136235579391,0,Low,United Kingdom,RFM 10-12 (mid-high)
13822.0,6,2,632.0,316.0,611,34.0,34,5,2,3,10,523,2,0.2997050233301773,0,Low,United Kingdom,RFM 10-12 (mid-high)
13823.0,19,7,3358.55,479.79285714285714,1560,117.5,705,5,4,5,14,545,0,0.1008364932967487,0,Low,United Kingdom,RFM 13-15 (high)
13824.0,33,12,3273.36,272.78000000000003,1434,54.90909090909091,604,4,5,5,14,455,0,0.0610551163201256,0,Low,United Kingdom,RFM 13-15 (high)
13825.0,622,2,255.59,127.795,182,108.0,108,1,2,1,4,121,1,0.7861999562393378,1,High,United Kingdom,RFM 3-6 (low)
13826.0,176,1,174.65,174.65,80,,0,3,1,1,5,311,1,0.8350697170411878,1,High,United Kingdom,RFM 3-6 (low)
13827.0,58,3,409.8,136.6,138,42.5,85,4,3,2,9,432,2,0.4918150928127428,0,Medium,United Kingdom,RFM 7-9 (mid-low)
13828.0,22,1,209.49,209.49,311,,0,4,1,1,6,411,2,0.4743409045385321,0,Medium,United Kingdom,RFM 3-6 (low)
13829.0,421,1,0.0,0.0,0,,0,1,1,1,3,111,1,0.8850806523088076,1,High,United Kingdom,RFM 3-6 (low)
13830.0,582,1,135.95000000000002,135.95000000000002,45,,0,1,1,1,3,111,1,0.8927970362371996,1,High,United Kingdom,RFM 3-6 (low)
13831.0,16,18,6571.139999999999,365.0633333333333,2389,41.94117647058823,713,5,5,5,15,555,0,0.032018459437675,0,Low,United Kingdom,RFM 13-15 (high)
13832.0,19,2,598.64,299.32,417,403.0,403,5,2,3,10,523,2,0.5387251134047744,1,Medium,United Kingdom,RFM 10-12 (mid-high)
13833.0,159,2,700.41,350.205,243,244.0,244,3,2,3,8,323,1,0.5900976114514355,1,Medium,United Kingdom,RFM 7-9 (mid-low)
13834.0,577,2,247.89,123.945,214,92.0,92,1,2,1,4,121,1,0.7949851139251293,1,High,United Kingdom,RFM 3-6 (low)
13835.0,25,7,1044.82,149.26,513,103.33333333333331,620,4,4,3,11,443,2,0.4248925617471662,0,Medium,United Kingdom,RFM 10-12 (mid-high)
13836.0,399,2,602.52,301.26,270,15.0,15,2,2,3,7,223,1,0.7022678063911519,1,High,United Kingdom,RFM 7-9 (mid-low)
13837.0,212,2,266.59000000000003,133.29500000000002,182,105.0,105,2,2,1,5,221,1,0.6313874669090765,1,Medium,United Kingdom,RFM 3-6 (low)
13838.0,6,10,1690.07,169.007,694,63.66666666666666,573,5,5,4,14,554,0,0.1979839391976945,0,Low,United Kingdom,RFM 13-15 (high)
13839.0,486,1,139.95000000000002,139.95000000000002,25,,0,1,1,1,3,111,1,0.8912714194127658,1,High,United Kingdom,RFM 3-6 (low)
13840.0,416,1,651.4,651.4,358,,0,1,1,3,5,113,1,0.7074202153807412,1,High,United Kingdom,RFM 3-6 (low)
13841.0,253,1,85.0,85.0,100,,0,2,1,1,4,211,1,0.818739299549714,1,High,United Kingdom,RFM 3-6 (low)
13842.0,59,18,5294.39,294.1327777777778,2709,35.411764705882355,602,4,5,5,14,455,0,0.0397476694710939,0,Low,United Kingdom,RFM 13-15 (high)
13843.0,381,1,319.75,319.75,145,,0,2,1,2,5,212,1,0.8017741527234541,1,High,United Kingdom,RFM 3-6 (low)
13844.0,11,1,361.62,361.62,196,,0,5,1,2,8,512,2,0.4451744023361063,0,Medium,United Kingdom,RFM 7-9 (mid-low)
13845.0,65,1,312.98,312.98,182,,0,3,1,2,6,312,2,0.5272212368288949,1,Medium,United Kingdom,RFM 3-6 (low)
13846.0,25,4,1290.34,322.585,700,125.0,375,4,3,4,11,434,2,0.3013821232223638,0,Low,United Kingdom,RFM 10-12 (mid-high)
13847.0,720,1,310.72,310.72,96,,0,1,1,2,4,112,1,0.8242672620083833,1,High,United Kingdom,RFM 3-6 (low)
13848.0,92,8,3015.0,376.875,9200,91.0,637,3,4,5,12,345,0,0.144738083709046,0,Low,United Kingdom,RFM 10-12 (mid-high)
13849.0,52,5,3443.8,688.76,1881,143.0,572,4,4,5,13,445,2,0.1641538693668739,0,Low,United Kingdom,RFM 13-15 (high)
13850.0,129,1,1586.81,1586.81,941,,0,3,1,4,8,314,1,0.6874913816682056,1,Medium,United Kingdom,RFM 7-9 (mid-low)
13851.0,96,8,4516.76,564.595,2519,83.42857142857143,584,3,4,5,12,345,0,0.1637752543184268,0,Low,United Kingdom,RFM 10-12 (mid-high)
13852.0,611,1,170.45000000000002,170.45000000000002,79,,0,1,1,1,3,111,1,0.8980981272178525,1,High,United Kingdom,RFM 3-6 (low)
13853.0,57,1,1056.94,1056.94,304,,0,4,1,3,8,413,2,0.5788691453631163,1,Medium,United Kingdom,RFM 7-9 (mid-low)
13854.0,9,39,11848.81,303.815641025641,3621,18.18421052631579,691,5,5,5,15,555,0,0.0187790112524618,0,Low,United Kingdom,RFM 13-15 (high)
13855.0,501,4,1253.94,313.485,561,76.66666666666667,230,1,3,4,8,134,1,0.6496557858441508,1,Medium,United Kingdom,RFM 7-9 (mid-low)
13856.0,169,11,1058.88,96.2618181818182,1086,45.0,450,3,5,3,11,353,2,0.2658237151079228,0,Low,United Kingdom,RFM 10-12 (mid-high)
13857.0,393,6,997.11,166.185,780,35.4,177,2,4,3,9,243,1,0.6714180870815813,1,Medium,United Kingdom,RFM 7-9 (mid-low)
13858.0,57,1,216.17,216.17,75,,0,4,1,1,6,411,2,0.6019071024466416,1,Medium,United Kingdom,RFM 3-6 (low)
13859.0,326,2,515.86,257.93,167,203.0,203,2,2,2,6,222,1,0.6942557726463324,1,Medium,United Kingdom,RFM 3-6 (low)
13860.0,1,5,1240.0,248.0,589,21.25,85,5,4,4,13,544,2,0.2283685253079717,0,Low,United Kingdom,RFM 13-15 (high)
13861.0,429,2,251.31,125.655,220,101.0,101,1,2,1,4,121,1,0.8071552640035365,1,High,United Kingdom,RFM 3-6 (low)
13862.0,18,9,2534.04,281.56,1921,46.375,371,5,5,4,14,554,0,0.0876577067874632,0,Low,United Kingdom,RFM 13-15 (high)
13863.0,248,4,1217.63,304.4075,546,115.0,345,2,3,4,9,234,1,0.5306919420438357,1,Medium,United Kingdom,RFM 7-9 (mid-low)
13864.0,387,1,662.4000000000001,662.4000000000001,192,,0,2,1,3,6,213,1,0.7188381190825006,1,High,United Kingdom,RFM 3-6 (low)
13865.0,58,4,501.56,125.39,204,77.0,231,4,3,2,9,432,2,0.4805012415553885,0,Medium,United Kingdom,RFM 7-9 (mid-low)
13866.0,74,1,145.67000000000002,145.67000000000002,57,,0,3,1,1,5,311,1,0.7007675816348049,1,High,United Kingdom,RFM 3-6 (low)
13867.0,31,3,1005.09,335.03000000000003,501,93.0,186,4,3,3,10,433,2,0.3581858487196882,0,Low,United Kingdom,RFM 10-12 (mid-high)
13868.0,7,2,3192.54,1596.27,1964,31.0,31,5,2,5,12,525,2,0.3989509207857113,0,Low,United Kingdom,RFM 10-12 (mid-high)
13869.0,123,10,7996.87,799.687,4302,63.0,567,3,5,5,13,355,0,0.1674843588111124,0,Low,United Kingdom,RFM 13-15 (high)
13870.0,2,15,5689.84,379.3226666666667,3443,47.642857142857146,667,5,5,5,15,555,0,0.0311649674974919,0,Low,United Kingdom,RFM 13-15 (high)
13871.0,23,17,7804.95,459.11470588235295,3462,43.5,696,4,5,5,14,455,0,0.0291446837759715,0,Low,United Kingdom,RFM 13-15 (high)
13872.0,527,3,891.32,297.1066666666667,332,99.0,198,1,3,3,7,133,1,0.6643610103778513,1,Medium,United Kingdom,RFM 7-9 (mid-low)
13873.0,120,8,1031.02,128.8775,470,75.14285714285714,526,3,4,3,10,343,2,0.3249742017548858,0,Low,United Kingdom,RFM 10-12 (mid-high)
13874.0,358,7,1989.2,284.1714285714286,851,52.333333333333336,314,2,4,4,10,244,1,0.5457325442835325,1,Medium,United Kingdom,RFM 10-12 (mid-high)
13875.0,54,14,4814.37,343.88357142857143,3072,51.38461538461539,668,4,5,5,14,455,0,0.0570322381157331,0,Low,United Kingdom,RFM 13-15 (high)
13876.0,64,1,122.7,122.7,36,,0,3,1,1,5,311,2,0.7296012643806441,1,High,United Kingdom,RFM 3-6 (low)
13877.0,86,3,446.33,148.77666666666667,475,301.5,603,3,3,2,8,332,2,0.4924760455180915,0,Medium,United Kingdom,RFM 7-9 (mid-low)
13878.0,55,4,2416.9,604.225,927,183.0,549,4,3,4,11,434,2,0.3074229073315176,0,Low,United Kingdom,RFM 10-12 (mid-high)
13879.0,646,1,395.5,395.5,204,,0,1,1,2,4,112,1,0.8058402370370675,1,High,United Kingdom,RFM 3-6 (low)
13880.0,21,17,4293.86,252.58,2535,33.75,540,4,5,5,14,455,0,0.0326382623785364,0,Low,United Kingdom,RFM 13-15 (high)
13881.0,4,43,44392.5,1032.3837209302326,29446,15.261904761904765,641,5,5,5,15,555,3,0.0239797856675114,0,Low,United Kingdom,RFM 13-15 (high)
13882.0,3,5,1131.28,226.256,950,15.25,61,5,4,3,12,543,2,0.2242524974502056,0,Low,United Kingdom,RFM 10-12 (mid-high)
13883.0,11,15,6342.74,422.8493333333333,3493,51.42857142857143,720,5,5,5,15,555,0,0.0339298208549059,0,Low,United Kingdom,RFM 13-15 (high)
13884.0,7,10,1788.93,178.893,745,51.333333333333336,462,5,5,4,14,554,0,0.1443297343507053,0,Low,United Kingdom,RFM 13-15 (high)
13885.0,189,2,506.8,253.4,182,11.0,11,2,2,2,6,222,1,0.5835285419442512,1,Medium,United Kingdom,RFM 3-6 (low)
13886.0,71,1,243.56,243.56,126,,0,3,1,1,5,311,1,0.5766078362645527,1,Medium,United Kingdom,RFM 3-6 (low)
13887.0,204,1,349.55,349.55,147,,0,2,1,2,5,212,1,0.7280998141143117,1,High,United Kingdom,RFM 3-6 (low)
13888.0,120,7,2001.59,285.94142857142856,795,75.83333333333333,455,3,4,4,11,344,2,0.2068551882979823,0,Low,United Kingdom,RFM 10-12 (mid-high)
13889.0,93,6,1855.73,309.28833333333336,947,118.6,593,3,4,4,11,344,2,0.2381521265397692,0,Low,United Kingdom,RFM 10-12 (mid-high)
13890.0,1,14,2858.73,204.195,1365,56.30769230769231,732,5,5,5,15,555,0,0.0466988713338434,0,Low,United Kingdom,RFM 13-15 (high)
13891.0,378,3,859.21,286.40333333333336,476,101.5,203,2,3,3,8,233,1,0.6400010715964614,1,Medium,United Kingdom,RFM 7-9 (mid-low)
13892.0,27,6,1267.65,211.275,3125,109.8,549,4,4,4,12,444,2,0.1980736463659141,0,Low,United Kingdom,RFM 10-12 (mid-high)
13893.0,298,1,821.1,821.1,190,,0,2,1,3,6,213,1,0.7474613698683185,1,High,United Kingdom,RFM 3-6 (low)
13894.0,24,3,535.97,178.65666666666667,339,143.0,286,4,3,2,9,432,2,0.393864173640252,0,Low,United Kingdom,RFM 7-9 (mid-low)
13895.0,28,6,3923.62,653.9366666666666,2058,141.6,708,4,4,5,13,445,2,0.1419146035932564,0,Low,United Kingdom,RFM 13-15 (high)
13896.0,626,1,388.55,388.55,149,,0,1,1,2,4,112,1,0.8180418839418163,1,High,United Kingdom,RFM 3-6 (low)
13897.0,50,3,1160.72,386.9066666666667,820,313.5,627,4,3,3,10,433,2,0.4604583169197,0,Medium,United Kingdom,RFM 10-12 (mid-high)
13898.0,326,2,686.4,343.2,544,85.0,85,2,2,3,7,223,1,0.6822730049040194,1,Medium,United Kingdom,RFM 7-9 (mid-low)
13899.0,16,2,388.52,194.26,156,258.0,258,5,2,2,9,522,2,0.5022448077852869,1,Medium,United Kingdom,RFM 7-9 (mid-low)
13900.0,183,6,1608.09,268.015,936,88.2,441,3,4,4,11,344,1,0.3466112564748561,0,Low,United Kingdom,RFM 10-12 (mid-high)
13901.0,72,15,5599.34,373.2893333333333,3326,45.07142857142857,631,3,5,5,13,355,0,0.0467109498625776,0,Low,United Kingdom,RFM 13-15 (high)
13902.0,632,5,30411.26,6082.252,218090,23.0,92,1,4,5,10,145,3,0.7324280373577399,1,High,Denmark,RFM 10-12 (mid-high)
13903.0,400,1,165.45000000000002,165.45000000000002,103,,0,2,1,1,4,211,1,0.8745960476967763,1,High,United Kingdom,RFM 3-6 (low)
13904.0,37,2,332.64,166.32,332,257.0,257,4,2,2,8,422,2,0.5159174214592211,1,Medium,United Kingdom,RFM 7-9 (mid-low)
13905.0,733,1,244.45,244.45,124,,0,1,1,1,3,111,1,0.8449925610559739,1,High,United Kingdom,RFM 3-6 (low)
13906.0,409,1,42.0,42.0,100,,0,2,1,1,4,211,1,0.8517361060982158,1,High,United Kingdom,RFM 3-6 (low)
13907.0,692,1,136.8,136.8,68,,0,1,1,1,3,111,1,0.8937715110497001,1,High,United Kingdom,RFM 3-6 (low)
13908.0,80,4,2347.05,586.7625,1470,65.33333333333333,196,3,3,4,10,334,2,0.2738062429516166,0,Low,United Kingdom,RFM 10-12 (mid-high)
13909.0,423,2,282.85,141.425,301,98.0,98,1,2,2,5,122,1,0.7686026337827001,1,High,United Kingdom,RFM 3-6 (low)
13911.0,57,20,4200.04,210.002,4476,31.05263157894737,590,4,5,5,14,455,0,0.0408771325376797,0,Low,United Kingdom,RFM 13-15 (high)
13912.0,424,1,124.95,124.95,29,,0,1,1,1,3,111,1,0.8959983217674133,1,High,United Kingdom,RFM 3-6 (low)
13913.0,507,1,42.22,42.22,10,,0,1,1,1,3,111,1,0.8845493889353812,1,High,United Kingdom,RFM 3-6 (low)
13914.0,12,2,613.95,306.975,379,24.0,24,5,2,3,10,523,2,0.340906488896926,0,Low,United Kingdom,RFM 10-12 (mid-high)
13915.0,394,1,31.200000000000003,31.200000000000003,16,,0,2,1,1,4,211,1,0.877128322966041,1,High,United Kingdom,RFM 3-6 (low)
13916.0,464,4,1260.51,315.1275,667,70.33333333333333,211,1,3,4,8,134,1,0.6566466307905604,1,Medium,United Kingdom,RFM 7-9 (mid-low)
13917.0,50,2,272.04,136.02,228,141.0,141,4,2,2,8,422,2,0.5357266320666546,1,Medium,United Kingdom,RFM 7-9 (mid-low)
13918.0,50,2,1212.84,606.4200000000001,1140,203.0,203,4,2,4,10,424,2,0.4327492505153118,0,Medium,United Kingdom,RFM 10-12 (mid-high)
13919.0,59,4,1326.03,331.5075,1096,160.33333333333334,481,4,3,4,11,434,2,0.3461490335493753,0,Low,Denmark,RFM 10-12 (mid-high)
13920.0,432,4,1734.88,433.72,1768,43.333333333333336,130,1,3,4,8,134,1,0.6971882813410761,1,Medium,United Kingdom,RFM 7-9 (mid-low)
13921.0,402,4,720.75,180.1875,209,106.33333333333331,319,2,3,3,8,233,1,0.6765023092220852,1,Medium,United Kingdom,RFM 7-9 (mid-low)
13922.0,352,3,824.7,274.90000000000003,453,57.5,115,2,3,3,8,233,1,0.6683413088983285,1,Medium,United Kingdom,RFM 7-9 (mid-low)
13923.0,54,1,351.13,351.13,185,,0,4,1,2,7,412,2,0.5427381184416383,1,Medium,United Kingdom,RFM 7-9 (mid-low)
13924.0,2,6,1682.08,280.34666666666664,1532,14.0,70,5,4,4,13,544,2,0.1431131541222655,0,Low,United Kingdom,RFM 13-15 (high)
13925.0,93,4,616.65,154.1625,327,14.0,42,3,3,3,9,333,2,0.4324050989196237,0,Medium,United Kingdom,RFM 7-9 (mid-low)
13926.0,23,1,223.85,223.85,104,,0,4,1,1,6,411,2,0.4321841542528574,0,Medium,United Kingdom,RFM 3-6 (low)
13927.0,75,2,689.96,344.98,457,362.0,362,3,2,3,8,323,2,0.558107452446056,1,Medium,United Kingdom,RFM 7-9 (mid-low)
13928.0,11,4,464.57,116.1425,129,40.66666666666666,122,5,3,2,10,532,2,0.3856982649712766,0,Low,United Kingdom,RFM 10-12 (mid-high)
13929.0,169,11,3318.1,301.6454545454545,1550,52.5,525,3,5,5,13,355,0,0.1904348542688795,0,Low,United Kingdom,RFM 13-15 (high)
13930.0,58,2,337.34,168.67,274,78.0,78,4,2,2,8,422,2,0.4924525058449159,0,Medium,United Kingdom,RFM 7-9 (mid-low)
13931.0,96,11,5250.78,477.34363636363634,3484,64.0,640,3,5,5,13,355,0,0.1124738789494945,0,Low,United Kingdom,RFM 13-15 (high)
13932.0,295,1,307.4,307.4,72,,0,2,1,2,5,212,1,0.8336704344614533,1,High,United Kingdom,RFM 3-6 (low)
13933.0,109,2,608.7900000000001,304.39500000000004,205,39.0,39,3,2,3,8,323,1,0.5042550247569242,1,Medium,United Kingdom,RFM 7-9 (mid-low)
13934.0,264,1,922.1,922.1,390,,0,2,1,3,6,213,1,0.721622050180551,1,High,United Kingdom,RFM 3-6 (low)
13935.0,597,3,6116.92,2038.973333333333,2252,27.5,55,1,3,5,9,135,1,0.7403623695740228,1,High,United Kingdom,RFM 7-9 (mid-low)
13936.0,180,3,924.36,308.12,655,117.0,234,3,3,3,9,333,1,0.4809316172304163,0,Medium,United Kingdom,RFM 7-9 (mid-low)
13937.0,169,2,867.38,433.69,586,233.0,233,3,2,3,8,323,1,0.5599858778228242,1,Medium,United Kingdom,RFM 7-9 (mid-low)
13938.0,35,1,71.66,71.66,70,,0,4,1,1,6,411,2,0.7305209378133555,1,High,United Kingdom,RFM 3-6 (low)
13939.0,23,7,1533.66,219.0942857142857,1600,98.16666666666669,589,4,4,4,12,444,2,0.1808037766342131,0,Low,United Kingdom,RFM 10-12 (mid-high)
13940.0,17,4,839.14,209.785,516,42.0,126,5,3,3,11,533,2,0.3082062911958896,0,Low,United Kingdom,RFM 10-12 (mid-high)
13941.0,22,15,9826.63,655.1086666666667,4725,50.07142857142857,701,4,5,5,14,455,0,0.0355416489223543,0,Low,United Kingdom,RFM 13-15 (high)
13942.0,535,1,320.0,320.0,1000,,0,1,1,2,4,112,1,0.8383041972552722,1,High,United Kingdom,RFM 3-6 (low)
13943.0,578,1,246.54,246.54,94,,0,1,1,1,3,111,1,0.845499009733002,1,High,United Kingdom,RFM 3-6 (low)
13944.0,653,1,200.43,200.43,153,,0,1,1,1,3,111,1,0.8426148714724032,1,High,United Kingdom,RFM 3-6 (low)
13945.0,395,2,854.15,427.075,413,85.0,85,2,2,3,7,223,1,0.6593124845432305,1,Medium,United Kingdom,RFM 7-9 (mid-low)
13946.0,79,6,1745.43,290.90500000000003,2823,131.2,656,3,4,4,11,344,2,0.2170662857284212,0,Low,United Kingdom,RFM 10-12 (mid-high)
13947.0,65,1,90.6,90.6,44,,0,3,1,1,5,311,2,0.7511025898972228,1,High,United Kingdom,RFM 3-6 (low)
13948.0,361,4,536.86,134.215,246,124.66666666666669,374,2,3,2,7,232,1,0.6671770778641547,1,Medium,United Kingdom,RFM 7-9 (mid-low)
13949.0,3,6,2427.32,404.5533333333333,2474,18.2,91,5,4,4,13,544,2,0.1073756868651952,0,Low,United Kingdom,RFM 13-15 (high)
13950.0,11,4,728.56,182.14,321,78.33333333333333,235,5,3,3,11,533,2,0.3672216093979053,0,Low,United Kingdom,RFM 10-12 (mid-high)
13951.0,176,3,674.45,224.8166666666667,459,59.0,118,3,3,3,9,333,1,0.4958506198514004,0,Medium,United Kingdom,RFM 7-9 (mid-low)
13952.0,218,14,12790.891,913.6350714285716,5938,38.84615384615385,505,2,5,5,12,255,0,0.3624487133096244,0,Low,United Kingdom,RFM 10-12 (mid-high)
13953.0,7,12,6640.68,553.39,5224,65.54545454545455,721,5,5,5,15,555,0,0.0493543910991738,0,Low,United Kingdom,RFM 13-15 (high)
13954.0,2,2,378.59,189.295,141,69.0,69,5,2,2,9,522,2,0.4045208698084146,0,Medium,United Kingdom,RFM 7-9 (mid-low)
13955.0,154,3,544.0699999999999,181.35666666666663,272,110.0,220,3,3,2,8,332,1,0.5143873313261883,1,Medium,United Kingdom,RFM 7-9 (mid-low)
13956.0,5,5,1019.27,203.854,486,66.5,266,5,4,3,12,543,2,0.2914240165234827,0,Low,United Kingdom,RFM 10-12 (mid-high)
13957.0,418,3,458.25,152.75,157,120.0,240,1,3,2,6,132,1,0.7320061124126752,1,High,United Kingdom,RFM 3-6 (low)
13958.0,380,8,4504.78,563.0975,2215,50.57142857142857,354,2,4,5,11,245,1,0.4760350850759436,0,Medium,United Kingdom,RFM 10-12 (mid-high)
13959.0,79,6,1064.77,177.46166666666667,694,86.2,431,3,4,3,10,343,2,0.3058401404688844,0,Low,United Kingdom,RFM 10-12 (mid-high)
13960.0,21,2,230.22,115.11,142,50.0,50,4,2,1,7,421,2,0.4534075081491625,0,Medium,United Kingdom,RFM 7-9 (mid-low)
13961.0,392,1,498.7,498.7,222,,0,2,1,2,5,212,1,0.7390302884970172,1,High,United Kingdom,RFM 3-6 (low)
13962.0,22,3,362.8,120.93333333333334,160,206.5,413,4,3,2,9,432,2,0.5587666317398066,1,Medium,United Kingdom,RFM 7-9 (mid-low)
13963.0,308,17,2748.32,161.6658823529412,2000,18.0,288,2,5,4,11,254,0,0.6694246363064085,1,Medium,United Kingdom,RFM 10-12 (mid-high)
13964.0,387,2,421.9,210.95,226,43.0,43,2,2,2,6,222,1,0.7794265793684491,1,High,United Kingdom,RFM 3-6 (low)
13965.0,477,3,777.6600000000001,259.22,402,113.0,226,1,3,3,7,133,1,0.6473378248602465,1,Medium,United Kingdom,RFM 7-9 (mid-low)
13966.0,435,1,384.26,384.26,760,,0,1,1,2,4,112,1,0.7832763744239274,1,High,United Kingdom,RFM 3-6 (low)
13967.0,146,2,166.3,83.15,66,250.0,250,3,2,1,6,321,1,0.6239906327350482,1,Medium,United Kingdom,RFM 3-6 (low)
13968.0,423,1,123.66,123.66,174,,0,1,1,1,3,111,1,0.8727589362210311,1,High,United Kingdom,RFM 3-6 (low)
13969.0,7,35,12820.36,366.296,6578,18.147058823529413,617,5,5,5,15,555,0,0.018223771078549,0,Low,United Kingdom,RFM 13-15 (high)
13970.0,386,2,846.55,423.275,469,51.0,51,2,2,3,7,223,1,0.6692079969682042,1,Medium,United Kingdom,RFM 7-9 (mid-low)
13971.0,19,14,4593.83,328.1307142857143,3052,51.07692307692308,664,5,5,5,15,555,0,0.0421165560123618,0,Low,United Kingdom,RFM 13-15 (high)
13972.0,71,2,190.25,95.125,187,131.0,131,3,2,1,6,321,2,0.5893326849648378,1,Medium,United Kingdom,RFM 3-6 (low)
13973.0,287,1,264.7,264.7,109,,0,2,1,1,4,211,1,0.7994388085010524,1,High,United Kingdom,RFM 3-6 (low)
13974.0,49,2,663.52,331.76,354,532.0,532,4,2,3,9,423,2,0.5530735969809207,1,Medium,United Kingdom,RFM 7-9 (mid-low)
13975.0,31,12,5224.85,435.4041666666667,3876,58.54545454545455,644,4,5,5,14,455,0,0.0409814941936569,0,Low,United Kingdom,RFM 13-15 (high)
13976.0,207,4,1192.36,298.09,452,153.66666666666666,461,2,3,4,9,234,1,0.5056299447538958,1,Medium,United Kingdom,RFM 7-9 (mid-low)
13977.0,411,1,519.8100000000001,519.8100000000001,303,,0,1,1,2,4,112,1,0.7227190526416781,1,High,United Kingdom,RFM 3-6 (low)
13978.0,15,2,196.79,98.395,315,30.0,30,5,2,1,8,521,2,0.5226790998280482,1,Medium,United Kingdom,RFM 7-9 (mid-low)
13979.0,73,7,3290.53,470.0757142857143,2252,110.5,663,3,4,5,12,345,2,0.1256461048494789,0,Low,United Kingdom,RFM 10-12 (mid-high)
13980.0,60,5,722.02,144.404,457,148.75,595,3,4,3,10,343,2,0.4331496646576411,0,Medium,United Kingdom,RFM 10-12 (mid-high)
13981.0,416,1,327.39,327.39,233,,0,1,1,2,4,112,1,0.8177949489001278,1,High,United Kingdom,RFM 3-6 (low)
13982.0,39,9,3927.49,436.3877777777777,2466,81.125,649,4,5,5,14,455,0,0.0884497042896451,0,Low,United Kingdom,RFM 13-15 (high)
13983.0,30,21,6638.85,316.1357142857143,3811,35.0,700,4,5,5,14,455,0,0.0244947479092931,0,Low,United Kingdom,RFM 13-15 (high)
13984.0,27,12,1461.32,121.77666666666666,893,64.18181818181819,706,4,5,4,13,454,0,0.2033348267442321,0,Low,United Kingdom,RFM 13-15 (high)
13985.0,4,22,9982.31,453.7413636363636,4929,31.61904761904762,664,5,5,5,15,555,0,0.0207219621230526,0,Low,United Kingdom,RFM 13-15 (high)
13986.0,17,1,320.46,320.46,430,,0,5,1,2,8,512,2,0.4136502820833117,0,Medium,United Kingdom,RFM 7-9 (mid-low)
13987.0,380,2,682.54,341.27,492,21.0,21,2,2,3,7,223,1,0.6811895603720654,1,Medium,United Kingdom,RFM 7-9 (mid-low)
13988.0,20,8,4708.64,588.58,3366,86.42857142857143,605,4,4,5,13,445,0,0.1062727762585606,0,Low,United Kingdom,RFM 13-15 (high)
13989.0,66,5,2026.06,405.212,2207,124.25,497,3,4,4,11,344,2,0.2108802685680975,0,Low,United Kingdom,RFM 10-12 (mid-high)
13990.0,213,1,311.3,311.3,190,,0,2,1,2,5,212,1,0.7051971215160215,1,High,United Kingdom,RFM 3-6 (low)
13991.0,12,6,847.54,141.25666666666666,993,26.2,131,5,4,3,12,543,2,0.2629733655953594,0,Low,United Kingdom,RFM 10-12 (mid-high)
13992.0,30,3,219.5,73.16666666666667,154,216.0,432,4,3,1,8,431,2,0.5019025859074039,1,Medium,United Kingdom,RFM 7-9 (mid-low)
13993.0,43,19,6690.36,352.1242105263158,2120,38.5,693,4,5,5,14,455,0,0.0399870713574095,0,Low,United Kingdom,RFM 13-15 (high)
13994.0,4,6,2274.14,379.0233333333333,932,28.8,144,5,4,4,13,544,2,0.1672198887730903,0,Low,United Kingdom,RFM 13-15 (high)
13995.0,15,14,3836.26,274.0185714285714,2324,54.30769230769231,706,5,5,5,15,555,0,0.0453406938921487,0,Low,United Kingdom,RFM 13-15 (high)
13996.0,386,2,895.76,447.88,613,13.0,13,2,2,3,7,223,1,0.6394535129296677,1,Medium,United Kingdom,RFM 7-9 (mid-low)
13997.0,519,3,376.46,125.48666666666666,143,15.5,31,1,3,2,6,132,1,0.8150460329344784,1,High,United Kingdom,RFM 3-6 (low)
13998.0,447,3,566.7,188.9,204,64.5,129,1,3,2,6,132,1,0.7554410695732462,1,High,United Kingdom,RFM 3-6 (low)
13999.0,10,29,9438.01,325.4486206896552,5023,25.857142857142858,724,5,5,5,15,555,0,0.0187658516147212,0,Low,United Kingdom,RFM 13-15 (high)
14000.0,211,5,1877.59,375.518,1811,131.5,526,2,4,4,10,244,1,0.3552099087408725,0,Low,United Kingdom,RFM 10-12 (mid-high)
14001.0,46,9,4216.1,468.4555555555556,1776,55.875,447,4,5,5,14,455,0,0.0839915691803133,0,Low,United Kingdom,RFM 13-15 (high)
14002.0,134,2,529.73,264.865,877,22.0,22,3,2,2,7,322,1,0.4839610683019217,0,Medium,United Kingdom,RFM 7-9 (mid-low)
14003.0,733,1,209.41,209.41,149,,0,1,1,1,3,111,1,0.846807658344974,1,High,United Kingdom,RFM 3-6 (low)
14004.0,43,11,6258.45,568.9499999999999,3425,39.2,392,4,5,5,14,455,0,0.0681430291135021,0,Low,United Kingdom,RFM 13-15 (high)
14005.0,10,5,2874.72,574.944,2478,51.5,206,5,4,5,14,545,2,0.1142019894095454,0,Low,United Kingdom,RFM 13-15 (high)
14006.0,116,7,2196.67,313.81,2181,89.33333333333333,536,3,4,4,11,344,2,0.1685660913582519,0,Low,United Kingdom,RFM 10-12 (mid-high)
14007.0,513,1,79.48,79.48,16,,0,1,1,1,3,111,1,0.9025411086750134,1,High,United Kingdom,RFM 3-6 (low)
14008.0,432,1,493.74,493.74,320,,0,1,1,2,4,112,1,0.7511525889652796,1,High,United Kingdom,RFM 3-6 (low)
14009.0,198,3,1090.23,363.41,947,132.0,264,2,3,3,8,233,1,0.4777939756574204,0,Medium,United Kingdom,RFM 7-9 (mid-low)
14010.0,565,2,288.1,144.04999999999998,128,0.0,0,1,2,2,5,122,1,0.7242821598248397,1,High,United Kingdom,RFM 3-6 (low)
14011.0,480,2,451.92,225.96,642,127.0,127,1,2,2,5,122,1,0.7207453199515216,1,High,United Kingdom,RFM 3-6 (low)
14012.0,278,1,328.8,328.8,160,,0,2,1,2,5,212,1,0.7741504167885357,1,High,United Kingdom,RFM 3-6 (low)
14013.0,110,5,1006.22,201.244,766,128.25,513,3,4,3,10,343,2,0.3164328389058299,0,Low,United Kingdom,RFM 10-12 (mid-high)
14014.0,77,3,1948.21,649.4033333333333,2004,249.5,499,3,3,4,10,334,2,0.3946040893893897,0,Low,United Kingdom,RFM 10-12 (mid-high)
14015.0,53,1,917.34,917.34,378,,0,4,1,3,8,413,2,0.5438622937815457,1,Medium,United Kingdom,RFM 7-9 (mid-low)
14016.0,162,11,11379.71,1034.519090909091,5720,53.8,538,3,5,5,13,355,0,0.1622476264546707,0,Low,EIRE,RFM 13-15 (high)
14017.0,571,1,229.75,229.75,73,,0,1,1,1,3,111,1,0.8661799885456416,1,High,United Kingdom,RFM 3-6 (low)
14018.0,645,1,367.15,367.15,224,,0,1,1,2,4,112,1,0.8323998838201736,1,High,United Kingdom,RFM 3-6 (low)
14019.0,47,3,1398.96,466.32,1034,45.5,91,4,3,4,11,434,2,0.3623057502885008,0,Low,United Kingdom,RFM 10-12 (mid-high)
14020.0,17,4,1213.26,303.315,641,170.66666666666666,512,5,3,4,12,534,2,0.3640535271440881,0,Low,United Kingdom,RFM 10-12 (mid-high)
14021.0,155,7,1716.58,245.22571428571428,878,72.83333333333333,437,3,4,4,11,344,2,0.2353131452553419,0,Low,United Kingdom,RFM 10-12 (mid-high)
14022.0,225,2,792.15,396.075,681,261.0,261,2,2,3,7,223,1,0.5493734809456496,1,Medium,United Kingdom,RFM 7-9 (mid-low)
14023.0,7,2,584.07,292.035,345,242.0,242,5,2,2,9,522,2,0.4294271929053785,0,Medium,United Kingdom,RFM 7-9 (mid-low)
14024.0,122,3,645.74,215.24666666666667,238,134.5,269,3,3,3,9,333,1,0.5054759944737893,1,Medium,United Kingdom,RFM 7-9 (mid-low)
14025.0,465,8,3969.1,496.1375,1904,17.0,119,1,4,5,10,145,1,0.7119992810282642,1,High,United Kingdom,RFM 10-12 (mid-high)
14026.0,471,2,713.11,356.555,427,154.0,154,1,2,3,6,123,1,0.6724780320056037,1,Medium,United Kingdom,RFM 3-6 (low)
14027.0,61,1,104.82,104.82,62,,0,3,1,1,5,311,2,0.7506688170243748,1,High,United Kingdom,RFM 3-6 (low)
14028.0,550,3,3175.5,1058.5,4679,0.0,0,1,3,5,9,135,1,0.7249912783383179,1,High,United Kingdom,RFM 7-9 (mid-low)
14029.0,63,2,467.66,233.83,198,80.0,80,3,2,2,7,322,2,0.4743627088757743,0,Medium,United Kingdom,RFM 7-9 (mid-low)
14030.0,18,20,7405.1,370.255,4161,37.36842105263158,710,5,5,5,15,555,0,0.0240780023703749,0,Low,United Kingdom,RFM 13-15 (high)
14031.0,7,44,36048.26,819.2786363636365,13234,16.953488372093023,729,5,5,5,15,555,3,0.0227340431654269,0,Low,United Kingdom,RFM 13-15 (high)
14032.0,2,16,4482.21,280.138125,3703,48.2,723,5,5,5,15,555,0,0.0405774885951912,0,Low,United Kingdom,RFM 13-15 (high)
14033.0,555,1,109.44,109.44,576,,0,1,1,1,3,111,1,0.8624968971552566,1,High,United Kingdom,RFM 3-6 (low)
14034.0,22,3,509.09,169.69666666666666,312,67.5,135,4,3,2,9,432,2,0.3669860626217863,0,Low,United Kingdom,RFM 7-9 (mid-low)
14035.0,29,9,2790.5,310.05555555555554,1402,72.875,583,4,5,4,13,454,0,0.0604500172798758,0,Low,United Kingdom,RFM 13-15 (high)
14036.0,285,1,626.65,626.65,268,,0,2,1,3,6,213,1,0.7131487795168873,1,High,United Kingdom,RFM 3-6 (low)
14037.0,176,6,755.95,125.99166666666667,563,111.2,556,3,4,3,10,343,1,0.4223457210640506,0,Medium,United Kingdom,RFM 10-12 (mid-high)
14038.0,78,5,3000.93,600.1859999999999,1697,148.75,595,3,4,5,12,345,2,0.188296358447742,0,Low,United Kingdom,RFM 10-12 (mid-high)
14039.0,33,2,267.28000000000003,133.64,192,542.0,542,4,2,1,7,421,2,0.6698253230163418,1,Medium,United Kingdom,RFM 7-9 (mid-low)
14040.0,41,35,12336.08,352.4594285714286,4922,20.529411764705884,698,4,5,5,14,455,0,0.0299657035526485,0,Low,United Kingdom,RFM 13-15 (high)
14041.0,266,1,141.41,141.41,94,,0,2,1,1,4,211,1,0.8189087758054383,1,High,United Kingdom,RFM 3-6 (low)
14042.0,725,1,431.98,431.98,180,,0,1,1,2,4,112,1,0.791004531185559,1,High,United Kingdom,RFM 3-6 (low)
14043.0,491,2,299.65,149.825,151,238.0,238,1,2,2,5,122,1,0.7691667052224166,1,High,United Kingdom,RFM 3-6 (low)
14044.0,27,10,3060.75,306.075,2099,73.0,657,4,5,5,14,455,0,0.057925728453154,0,Low,United Kingdom,RFM 13-15 (high)
14045.0,109,16,9334.23,583.389375,4121,39.4,591,3,5,5,13,355,0,0.1177848198132379,0,Low,United Kingdom,RFM 13-15 (high)
14046.0,284,1,154.99,154.99,460,,0,2,1,1,4,211,1,0.850940072063364,1,High,United Kingdom,RFM 3-6 (low)
14047.0,9,14,3881.11,277.22214285714284,1528,51.38461538461539,668,5,5,5,15,555,0,0.0479285752650664,0,Low,United Kingdom,RFM 13-15 (high)
14048.0,305,3,713.89,237.9633333333333,453,38.5,77,2,3,3,8,233,1,0.6685389336637734,1,Medium,United Kingdom,RFM 7-9 (mid-low)
14049.0,17,13,12848.4,988.3384615384616,8425,50.0,600,5,5,5,15,555,0,0.0468165102809576,0,Low,United Kingdom,RFM 13-15 (high)
14050.0,32,2,746.36,373.18,689,74.0,74,4,2,3,9,423,2,0.3078256519522026,0,Low,United Kingdom,RFM 7-9 (mid-low)
14051.0,1,37,21441.48,579.4994594594594,5653,20.416666666666668,735,5,5,5,15,555,3,0.0209955463160926,0,Low,United Kingdom,RFM 13-15 (high)
14052.0,20,2,466.66,233.33,174,371.0,371,4,2,2,8,422,2,0.5833797572773847,1,Medium,United Kingdom,RFM 7-9 (mid-low)
14053.0,124,4,572.3,143.075,490,120.66666666666669,362,3,3,2,8,332,1,0.4362294194733739,0,Medium,United Kingdom,RFM 7-9 (mid-low)
14054.0,65,1,92.46,92.46,62,,0,3,1,1,5,311,2,0.7646371730987532,1,High,United Kingdom,RFM 3-6 (low)
14055.0,106,3,1520.96,506.9866666666667,720,308.0,616,3,3,4,10,334,2,0.5157919970009743,1,Medium,United Kingdom,RFM 10-12 (mid-high)
14056.0,1,23,8062.46,350.5417391304348,4211,12.818181818181818,282,5,5,5,15,555,0,0.04892016242328,0,Low,United Kingdom,RFM 13-15 (high)
14057.0,24,22,8276.1,376.1863636363637,6270,33.904761904761905,712,4,5,5,14,455,0,0.0232432407878161,0,Low,United Kingdom,RFM 13-15 (high)
14058.0,463,2,469.19,234.595,211,67.0,67,1,2,2,5,122,1,0.7797067227451591,1,High,United Kingdom,RFM 3-6 (low)
14059.0,267,1,183.6,183.6,128,,0,2,1,1,4,211,1,0.8031612872571168,1,High,United Kingdom,RFM 3-6 (low)
14060.0,5,30,8882.3,296.07666666666665,7405,21.86206896551724,634,5,5,5,15,555,0,0.01852870167389,0,Low,United Kingdom,RFM 13-15 (high)
14061.0,507,3,917.43,305.81,133,115.0,230,1,3,3,7,133,1,0.6978866584058949,1,Medium,United Kingdom,RFM 7-9 (mid-low)
14062.0,10,24,25416.28,1059.0116666666663,12693,31.26086956521739,719,5,5,5,15,555,3,0.0244253940505884,0,Low,United Kingdom,RFM 13-15 (high)
14063.0,438,9,-3767.2,-418.5777777777777,3846,36.625,293,1,5,1,7,151,1,0.7120872843755027,1,High,United Kingdom,RFM 7-9 (mid-low)
14064.0,29,15,2967.57,197.838,3382,46.92857142857143,657,4,5,5,14,455,0,0.0443004386780948,0,Low,United Kingdom,RFM 13-15 (high)
14065.0,389,3,889.37,296.45666666666665,581,21.0,42,2,3,3,8,233,1,0.6668907430267507,1,Medium,United Kingdom,RFM 7-9 (mid-low)
14066.0,267,1,152.55,152.55,45,,0,2,1,1,4,211,1,0.8765074442748307,1,High,United Kingdom,RFM 3-6 (low)
14067.0,64,2,374.7,187.35,361,32.0,32,3,2,2,7,322,2,0.4603664637874721,0,Medium,United Kingdom,RFM 7-9 (mid-low)
14068.0,320,4,1493.32,373.33,498,119.0,357,2,3,4,9,234,1,0.5999814926896739,1,Medium,United Kingdom,RFM 7-9 (mid-low)
14069.0,515,2,225.81,112.905,58,46.0,46,1,2,1,4,121,1,0.8408264326450703,1,High,United Kingdom,RFM 3-6 (low)
14070.0,685,1,321.6,321.6,85,,0,1,1,2,4,112,1,0.8467698075908703,1,High,United Kingdom,RFM 3-6 (low)
14071.0,4,8,1306.16,163.27,899,37.285714285714285,261,5,4,4,13,544,0,0.1588554526001498,0,Low,United Kingdom,RFM 13-15 (high)
14072.0,667,1,390.85,390.85,65,,0,1,1,2,4,112,1,0.8483385367156293,1,High,United Kingdom,RFM 3-6 (low)
14073.0,32,1,139.54,139.54,128,,0,4,1,1,6,411,2,0.6058512121651721,1,Medium,United Kingdom,RFM 3-6 (low)
14074.0,623,1,219.4,219.4,228,,0,1,1,1,3,111,1,0.8364008577449675,1,High,United Kingdom,RFM 3-6 (low)
14075.0,5,6,1734.87,289.145,1494,107.2,536,5,4,4,13,544,2,0.1387174976630073,0,Low,United Kingdom,RFM 13-15 (high)
14076.0,129,1,118.67,118.67,79,,0,3,1,1,5,311,1,0.7651020732667212,1,High,United Kingdom,RFM 3-6 (low)
14077.0,41,6,615.0799999999999,102.51333333333332,376,70.8,354,4,4,3,11,443,2,0.3914274980183275,0,Low,United Kingdom,RFM 10-12 (mid-high)
14078.0,102,9,1553.47,172.60777777777778,586,64.875,519,3,5,4,12,354,2,0.2558872977460911,0,Low,United Kingdom,RFM 10-12 (mid-high)
14079.0,125,1,375.1,375.1,301,,0,3,1,2,6,312,1,0.6320015939614466,1,Medium,United Kingdom,RFM 3-6 (low)
14080.0,33,5,1075.73,215.146,267,176.0,704,4,4,3,11,443,2,0.4097600355120646,0,Medium,United Kingdom,RFM 10-12 (mid-high)
14081.0,302,10,4747.52,474.75200000000007,3361,47.333333333333336,426,2,5,5,12,255,0,0.4183679257178284,0,Medium,United Kingdom,RFM 10-12 (mid-high)
14082.0,365,2,413.36,206.68,246,27.0,27,2,2,2,6,222,1,0.782343420653537,1,High,United Kingdom,RFM 3-6 (low)
14083.0,4,11,1082.19,98.3809090909091,760,71.7,717,5,5,3,13,553,0,0.2882707322102699,0,Low,United Kingdom,RFM 13-15 (high)
14084.0,512,1,150.5,150.5,306,,0,1,1,1,3,111,1,0.8588512768373617,1,High,United Kingdom,RFM 3-6 (low)
14085.0,2,33,9707.92,294.17939393939395,6433,22.78125,729,5,5,5,15,555,0,0.018185641840955,0,Low,United Kingdom,RFM 13-15 (high)
14086.0,463,1,39.95,39.95,1,,0,1,1,1,3,111,1,0.8843246801215033,1,High,United Kingdom,RFM 3-6 (low)
14087.0,3,3,786.72,262.24,693,366.0,732,5,3,3,11,533,2,0.4534973257977219,0,Medium,United Kingdom,RFM 10-12 (mid-high)
14088.0,10,16,62400.02,3900.00125,15179,27.33333333333333,410,5,5,5,15,555,3,0.0532933802924331,0,Low,United Kingdom,RFM 13-15 (high)
14089.0,57,1,158.75,158.75,133,,0,4,1,1,6,411,2,0.6695048009037806,1,Medium,United Kingdom,RFM 3-6 (low)
14090.0,325,1,76.32000000000001,76.32000000000001,72,,0,2,1,1,4,211,1,0.9066284412080032,1,High,United Kingdom,RFM 3-6 (low)
14091.0,654,2,9530.08,4765.04,3316,44.0,44,1,2,5,8,125,1,0.751574536104242,1,High,United Kingdom,RFM 7-9 (mid-low)
14092.0,8,24,7215.64,300.6516666666667,3601,31.08695652173913,715,5,5,5,15,555,0,0.0198037414174989,0,Low,United Kingdom,RFM 13-15 (high)
14093.0,12,1,433.86,433.86,391,,0,5,1,2,8,512,2,0.3574090612357911,0,Low,United Kingdom,RFM 7-9 (mid-low)
14094.0,440,1,310.82,310.82,157,,0,1,1,2,4,112,1,0.8167253659467093,1,High,United Kingdom,RFM 3-6 (low)
14095.0,723,1,2.95,2.95,1,,0,1,1,1,3,111,1,0.8762955933627359,1,High,United Kingdom,RFM 3-6 (low)
14096.0,4,17,57120.91,3360.0535294117644,16335,6.0625,97,5,5,5,15,555,3,0.1276355571041566,0,Low,United Kingdom,RFM 13-15 (high)
14097.0,481,2,422.86,211.43,352,164.0,164,1,2,2,5,122,1,0.7274673151342741,1,High,United Kingdom,RFM 3-6 (low)
14098.0,37,1,147.35,147.35,104,,0,4,1,1,6,411,2,0.5857589884476573,1,Medium,United Kingdom,RFM 3-6 (low)
14099.0,16,20,5685.71,284.2855,3656,37.526315789473685,713,5,5,5,15,555,0,0.0286305655473565,0,Low,United Kingdom,RFM 13-15 (high)
14100.0,138,1,191.95,191.95,63,,0,3,1,1,5,311,1,0.714738613985716,1,High,United Kingdom,RFM 3-6 (low)
14101.0,74,13,9942.13,764.7792307692307,10530,45.583333333333336,547,3,5,5,13,355,0,0.0671003300216881,0,Low,United Kingdom,RFM 13-15 (high)
14102.0,5,5,1060.33,212.066,746,9.75,39,5,4,3,12,543,2,0.2633330211003437,0,Low,United Kingdom,RFM 10-12 (mid-high)
14104.0,155,5,743.53,148.706,496,101.25,405,3,4,3,10,343,1,0.4174440554059079,0,Medium,United Kingdom,RFM 10-12 (mid-high)
14105.0,239,5,5703.9800000000005,1140.796,3483,120.5,482,2,4,5,11,245,1,0.3191898230878699,0,Low,United Kingdom,RFM 10-12 (mid-high)
14106.0,737,1,214.8,214.8,24,,0,1,1,1,3,111,1,0.874625532024901,1,High,United Kingdom,RFM 3-6 (low)
14107.0,52,11,4853.7,441.24545454545455,3481,67.8,678,4,5,5,14,455,0,0.070350369253661,0,Low,United Kingdom,RFM 13-15 (high)
14108.0,31,4,1041.21,260.3025,672,235.66666666666663,707,4,3,3,10,433,2,0.3915965483469408,0,Low,United Kingdom,RFM 10-12 (mid-high)
14109.0,73,1,80.2,80.2,56,,0,3,1,1,5,311,1,0.7552319612500501,1,High,United Kingdom,RFM 3-6 (low)
14110.0,4,33,12957.6,392.6545454545455,5825,22.96875,735,5,5,5,15,555,0,0.0236716090862287,0,Low,United Kingdom,RFM 13-15 (high)
14111.0,14,4,688.6,172.15,457,75.66666666666667,227,5,3,3,11,533,2,0.351172259706664,0,Low,United Kingdom,RFM 10-12 (mid-high)
14112.0,23,13,5524.51,424.9623076923077,3422,52.583333333333336,631,4,5,5,14,455,0,0.0388372550601037,0,Low,United Kingdom,RFM 13-15 (high)
14113.0,4,16,6156.75,384.796875,3092,48.53333333333333,728,5,5,5,15,555,0,0.0309415655535242,0,Low,United Kingdom,RFM 13-15 (high)
14114.0,274,7,1364.09,194.87,650,55.333333333333336,332,2,4,4,10,244,1,0.5255858424669493,1,Medium,United Kingdom,RFM 10-12 (mid-high)
14115.0,502,2,622.6700000000001,311.33500000000004,509,165.0,165,1,2,3,6,123,1,0.6963247848432189,1,Medium,United Kingdom,RFM 3-6 (low)
14116.0,20,5,1382.74,276.548,707,25.25,101,4,4,4,12,444,2,0.1765824960343123,0,Low,United Kingdom,RFM 10-12 (mid-high)
14117.0,144,1,90.0,90.0,72,,0,3,1,1,5,311,1,0.8282181544432966,1,High,United Kingdom,RFM 3-6 (low)
14118.0,429,1,458.45,458.45,97,,0,1,1,2,4,112,1,0.7574175056492365,1,High,United Kingdom,RFM 3-6 (low)
14119.0,376,2,163.47,81.735,175,342.0,342,2,2,1,5,221,1,0.7639748417942627,1,High,United Kingdom,RFM 3-6 (low)
14121.0,4,4,2740.3,685.075,2078,18.666666666666668,56,5,3,4,12,534,2,0.1893143445201454,0,Low,United Kingdom,RFM 10-12 (mid-high)
14122.0,406,3,309.77,103.25666666666666,95,165.5,331,2,3,2,7,232,1,0.7465822058069611,1,High,United Kingdom,RFM 7-9 (mid-low)
14123.0,733,1,436.18,436.18,234,,0,1,1,2,4,112,1,0.7994388417651989,1,High,United Kingdom,RFM 3-6 (low)
14124.0,84,1,419.58,419.58,1618,,0,3,1,2,6,312,1,0.5159156456516245,1,Medium,United Kingdom,RFM 3-6 (low)
14125.0,11,3,2720.63,906.8766666666668,1628,33.5,67,5,3,4,12,534,2,0.2588917016923379,0,Low,United Kingdom,RFM 10-12 (mid-high)
14126.0,8,4,1109.96,277.49,837,145.33333333333334,436,5,3,3,11,533,2,0.3087100514223081,0,Low,United Kingdom,RFM 10-12 (mid-high)
14127.0,123,6,1900.08,316.68,828,60.4,302,3,4,4,11,344,2,0.2498294773686478,0,Low,United Kingdom,RFM 10-12 (mid-high)
14128.0,61,3,909.36,303.12,811,245.0,490,3,3,3,9,333,2,0.4991649839352471,0,Medium,United Kingdom,RFM 7-9 (mid-low)
14129.0,2,9,2591.34,287.9266666666667,1414,72.125,577,5,5,4,14,554,0,0.0607792099991407,0,Low,United Kingdom,RFM 13-15 (high)
14130.0,319,4,1858.77,464.6925,1215,136.0,408,2,3,4,9,234,1,0.523137063012602,1,Medium,United Kingdom,RFM 7-9 (mid-low)
14131.0,649,1,168.22,168.22,105,,0,1,1,1,3,111,1,0.8816741531348439,1,High,United Kingdom,RFM 3-6 (low)
14132.0,2,11,3580.13,325.46636363636367,3366,18.1,181,5,5,5,15,555,0,0.0757172827466596,0,Low,United Kingdom,RFM 13-15 (high)
14133.0,130,4,895.8399999999999,223.96,392,201.0,603,3,3,3,9,333,1,0.4788714256465415,0,Medium,United Kingdom,RFM 7-9 (mid-low)
14134.0,383,15,11123.35,741.5566666666667,5814,24.785714285714285,347,2,5,5,12,255,0,0.6443213660093563,1,Medium,United Kingdom,RFM 10-12 (mid-high)
14135.0,2,24,8800.8,366.7,8511,32.0,736,5,5,5,15,555,0,0.0189747431398685,0,Low,United Kingdom,RFM 13-15 (high)
14136.0,401,5,1553.96,310.79200000000003,1145,82.75,331,2,4,4,10,244,1,0.5601610038673542,1,Medium,United Kingdom,RFM 10-12 (mid-high)
14137.0,696,1,294.1,294.1,400,,0,1,1,2,4,112,1,0.8249369252628519,1,High,United Kingdom,RFM 3-6 (low)
14138.0,2,2,965.88,482.94000000000005,600,62.0,62,5,2,3,10,523,2,0.3102586655450653,0,Low,United Kingdom,RFM 10-12 (mid-high)
14139.0,46,4,1086.8,271.7,1049,165.33333333333334,496,4,3,3,10,433,2,0.345040890253049,0,Low,United Kingdom,RFM 10-12 (mid-high)
14140.0,4,2,920.05,460.025,809,27.0,27,5,2,3,10,523,2,0.2867651904669182,0,Low,United Kingdom,RFM 10-12 (mid-high)
14141.0,3,4,879.0300000000001,219.7575,337,34.0,102,5,3,3,11,533,2,0.2866891867164304,0,Low,United Kingdom,RFM 10-12 (mid-high)
14142.0,373,2,655.94,327.97,512,273.0,273,2,2,3,7,223,1,0.6376550595914224,1,Medium,United Kingdom,RFM 7-9 (mid-low)
14143.0,134,1,115.8,115.8,30,,0,3,1,1,5,311,1,0.7679913359612083,1,High,United Kingdom,RFM 3-6 (low)
14144.0,486,1,30.6,30.6,12,,0,1,1,1,3,111,1,0.8834818969568414,1,High,United Kingdom,RFM 3-6 (low)
14145.0,47,7,7006.05,1000.8642857142858,1535,94.0,564,4,4,5,13,445,0,0.1219126585852953,0,Low,United Kingdom,RFM 13-15 (high)
14146.0,9,12,8208.87,684.0725000000001,5229,62.36363636363637,686,5,5,5,15,555,0,0.0352260786617881,0,Low,United Kingdom,RFM 13-15 (high)
14147.0,78,9,2019.3,224.36666666666667,837,70.25,562,3,5,4,12,354,2,0.1826056147160285,0,Low,United Kingdom,RFM 10-12 (mid-high)
14148.0,234,2,466.29,233.145,223,180.0,180,2,2,2,6,222,1,0.5920627097536281,1,Medium,United Kingdom,RFM 3-6 (low)
14149.0,221,1,259.43,259.43,129,,0,2,1,1,4,211,1,0.717739122993397,1,High,United Kingdom,RFM 3-6 (low)
14150.0,36,2,658.64,329.32,496,324.0,324,4,2,3,9,423,2,0.4961704981536036,0,Medium,United Kingdom,RFM 7-9 (mid-low)
14151.0,673,2,666.7,333.35,404,43.0,43,1,2,3,6,123,1,0.6965499199197726,1,Medium,United Kingdom,RFM 3-6 (low)
14152.0,75,7,1975.44,282.2057142857143,1826,97.16666666666669,583,3,4,4,11,344,2,0.1559813050025047,0,Low,United Kingdom,RFM 10-12 (mid-high)
14153.0,483,1,233.4,233.4,312,,0,1,1,1,3,111,1,0.8540050515535259,1,High,United Kingdom,RFM 3-6 (low)
14154.0,239,8,6263.6,782.95,3204,65.14285714285714,456,2,4,5,11,245,0,0.2989188727049098,0,Low,United Kingdom,RFM 10-12 (mid-high)
14155.0,266,1,118.75,118.75,25,,0,2,1,1,4,211,1,0.8797239629509706,1,High,United Kingdom,RFM 3-6 (low)
14156.0,10,150,295524.15,1970.161,162239,4.885906040268456,728,5,5,5,15,555,3,0.0343309873874666,0,Low,EIRE,RFM 13-15 (high)
14157.0,20,5,946.24,189.248,510,156.5,626,4,4,3,11,443,2,0.4139279332202047,0,Medium,United Kingdom,RFM 10-12 (mid-high)
14158.0,40,1,507.66,507.66,781,,0,4,1,2,7,412,2,0.3806842633476205,0,Low,United Kingdom,RFM 7-9 (mid-low)
14159.0,20,20,7494.67,374.7335,6295,37.73684210526316,717,4,5,5,14,455,0,0.0240545021866129,0,Low,United Kingdom,RFM 13-15 (high)
14160.0,610,7,8421.47,1203.0671428571427,4661,14.666666666666666,88,1,4,5,10,145,1,0.6983309925421949,1,Medium,United Kingdom,RFM 10-12 (mid-high)
14161.0,216,7,2996.93,428.1328571428571,1480,85.0,510,2,4,5,11,245,1,0.288553020026831,0,Low,United Kingdom,RFM 10-12 (mid-high)
14162.0,174,2,289.36,144.68,142,118.0,118,3,2,2,7,322,1,0.608879867624951,1,Medium,United Kingdom,RFM 7-9 (mid-low)
14163.0,87,5,2594.62,518.924,950,93.5,374,3,4,4,11,344,2,0.1870190844725692,0,Low,United Kingdom,RFM 10-12 (mid-high)
14164.0,71,2,1631.77,815.885,1033,10.0,10,3,2,4,9,324,2,0.441109503012683,0,Medium,United Kingdom,RFM 7-9 (mid-low)
14165.0,276,1,120.44,120.44,53,,0,2,1,1,4,211,1,0.8916461641358561,1,High,United Kingdom,RFM 3-6 (low)
14166.0,505,2,251.15,125.575,82,121.0,121,1,2,1,4,121,1,0.8020118257078256,1,High,United Kingdom,RFM 3-6 (low)
14167.0,39,8,1274.29,159.28625,340,91.57142857142856,641,4,4,4,12,444,2,0.3705585922982311,0,Low,United Kingdom,RFM 10-12 (mid-high)
14168.0,421,2,305.9,152.95,138,143.0,143,1,2,2,5,122,1,0.7959303427209972,1,High,United Kingdom,RFM 3-6 (low)
14169.0,431,2,621.51,310.755,205,13.0,13,1,2,3,6,123,1,0.6819325883371354,1,Medium,United Kingdom,RFM 3-6 (low)
14170.0,375,3,570.18,190.06,270,9.5,19,2,3,2,7,232,1,0.7467133737480208,1,High,United Kingdom,RFM 7-9 (mid-low)
14171.0,98,2,498.79,249.395,211,632.0,632,3,2,2,7,322,1,0.5840100816876109,1,Medium,United Kingdom,RFM 7-9 (mid-low)
14172.0,605,3,356.27,118.75666666666666,77,18.5,37,1,3,2,6,132,1,0.814727319811973,1,High,United Kingdom,RFM 3-6 (low)
14173.0,11,6,566.95,94.49166666666667,191,143.8,719,5,4,2,11,542,2,0.4370255500466844,0,Medium,United Kingdom,RFM 10-12 (mid-high)
14174.0,33,1,134.46,134.46,94,,0,4,1,1,6,411,2,0.6844945297218746,1,Medium,United Kingdom,RFM 3-6 (low)
14175.0,60,8,7350.44,918.805,2920,81.14285714285714,568,3,4,5,12,345,0,0.1239830810836747,0,Low,United Kingdom,RFM 10-12 (mid-high)
14176.0,297,5,753.5600000000001,150.71200000000002,263,20.75,83,2,4,3,9,243,1,0.7279667494669648,1,High,United Kingdom,RFM 7-9 (mid-low)
14177.0,86,13,2204.74,169.5953846153846,1042,47.083333333333336,565,3,5,4,12,354,0,0.1719973638811786,0,Low,United Kingdom,RFM 10-12 (mid-high)
14178.0,9,7,1600.26,228.60857142857145,1494,28.83333333333333,173,5,4,4,13,544,2,0.1620103951257018,0,Low,United Kingdom,RFM 13-15 (high)
14179.0,41,2,701.57,350.785,319,11.0,11,4,2,3,9,423,2,0.3830669916762552,0,Low,United Kingdom,RFM 7-9 (mid-low)
14180.0,11,33,5909.0,179.06060606060606,833,16.78125,537,5,5,5,15,555,0,0.0894155200603383,0,Low,United Kingdom,RFM 13-15 (high)
14181.0,411,2,308.35,154.175,120,151.0,151,1,2,2,5,122,1,0.7751958888569201,1,High,United Kingdom,RFM 3-6 (low)
14182.0,444,4,660.07,165.0175,172,50.66666666666666,152,1,3,3,7,133,1,0.739590464213043,1,High,United Kingdom,RFM 7-9 (mid-low)
14183.0,411,2,278.34000000000003,139.17000000000002,60,69.0,69,1,2,2,5,122,1,0.7923224254243725,1,High,United Kingdom,RFM 3-6 (low)
14184.0,67,1,452.89,452.89,127,,0,3,1,2,6,312,2,0.5858264686774113,1,Medium,United Kingdom,RFM 3-6 (low)
14185.0,331,1,197.65,197.65,6,,0,2,1,1,4,211,1,0.8567991513607585,1,High,United Kingdom,RFM 3-6 (low)
14186.0,427,5,1550.63,310.12600000000003,1550,54.25,217,1,4,4,9,144,1,0.6472059388894824,1,Medium,United Kingdom,RFM 7-9 (mid-low)
14187.0,474,1,123.5,123.5,50,,0,1,1,1,3,111,1,0.9059328542667764,1,High,United Kingdom,RFM 3-6 (low)
14188.0,31,6,2018.91,336.485,1145,55.8,279,4,4,4,12,444,2,0.1389406676979293,0,Low,United Kingdom,RFM 10-12 (mid-high)
14189.0,2,16,5453.38,340.83625,4374,25.73333333333333,386,5,5,5,15,555,0,0.0439185570273771,0,Low,United Kingdom,RFM 13-15 (high)
14190.0,666,1,79.9,79.9,2,,0,1,1,1,3,111,1,0.87337837235455,1,High,United Kingdom,RFM 3-6 (low)
14191.0,2,15,4713.41,314.2273333333333,3709,51.85714285714285,726,5,5,5,15,555,0,0.0468331619187028,0,Low,United Kingdom,RFM 13-15 (high)
14192.0,388,1,293.74,293.74,218,,0,2,1,2,5,212,1,0.8036193923187986,1,High,United Kingdom,RFM 3-6 (low)
14193.0,68,3,1210.19,403.3966666666667,653,164.0,328,3,3,4,10,334,2,0.4656528744314041,0,Medium,United Kingdom,RFM 10-12 (mid-high)
14194.0,5,36,18442.87,512.3019444444444,9927,19.914285714285715,697,5,5,5,15,555,3,0.0212244098972567,0,Low,United Kingdom,RFM 13-15 (high)
14195.0,202,6,2381.24,396.8733333333333,1844,86.4,432,2,4,4,10,244,1,0.2743160138081041,0,Low,United Kingdom,RFM 10-12 (mid-high)
14196.0,107,1,335.52,335.52,142,,0,3,1,2,6,312,1,0.5891332328607617,1,Medium,United Kingdom,RFM 3-6 (low)
14197.0,411,1,390.05,390.05,143,,0,1,1,2,4,112,1,0.7964190238376423,1,High,United Kingdom,RFM 3-6 (low)
14198.0,18,9,1527.58,169.7311111111111,608,85.625,685,5,5,4,14,554,0,0.3305129570741242,0,Low,United Kingdom,RFM 13-15 (high)
14199.0,218,4,916.5,229.125,230,104.0,312,2,3,3,8,233,1,0.5106622507913569,1,Medium,United Kingdom,RFM 7-9 (mid-low)
14200.0,617,1,379.2,379.2,140,,0,1,1,2,4,112,1,0.827600071649466,1,High,United Kingdom,RFM 3-6 (low)
14201.0,60,10,1134.14,113.41400000000002,794,58.66666666666666,528,3,5,3,11,353,2,0.240752487207181,0,Low,United Kingdom,RFM 10-12 (mid-high)
14202.0,381,3,847.76,282.58666666666664,166,121.5,243,2,3,3,8,233,1,0.6860904207197417,1,Medium,United Kingdom,RFM 7-9 (mid-low)
14203.0,397,1,339.34,339.34,80,,0,2,1,2,5,212,1,0.8509142260213548,1,High,United Kingdom,RFM 3-6 (low)
14204.0,2,4,1024.83,256.2075,469,245.0,735,5,3,3,11,533,2,0.417924598185649,0,Medium,United Kingdom,RFM 10-12 (mid-high)
14205.0,17,9,2146.58,238.5088888888889,1235,78.125,625,5,5,4,14,554,0,0.1331017539556697,0,Low,United Kingdom,RFM 13-15 (high)
14206.0,239,3,1145.21,381.7366666666667,926,81.5,163,2,3,3,8,233,1,0.5323091327678668,1,Medium,United Kingdom,RFM 7-9 (mid-low)
14207.0,688,1,157.8,157.8,36,,0,1,1,1,3,111,1,0.8882502982272951,1,High,United Kingdom,RFM 3-6 (low)
14208.0,95,2,567.05,283.525,529,456.0,456,3,2,2,7,322,1,0.542597151584844,1,Medium,United Kingdom,RFM 7-9 (mid-low)
14209.0,11,15,4937.37,329.158,1727,48.21428571428572,675,5,5,5,15,555,0,0.0406498102997965,0,Low,United Kingdom,RFM 13-15 (high)
14210.0,106,16,5509.37,344.335625,2503,39.8,597,3,5,5,13,355,0,0.1061356356986181,0,Low,United Kingdom,RFM 13-15 (high)
14211.0,53,18,4301.69,238.98277777777776,2551,39.8235294117647,677,4,5,5,14,455,0,0.0435154064838221,0,Low,United Kingdom,RFM 13-15 (high)
14212.0,90,2,2190.14,1095.07,2046,356.0,356,3,2,4,9,324,2,0.5092173760781812,1,Medium,United Kingdom,RFM 7-9 (mid-low)
14213.0,405,1,-1.4210854715202004e-14,-1.4210854715202004e-14,0,,0,2,1,1,4,211,1,0.8857227811799906,1,High,United Kingdom,RFM 3-6 (low)
14214.0,31,5,1000.23,200.046,748,61.5,246,4,4,3,11,443,2,0.2451604355194989,0,Low,United Kingdom,RFM 10-12 (mid-high)
14215.0,12,9,3238.53,359.8366666666667,2177,90.0,720,5,5,5,15,555,0,0.1006240977570299,0,Low,United Kingdom,RFM 13-15 (high)
14216.0,3,5,2142.39,428.478,709,102.5,410,5,4,4,13,544,2,0.2151056128154116,0,Low,United Kingdom,RFM 13-15 (high)
14217.0,2,23,3105.52,135.02260869565217,1207,23.863636363636363,525,5,5,5,15,555,0,0.0598419749101121,0,Low,United Kingdom,RFM 13-15 (high)
14218.0,43,1,169.48000000000002,169.48000000000002,160,,0,4,1,1,6,411,2,0.6012515122368466,1,Medium,United Kingdom,RFM 3-6 (low)
14219.0,4,3,633.83,211.27666666666667,363,244.5,489,5,3,3,11,533,2,0.4701148772442661,0,Medium,United Kingdom,RFM 10-12 (mid-high)
14220.0,247,4,1515.0,378.75,468,107.0,321,2,3,4,9,234,1,0.5252683111950992,1,Medium,United Kingdom,RFM 7-9 (mid-low)
14221.0,42,17,6506.59,382.7405882352941,3806,35.5625,569,4,5,5,14,455,0,0.0346913191039917,0,Low,United Kingdom,RFM 13-15 (high)
14222.0,177,1,683.17,683.17,607,,0,3,1,3,7,313,1,0.6479049737240409,1,Medium,United Kingdom,RFM 7-9 (mid-low)
14223.0,92,3,975.23,325.07666666666665,583,85.5,171,3,3,3,9,333,2,0.4221927576199333,0,Medium,United Kingdom,RFM 7-9 (mid-low)
14224.0,110,9,1841.71,204.63444444444443,826,54.125,433,3,5,4,12,354,2,0.148449050450505,0,Low,United Kingdom,RFM 10-12 (mid-high)
14225.0,435,4,2009.17,502.2925,1154,87.0,261,1,3,4,8,134,1,0.6083529428722251,1,Medium,United Kingdom,RFM 7-9 (mid-low)
14226.0,29,6,2950.38,491.73,1705,82.4,412,4,4,5,13,445,2,0.1119523863110797,0,Low,United Kingdom,RFM 13-15 (high)
14227.0,26,15,6327.31,421.8206666666667,4036,45.92857142857143,643,4,5,5,14,455,0,0.0350758455674445,0,Low,United Kingdom,RFM 13-15 (high)
14228.0,438,3,745.5,248.5,260,54.0,108,1,3,3,7,133,1,0.7564158997915784,1,High,United Kingdom,RFM 7-9 (mid-low)
14229.0,52,7,2468.99,352.7128571428571,911,69.83333333333333,419,4,4,4,12,444,2,0.1263680114636156,0,Low,United Kingdom,RFM 10-12 (mid-high)
14230.0,436,3,979.8,326.6,246,56.0,112,1,3,3,7,133,1,0.7294871987867881,1,High,United Kingdom,RFM 7-9 (mid-low)
14231.0,184,4,1131.97,282.9925,603,89.0,267,3,3,3,9,333,1,0.4938311199029146,0,Medium,United Kingdom,RFM 7-9 (mid-low)
14232.0,43,5,2043.93,408.786,1937,55.25,221,4,4,4,12,444,2,0.1493589474176399,0,Low,United Kingdom,RFM 10-12 (mid-high)
14233.0,49,7,2766.96,395.28,1226,99.0,594,4,4,4,12,444,2,0.1155767011788543,0,Low,United Kingdom,RFM 10-12 (mid-high)
14234.0,22,4,754.12,188.53,951,11.666666666666666,35,4,3,3,10,433,2,0.2437454604298076,0,Low,United Kingdom,RFM 10-12 (mid-high)
14235.0,75,9,4666.99,518.5544444444445,3002,68.0,544,3,5,5,13,355,0,0.0881320659214364,0,Low,United Kingdom,RFM 13-15 (high)
14236.0,81,5,1543.44,308.688,772,106.0,424,3,4,4,11,344,2,0.2830418496005796,0,Low,United Kingdom,RFM 10-12 (mid-high)
14237.0,373,2,466.04,233.02,236,217.0,217,2,2,2,6,222,1,0.7141821268378049,1,High,United Kingdom,RFM 3-6 (low)
14238.0,326,3,434.23,144.74333333333334,189,204.0,408,2,3,2,7,232,1,0.7116737104426085,1,High,United Kingdom,RFM 7-9 (mid-low)
14239.0,43,21,4203.72,200.17714285714288,1721,34.55,691,4,5,5,14,455,0,0.0431491639010535,0,Low,United Kingdom,RFM 13-15 (high)
14240.0,30,3,1247.49,415.83,655,196.5,393,4,3,4,11,434,2,0.469121161784002,0,Medium,United Kingdom,RFM 10-12 (mid-high)
14241.0,184,2,333.70000000000005,166.85000000000002,242,512.0,512,3,2,2,7,322,1,0.6134426751670228,1,Medium,United Kingdom,RFM 7-9 (mid-low)
14242.0,235,2,280.55,140.275,123,91.0,91,2,2,2,6,222,1,0.6448172403154936,1,Medium,United Kingdom,RFM 3-6 (low)
14243.0,9,17,7152.06,420.7094117647059,3610,29.1875,467,5,5,5,15,555,0,0.0400484401722163,0,Low,United Kingdom,RFM 13-15 (high)
14244.0,661,1,354.82,354.82,802,,0,1,1,2,4,112,1,0.8289225306521862,1,High,United Kingdom,RFM 3-6 (low)
14245.0,220,2,1677.48,838.74,971,43.0,43,2,2,4,8,224,1,0.5190829597017423,1,Medium,United Kingdom,RFM 7-9 (mid-low)
14246.0,111,3,1474.06,491.3533333333333,804,67.5,135,3,3,4,10,334,2,0.380057458637367,0,Low,United Kingdom,RFM 10-12 (mid-high)
14247.0,278,5,750.61,150.122,377,68.25,273,2,4,3,9,243,1,0.6142171848481307,1,Medium,United Kingdom,RFM 7-9 (mid-low)
14248.0,318,3,1032.95,344.31666666666666,692,98.5,197,2,3,3,8,233,1,0.6462150915853967,1,Medium,United Kingdom,RFM 7-9 (mid-low)
14249.0,411,12,5400.461,450.0384166666667,2383,24.363636363636363,268,1,5,5,11,155,0,0.6787499946615441,1,Medium,United Kingdom,RFM 10-12 (mid-high)
14250.0,7,3,1904.05,634.6833333333333,1200,41.0,82,5,3,4,12,534,2,0.2323351593003127,0,Low,United Kingdom,RFM 10-12 (mid-high)
14251.0,2,5,2879.7000000000003,575.94,1674,13.75,55,5,4,5,14,545,2,0.1240303596405447,0,Low,United Kingdom,RFM 13-15 (high)
14252.0,381,1,350.99,350.99,111,,0,2,1,2,5,212,1,0.8178235538549957,1,High,United Kingdom,RFM 3-6 (low)
14253.0,493,2,363.4,181.7,88,129.0,129,1,2,2,5,122,1,0.7818701458803193,1,High,United Kingdom,RFM 3-6 (low)
14254.0,433,1,601.03,601.03,263,,0,1,1,3,5,113,1,0.7493032704867056,1,High,United Kingdom,RFM 3-6 (low)
14255.0,546,1,-1441.6,-1441.6,-2,,0,1,1,1,3,111,1,0.8598185256611661,1,High,United Kingdom,RFM 3-6 (low)
14256.0,260,5,2384.14,476.828,1138,108.5,434,2,4,4,10,244,1,0.314824055826742,0,Low,United Kingdom,RFM 10-12 (mid-high)
14257.0,64,9,5942.0,660.2222222222222,3327,73.0,584,3,5,5,13,355,0,0.0738269961754825,0,Low,United Kingdom,RFM 13-15 (high)
14258.0,9,25,31027.35,1241.094,17271,30.25,726,5,5,5,15,555,3,0.0243273075492406,0,Low,United Kingdom,RFM 13-15 (high)
14259.0,142,1,120.0,120.0,68,,0,3,1,1,5,311,1,0.8040813936332811,1,High,United Kingdom,RFM 3-6 (low)
14260.0,471,3,824.28,274.76,544,38.5,77,1,3,3,7,133,1,0.7056849948889004,1,High,United Kingdom,RFM 7-9 (mid-low)
14261.0,51,2,1163.45,581.725,406,27.0,27,4,2,3,9,423,2,0.4254389630386324,0,Medium,United Kingdom,RFM 7-9 (mid-low)
14262.0,8,8,2618.23,327.27875,1645,33.142857142857146,232,5,4,4,13,544,0,0.0896479855453905,0,Low,United Kingdom,RFM 13-15 (high)
14263.0,423,1,322.93,322.93,171,,0,1,1,2,4,112,1,0.8166047392154746,1,High,United Kingdom,RFM 3-6 (low)
14264.0,155,6,1475.86,245.9766666666667,545,91.2,456,3,4,4,11,344,2,0.3662334775831716,0,Low,United Kingdom,RFM 10-12 (mid-high)
14265.0,109,4,1373.35,343.3375,715,167.33333333333334,502,3,3,4,10,334,2,0.3734354415097655,0,Low,Unknown/Other,RFM 10-12 (mid-high)
14266.0,428,1,40.56,40.56,24,,0,1,1,1,3,111,1,0.8910520816293281,1,High,United Kingdom,RFM 3-6 (low)
14267.0,163,3,1259.19,419.73,459,48.5,97,3,3,4,10,334,1,0.5176293776191329,1,Medium,United Kingdom,RFM 10-12 (mid-high)
14268.0,471,1,354.85,354.85,147,,0,1,1,2,4,112,1,0.8441684095642443,1,High,United Kingdom,RFM 3-6 (low)
14269.0,439,1,261.68,261.68,114,,0,1,1,1,3,111,1,0.8254657959086648,1,High,United Kingdom,RFM 3-6 (low)
14270.0,332,1,492.65,492.65,197,,0,2,1,2,5,212,1,0.7294610022963296,1,High,United Kingdom,RFM 3-6 (low)
14271.0,226,2,214.18,107.09,148,183.0,183,2,2,1,5,221,1,0.6094166749198102,1,Medium,United Kingdom,RFM 3-6 (low)
14272.0,74,4,920.81,230.2025,1097,169.33333333333334,508,3,3,3,9,333,2,0.3561579558173915,0,Low,United Kingdom,RFM 7-9 (mid-low)
14273.0,51,4,559.97,139.9925,264,63.333333333333336,190,4,3,2,9,432,2,0.4321795900342727,0,Medium,United Kingdom,RFM 7-9 (mid-low)
14274.0,686,1,256.6,256.6,178,,0,1,1,1,3,111,1,0.8271782673127351,1,High,United Kingdom,RFM 3-6 (low)
14275.0,396,6,1189.38,198.23,538,42.2,211,2,4,4,10,244,1,0.6578275068853219,1,Medium,United Kingdom,RFM 10-12 (mid-high)
14276.0,99,7,1929.32,275.6171428571428,1344,93.5,561,3,4,4,11,344,2,0.1704872604615495,0,Low,United Kingdom,RFM 10-12 (mid-high)
14277.0,15,9,4296.27,477.3633333333333,1883,88.75,710,5,5,5,15,555,0,0.1073039161117128,0,Low,France,RFM 13-15 (high)
14278.0,410,1,205.83,205.83,131,,0,1,1,1,3,111,1,0.8457222052262796,1,High,United Kingdom,RFM 3-6 (low)
14279.0,521,2,191.86,95.93,46,160.0,160,1,2,1,4,121,1,0.8173754530316308,1,High,United Kingdom,RFM 3-6 (low)
14280.0,197,1,134.04,134.04,52,,0,2,1,1,4,211,1,0.8135790654915325,1,High,United Kingdom,RFM 3-6 (low)
14281.0,408,1,245.15,245.15,45,,0,2,1,1,4,211,1,0.8743571680121834,1,High,United Kingdom,RFM 3-6 (low)
14282.0,3,25,7245.76,289.8304,5162,27.45833333333333,659,5,5,5,15,555,0,0.0194354618659242,0,Low,United Kingdom,RFM 13-15 (high)
14283.0,463,4,628.4399999999999,157.11,550,35.333333333333336,106,1,3,3,7,133,1,0.7031841012578351,1,High,United Kingdom,RFM 7-9 (mid-low)
14284.0,31,3,1282.85,427.6166666666666,506,311.0,622,4,3,4,11,434,2,0.5324000340872155,1,Medium,United Kingdom,RFM 10-12 (mid-high)
14285.0,21,8,3284.42,410.5525,954,101.42857142857144,710,4,4,5,13,445,0,0.1479984310158542,0,Low,United Kingdom,RFM 13-15 (high)
14286.0,24,7,8396.7,1199.5285714285717,8695,118.66666666666669,712,4,4,5,13,445,0,0.0929425550864005,0,Low,United Kingdom,RFM 13-15 (high)
14287.0,8,3,151.23000000000002,50.41,236,95.0,190,5,3,1,9,531,2,0.5523733327804119,1,Medium,United Kingdom,RFM 7-9 (mid-low)
14288.0,213,1,413.85,413.85,187,,0,2,1,2,5,212,1,0.691769600970305,1,Medium,United Kingdom,RFM 3-6 (low)
14289.0,9,6,911.26,151.8766666666667,292,56.0,280,5,4,3,12,543,2,0.3496266426440542,0,Low,United Kingdom,RFM 10-12 (mid-high)
14290.0,11,8,4208.93,526.11625,1514,102.85714285714286,720,5,4,5,14,545,0,0.122086200271703,0,Low,United Kingdom,RFM 13-15 (high)
14291.0,2,23,7844.4,341.0608695652174,6140,33.09090909090909,728,5,5,5,15,555,0,0.0188953281781232,0,Low,United Kingdom,RFM 13-15 (high)
14292.0,8,16,8887.9,555.49375,3373,41.53333333333333,623,5,5,5,15,555,0,0.0262854368663102,0,Low,United Kingdom,RFM 13-15 (high)
14293.0,3,9,2809.41,312.15666666666664,1414,90.75,726,5,5,4,14,554,0,0.0963824610095074,0,Low,United Kingdom,RFM 13-15 (high)
14294.0,407,1,375.34,375.34,190,,0,2,1,2,5,212,1,0.8177229082535372,1,High,United Kingdom,RFM 3-6 (low)
14295.0,40,5,2316.06,463.212,1022,172.75,691,4,4,4,12,444,2,0.226317898939073,0,Low,United Kingdom,RFM 10-12 (mid-high)
14296.0,421,2,448.45,224.225,313,152.0,152,1,2,2,5,122,1,0.7317961334111058,1,High,United Kingdom,RFM 3-6 (low)
14297.0,18,4,1284.06,321.015,861,85.66666666666667,257,5,3,4,12,534,2,0.2538636910649096,0,Low,United Kingdom,RFM 10-12 (mid-high)
14298.0,8,82,90489.31,1103.5281707317072,99854,8.876543209876543,719,5,5,5,15,555,3,0.0276663594688795,0,Low,United Kingdom,RFM 13-15 (high)
14299.0,8,27,12607.53,466.9455555555556,7961,28.03846153846154,729,5,5,5,15,555,0,0.020749166335489,0,Low,United Kingdom,RFM 13-15 (high)
14300.0,19,1,43.2,43.2,32,,0,5,1,1,7,511,2,0.6376348137446489,1,Medium,United Kingdom,RFM 7-9 (mid-low)
14301.0,117,4,1956.23,489.0575,1673,183.0,549,3,3,4,10,334,2,0.4146857982002379,0,Medium,United Kingdom,RFM 10-12 (mid-high)
14302.0,431,3,742.9000000000001,247.63333333333333,298,153.0,306,1,3,3,7,133,1,0.6505655091633251,1,Medium,United Kingdom,RFM 7-9 (mid-low)
14303.0,407,2,277.94,138.97,218,27.0,27,2,2,2,6,222,1,0.7784076891892611,1,High,United Kingdom,RFM 3-6 (low)
14304.0,223,3,1523.81,507.93666666666667,687,174.0,348,2,3,4,9,234,1,0.5330001773264338,1,Medium,United Kingdom,RFM 7-9 (mid-low)
14305.0,71,3,1803.76,601.2533333333333,1069,32.0,64,3,3,4,10,334,2,0.3411311490247856,0,Low,United Kingdom,RFM 10-12 (mid-high)
14306.0,51,6,3141.5,523.5833333333334,2063,125.0,625,4,4,5,13,445,2,0.1758323251882748,0,Low,United Kingdom,RFM 13-15 (high)
14307.0,89,10,4279.97,427.997,2815,71.44444444444444,643,3,5,5,13,355,0,0.1165762954961247,0,Low,United Kingdom,RFM 13-15 (high)
14308.0,549,2,-849.45,-424.725,-1,0.0,0,1,2,1,4,121,1,0.713415403953964,1,High,United Kingdom,RFM 3-6 (low)
14309.0,8,11,3747.96,340.7236363636364,2569,54.2,542,5,5,5,15,555,0,0.0491725160927883,0,Low,United Kingdom,RFM 13-15 (high)
14310.0,433,1,492.1,492.1,230,,0,1,1,2,4,112,1,0.7613106278914639,1,High,United Kingdom,RFM 3-6 (low)
14311.0,243,2,435.9,217.95,214,324.0,324,2,2,2,6,222,1,0.6044249680693037,1,Medium,United Kingdom,RFM 3-6 (low)
14312.0,47,11,3090.29,280.93545454545455,1904,45.7,457,4,5,5,14,455,0,0.0774901016544006,0,Low,United Kingdom,RFM 13-15 (high)
14314.0,107,2,221.9,110.95,330,324.0,324,3,2,1,6,321,1,0.5799362702143808,1,Medium,United Kingdom,RFM 3-6 (low)
14315.0,45,8,3168.72,396.09,1332,84.14285714285714,589,4,4,5,13,445,0,0.1180660238289779,0,Low,United Kingdom,RFM 13-15 (high)
14316.0,422,5,1355.34,271.068,4482,52.0,208,1,4,4,9,144,1,0.6462637089765859,1,Medium,United Kingdom,RFM 7-9 (mid-low)
14317.0,65,1,508.58,508.58,255,,0,3,1,2,6,312,2,0.5768504321052328,1,Medium,United Kingdom,RFM 3-6 (low)
14318.0,460,1,158.02,158.02,152,,0,1,1,1,3,111,1,0.8900726775216298,1,High,United Kingdom,RFM 3-6 (low)
14319.0,424,1,476.9500000000001,476.9500000000001,327,,0,1,1,2,4,112,1,0.7412956747610717,1,High,United Kingdom,RFM 3-6 (low)
14320.0,207,5,1204.12,240.824,626,120.0,480,2,4,4,10,244,1,0.4444709652007564,0,Medium,United Kingdom,RFM 10-12 (mid-high)
14321.0,11,7,2198.58,314.0828571428571,3271,77.0,462,5,4,4,13,544,2,0.1216000494949762,0,Low,United Kingdom,RFM 13-15 (high)
14322.0,429,4,384.3,96.075,142,76.66666666666667,230,1,3,2,6,132,1,0.7514427234944081,1,High,United Kingdom,RFM 3-6 (low)
14323.0,115,2,574.26,287.13,340,123.0,123,3,2,2,7,322,1,0.4779859320056242,0,Medium,United Kingdom,RFM 7-9 (mid-low)
14324.0,410,2,701.61,350.805,402,283.0,283,1,2,3,6,123,1,0.6256658692101665,1,Medium,United Kingdom,RFM 3-6 (low)
14325.0,570,1,245.48,245.48,320,,0,1,1,1,3,111,1,0.8556508072043648,1,High,United Kingdom,RFM 3-6 (low)
14326.0,242,3,923.98,307.99333333333334,568,145.0,290,2,3,3,8,233,1,0.5384088188297743,1,Medium,United Kingdom,RFM 7-9 (mid-low)
14327.0,163,6,1894.93,315.82166666666666,1296,107.2,536,3,4,4,11,344,1,0.2446132599225825,0,Low,United Kingdom,RFM 10-12 (mid-high)
14328.0,438,1,-445.06,-445.06,-1,,0,1,1,1,3,111,1,0.8580721631874438,1,High,United Kingdom,RFM 3-6 (low)
14329.0,17,15,9695.92,646.3946666666667,5879,50.42857142857143,706,5,5,5,15,555,0,0.0350598723672116,0,Low,United Kingdom,RFM 13-15 (high)
14330.0,624,1,200.63,200.63,103,,0,1,1,1,3,111,1,0.8439495650941197,1,High,United Kingdom,RFM 3-6 (low)
14331.0,124,2,462.66,231.33,252,10.0,10,3,2,2,7,322,1,0.5587093916935675,1,Medium,United Kingdom,RFM 7-9 (mid-low)
14332.0,23,5,1917.41,383.482,875,98.25,393,4,4,4,12,444,2,0.1821164804706959,0,Low,United Kingdom,RFM 10-12 (mid-high)
14333.0,68,1,351.45,351.45,52,,0,3,1,2,6,312,2,0.651372820740077,1,Medium,United Kingdom,RFM 3-6 (low)
14334.0,17,12,4292.98,357.7483333333333,2984,50.09090909090909,551,5,5,5,15,555,0,0.0468778022706676,0,Low,United Kingdom,RFM 13-15 (high)
14335.0,16,2,454.86,227.43,375,80.0,80,5,2,2,9,522,2,0.3643575490301475,0,Low,Germany,RFM 7-9 (mid-low)
14336.0,17,4,1614.91,403.7275,1759,86.33333333333333,259,5,3,4,12,534,2,0.2247811050340989,0,Low,United Kingdom,RFM 10-12 (mid-high)
14338.0,161,3,894.1,298.03333333333336,616,187.5,375,3,3,3,9,333,1,0.5523640116476849,1,Medium,United Kingdom,RFM 7-9 (mid-low)
14339.0,243,2,600.66,300.33,438,186.0,186,2,2,3,7,223,1,0.5570884961388544,1,Medium,United Kingdom,RFM 7-9 (mid-low)
14340.0,219,1,134.7,134.7,58,,0,2,1,1,4,211,1,0.8418657064347106,1,High,United Kingdom,RFM 3-6 (low)
14341.0,45,18,4428.17,246.00944444444443,2810,40.76470588235294,693,4,5,5,14,455,0,0.0421320937495184,0,Low,United Kingdom,RFM 13-15 (high)
14342.0,21,6,842.74,140.45666666666668,508,90.2,451,4,4,3,11,443,2,0.3407008853221703,0,Low,United Kingdom,RFM 10-12 (mid-high)
14343.0,421,4,1079.66,269.915,626,89.33333333333333,268,1,3,3,7,133,1,0.6560628246309658,1,Medium,United Kingdom,RFM 7-9 (mid-low)
14344.0,127,20,2993.05,149.6525,1546,26.21052631578948,498,3,5,5,13,355,0,0.1563077244641644,0,Low,United Kingdom,RFM 13-15 (high)
14345.0,39,1,108.98,108.98,50,,0,4,1,1,6,411,2,0.7072134732827483,1,High,United Kingdom,RFM 3-6 (low)
14346.0,121,5,2315.75,463.15,1878,94.0,376,3,4,4,11,344,2,0.2316047592749275,0,Low,United Kingdom,RFM 10-12 (mid-high)
14347.0,737,1,82.6,82.6,48,,0,1,1,1,3,111,1,0.9061850295252144,1,High,United Kingdom,RFM 3-6 (low)
14348.0,260,1,409.57,409.57,183,,0,2,1,2,5,212,1,0.7232535650739672,1,High,United Kingdom,RFM 3-6 (low)
14349.0,10,1,133.5,133.5,86,,0,5,1,1,7,511,2,0.6654301001781934,1,Medium,United Kingdom,RFM 7-9 (mid-low)
14350.0,274,3,947.8,315.93333333333334,526,77.5,155,2,3,3,8,233,1,0.6370435728766723,1,Medium,United Kingdom,RFM 7-9 (mid-low)
14351.0,165,1,51.0,51.0,12,,0,3,1,1,5,311,1,0.8202370376730971,1,High,United Kingdom,RFM 3-6 (low)
14352.0,157,4,1078.96,269.74,538,38.66666666666666,116,3,3,3,9,333,1,0.5070381312230063,1,Medium,United Kingdom,RFM 7-9 (mid-low)
14353.0,215,3,376.5,125.5,344,108.0,216,2,3,2,7,232,1,0.5226416619480371,1,Medium,United Kingdom,RFM 7-9 (mid-low)
14354.0,6,2,163.62,81.81,210,24.0,24,5,2,1,8,521,2,0.5519438192827552,1,Medium,United Kingdom,RFM 7-9 (mid-low)
14355.0,366,3,840.0500000000001,280.0166666666667,617,130.5,261,2,3,3,8,233,1,0.6300838107362512,1,Medium,United Kingdom,RFM 7-9 (mid-low)
14356.0,80,2,666.9399999999999,333.47,266,1.0,1,3,2,3,8,323,2,0.5114269584177308,1,Medium,United Kingdom,RFM 7-9 (mid-low)
14357.0,43,1,225.12,225.12,147,,0,4,1,1,6,411,2,0.4665133925517832,0,Medium,United Kingdom,RFM 3-6 (low)
14358.0,389,2,400.06,200.03,338,38.0,38,2,2,2,6,222,1,0.7672064622503407,1,High,United Kingdom,RFM 3-6 (low)
14359.0,19,3,882.58,294.1933333333333,363,34.0,68,5,3,3,11,533,2,0.3270690970111319,0,Low,United Kingdom,RFM 10-12 (mid-high)
14360.0,32,4,2118.03,529.5075,1139,20.666666666666668,62,4,3,4,11,434,2,0.2195198676648418,0,Low,United Kingdom,RFM 10-12 (mid-high)
14361.0,579,1,214.71,214.71,251,,0,1,1,1,3,111,1,0.8459436898384297,1,High,United Kingdom,RFM 3-6 (low)
14362.0,22,1,151.5,151.5,96,,0,4,1,1,6,411,2,0.5405028731966215,1,Medium,United Kingdom,RFM 3-6 (low)
14363.0,402,2,227.47000000000003,113.735,105,49.0,49,2,2,1,5,221,1,0.8216514547358328,1,High,United Kingdom,RFM 3-6 (low)
14364.0,109,8,3717.35,464.66875,1967,14.571428571428571,102,3,4,5,12,345,0,0.1667090829644874,0,Low,United Kingdom,RFM 10-12 (mid-high)
14365.0,395,2,634.68,317.34,557,287.0,287,2,2,3,7,223,1,0.6345353980391935,1,Medium,United Kingdom,RFM 7-9 (mid-low)
14366.0,525,1,136.0,136.0,16,,0,1,1,1,3,111,1,0.893492908135283,1,High,United Kingdom,RFM 3-6 (low)
14367.0,8,16,9134.12,570.8825,4398,17.8,267,5,5,5,15,555,0,0.0568940333410066,0,Low,United Kingdom,RFM 13-15 (high)
14368.0,320,1,155.0,155.0,36,,0,2,1,1,4,211,1,0.8965502827073769,1,High,United Kingdom,RFM 3-6 (low)
14369.0,642,2,469.13,234.565,255,19.0,19,1,2,2,5,122,1,0.7537293395418875,1,High,United Kingdom,RFM 3-6 (low)
14370.0,451,6,1092.13,182.02166666666668,257,45.2,226,1,4,3,8,143,1,0.6899179947647983,1,Medium,United Kingdom,RFM 7-9 (mid-low)
14371.0,295,1,100.5,100.5,34,,0,2,1,1,4,211,1,0.8870487661404068,1,High,United Kingdom,RFM 3-6 (low)
14372.0,443,2,830.1800000000001,415.09,376,156.0,156,1,2,3,6,123,1,0.6919366039099422,1,Medium,United Kingdom,RFM 3-6 (low)
14373.0,358,1,76.55,76.55,17,,0,2,1,1,4,211,1,0.8967829422916676,1,High,United Kingdom,RFM 3-6 (low)
14374.0,541,1,108.0,108.0,20,,0,1,1,1,3,111,1,0.9019440193479308,1,High,United Kingdom,RFM 3-6 (low)
14375.0,185,3,1106.82,368.94,647,177.5,355,3,3,3,9,333,1,0.5259772068063889,1,Medium,United Kingdom,RFM 7-9 (mid-low)
14376.0,683,1,215.46,215.46,50,,0,1,1,1,3,111,1,0.869748279722518,1,High,United Kingdom,RFM 3-6 (low)
14377.0,191,2,617.05,308.525,219,70.0,70,2,2,3,7,223,1,0.5888945903663535,1,Medium,United Kingdom,RFM 7-9 (mid-low)
14378.0,622,1,131.25,131.25,57,,0,1,1,1,3,111,1,0.8958963470727255,1,High,United Kingdom,RFM 3-6 (low)
14379.0,44,4,1265.16,316.29,712,145.33333333333334,436,4,3,4,11,434,2,0.3484352283243959,0,Low,United Kingdom,RFM 10-12 (mid-high)
14381.0,52,2,625.9399999999999,312.97,449,399.0,399,4,2,3,9,423,2,0.5595835031408035,1,Medium,United Kingdom,RFM 7-9 (mid-low)
14382.0,26,2,1187.68,593.84,1666,363.0,363,4,2,4,10,424,2,0.467380305446707,0,Medium,United Kingdom,RFM 10-12 (mid-high)
14383.0,38,3,1247.69,415.8966666666667,817,62.5,125,4,3,4,11,434,2,0.3090767278123527,0,Low,United Kingdom,RFM 10-12 (mid-high)
14384.0,501,1,58.5,58.5,30,,0,1,1,1,3,111,1,0.8924521550421727,1,High,United Kingdom,RFM 3-6 (low)
14385.0,9,3,202.11,67.37,159,7.0,14,5,3,1,9,531,2,0.5064464757626531,1,Medium,United Kingdom,RFM 7-9 (mid-low)
14386.0,297,1,142.4,142.4,54,,0,2,1,1,4,211,1,0.8839666113473612,1,High,United Kingdom,RFM 3-6 (low)
14387.0,33,3,1727.6,575.8666666666667,795,38.0,76,4,3,4,11,434,2,0.2755312023803039,0,Low,United Kingdom,RFM 10-12 (mid-high)
14388.0,10,16,6289.95,393.121875,4169,45.2,678,5,5,5,15,555,0,0.0341023440880332,0,Low,United Kingdom,RFM 13-15 (high)
14389.0,65,5,1821.07,364.214,1333,131.25,525,3,4,4,11,344,2,0.2011365766715169,0,Low,United Kingdom,RFM 10-12 (mid-high)
14390.0,10,13,6079.4800000000005,467.6523076923077,2817,34.5,414,5,5,5,15,555,0,0.0502955810092108,0,Low,United Kingdom,RFM 13-15 (high)
14391.0,577,1,135.6,135.6,168,,0,1,1,1,3,111,1,0.86717609231432,1,High,United Kingdom,RFM 3-6 (low)
14392.0,432,1,266.4,266.4,114,,0,1,1,1,3,111,1,0.8207547566119002,1,High,United Kingdom,RFM 3-6 (low)
14393.0,218,1,67.95,67.95,13,,0,2,1,1,4,211,1,0.8580347896044962,1,High,United Kingdom,RFM 3-6 (low)
14394.0,565,1,93.8,93.8,58,,0,1,1,1,3,111,1,0.9066850531579992,1,High,United Kingdom,RFM 3-6 (low)
14395.0,2,20,7754.73,387.7365,3866,31.473684210526315,598,5,5,5,15,555,0,0.0197786545408239,0,Low,United Kingdom,RFM 13-15 (high)
14396.0,65,7,1969.38,281.34000000000003,959,112.0,672,3,4,4,11,344,2,0.1998791847467246,0,Low,United Kingdom,RFM 10-12 (mid-high)
14397.0,3,19,2556.68,134.5621052631579,1852,11.666666666666666,210,5,5,4,14,554,0,0.0839029834435156,0,Low,United Kingdom,RFM 13-15 (high)
14398.0,401,2,707.79,353.895,267,126.0,126,2,2,3,7,223,1,0.7250052191953676,1,High,United Kingdom,RFM 7-9 (mid-low)
14399.0,394,8,2093.21,261.65125,957,40.0,280,2,4,4,10,244,1,0.5764476265072953,1,Medium,United Kingdom,RFM 10-12 (mid-high)
14400.0,149,3,1703.0,567.6666666666666,1693,241.0,482,3,3,4,10,334,1,0.4691547238234569,0,Medium,United Kingdom,RFM 10-12 (mid-high)
14401.0,4,22,6703.4,304.7,6379,34.333333333333336,721,5,5,5,15,555,0,0.0196869857994354,0,Low,United Kingdom,RFM 13-15 (high)
14402.0,652,1,285.6,285.6,240,,0,1,1,2,4,112,1,0.8097911729282881,1,High,United Kingdom,RFM 3-6 (low)
14403.0,130,6,1822.76,303.7933333333333,726,101.6,508,3,4,4,11,344,2,0.2687543715035742,0,Low,United Kingdom,RFM 10-12 (mid-high)
14404.0,34,13,2625.13,201.93307692307687,1557,57.083333333333336,685,4,5,4,13,454,0,0.0644421698343554,0,Low,United Kingdom,RFM 13-15 (high)
14405.0,387,1,195.0,195.0,100,,0,2,1,1,4,211,1,0.7968507290914664,1,High,United Kingdom,RFM 3-6 (low)
14406.0,119,1,156.75,156.75,77,,0,3,1,1,5,311,1,0.723150002816161,1,High,United Kingdom,RFM 3-6 (low)
14407.0,107,6,2111.08,351.84666666666664,1412,33.8,169,3,4,4,11,344,2,0.1783340967584722,0,Low,United Kingdom,RFM 10-12 (mid-high)
14408.0,11,11,4102.27,372.9336363636364,2438,72.1,721,5,5,5,15,555,0,0.0602343527176629,0,Low,United Kingdom,RFM 13-15 (high)
14409.0,71,9,3276.09,364.01,2161,62.0,496,3,5,5,13,355,0,0.0743462028053322,0,Low,United Kingdom,RFM 13-15 (high)
14410.0,92,11,2105.08,191.3709090909091,1092,34.4,344,3,5,4,12,354,0,0.1245371030733844,0,Low,United Kingdom,RFM 10-12 (mid-high)
14411.0,311,1,1063.0,1063.0,196,,0,2,1,3,6,213,1,0.7493690234516126,1,High,United Kingdom,RFM 3-6 (low)
14412.0,43,3,1417.49,472.4966666666666,1426,190.5,381,4,3,4,11,434,2,0.4548136001753941,0,Medium,United Kingdom,RFM 10-12 (mid-high)
14413.0,362,3,421.72,140.57333333333335,276,163.0,326,2,3,2,7,232,1,0.7185374460891454,1,High,United Kingdom,RFM 7-9 (mid-low)
14414.0,92,8,2387.48,298.435,2874,40.42857142857143,283,3,4,4,11,344,2,0.1256609483107905,0,Low,United Kingdom,RFM 10-12 (mid-high)
14415.0,1,23,11803.62,513.2008695652174,6205,32.81818181818182,722,5,5,5,15,555,0,0.0222024304780582,0,Low,United Kingdom,RFM 13-15 (high)
14416.0,22,2,490.22,245.11,326,20.0,20,4,2,2,8,422,2,0.3447127875003362,0,Low,United Kingdom,RFM 7-9 (mid-low)
14417.0,388,1,524.65,524.65,543,,0,2,1,2,5,212,1,0.7015698063261949,1,High,United Kingdom,RFM 3-6 (low)
14418.0,4,3,1937.25,645.75,1711,52.0,104,5,3,4,12,534,2,0.2305922460121628,0,Low,United Kingdom,RFM 10-12 (mid-high)
14419.0,11,7,1254.64,179.23428571428573,552,62.0,372,5,4,4,13,544,2,0.2333575989442718,0,Low,United Kingdom,RFM 13-15 (high)
14420.0,99,4,1627.72,406.93,1115,197.3333333333333,592,3,3,4,10,334,2,0.3953293154976277,0,Low,United Kingdom,RFM 10-12 (mid-high)
14421.0,57,6,2456.62,409.43666666666667,1341,126.8,634,4,4,4,12,444,2,0.1677489427472742,0,Low,United Kingdom,RFM 10-12 (mid-high)
14422.0,1,19,10200.92,536.8905263157894,6059,40.05555555555556,721,5,5,5,15,555,0,0.0246213501337439,0,Low,United Kingdom,RFM 13-15 (high)
14423.0,218,3,914.96,304.9866666666666,418,238.0,476,2,3,3,8,233,1,0.5494819323193443,1,Medium,United Kingdom,RFM 7-9 (mid-low)
14424.0,18,1,322.08,322.08,48,,0,5,1,2,8,512,2,0.4770784911162429,0,Medium,United Kingdom,RFM 7-9 (mid-low)
14425.0,435,3,635.89,211.9633333333333,319,151.0,302,1,3,3,7,133,1,0.6493443542128148,1,Medium,United Kingdom,RFM 7-9 (mid-low)
14426.0,24,17,11103.97,653.1747058823529,6656,38.8125,621,4,5,5,14,455,0,0.0274841442495136,0,Low,United Kingdom,RFM 13-15 (high)
14427.0,50,4,1263.52,315.88,538,193.66666666666663,581,4,3,4,11,434,2,0.4860554082152458,0,Medium,United Kingdom,RFM 10-12 (mid-high)
14428.0,7,5,1209.37,241.874,420,79.25,317,5,4,4,13,544,2,0.2892998682005869,0,Low,United Kingdom,RFM 13-15 (high)
14429.0,404,1,516.28,516.28,286,,0,2,1,2,5,212,1,0.717463236243399,1,High,United Kingdom,RFM 3-6 (low)
14430.0,512,3,956.4,318.8,408,47.5,95,1,3,3,7,133,1,0.6949412879907308,1,Medium,United Kingdom,RFM 7-9 (mid-low)
14431.0,303,4,2567.1,641.775,1196,128.0,384,2,3,4,9,234,1,0.4757293709869378,0,Medium,United Kingdom,RFM 7-9 (mid-low)
14432.0,10,6,2248.5,374.75,2013,15.8,79,5,4,4,13,544,2,0.1324968043828477,0,Low,United Kingdom,RFM 13-15 (high)
14433.0,466,1,280.7,280.7,131,,0,1,1,2,4,112,1,0.8198598410643798,1,High,United Kingdom,RFM 3-6 (low)
14434.0,22,6,1372.8,228.8,368,10.0,50,4,4,4,12,444,2,0.2802235332541998,0,Low,United Kingdom,RFM 10-12 (mid-high)
14435.0,502,1,90.42,90.42,282,,0,1,1,1,3,111,1,0.8666689372070827,1,High,United Kingdom,RFM 3-6 (low)
14436.0,99,2,271.70000000000005,135.85000000000002,297,454.0,454,3,2,2,7,322,1,0.6427252119132758,1,Medium,United Kingdom,RFM 7-9 (mid-low)
14437.0,366,5,744.44,148.888,413,54.25,217,2,4,3,9,243,1,0.6385132743573663,1,Medium,United Kingdom,RFM 7-9 (mid-low)
14438.0,306,1,131.9,131.9,82,,0,2,1,1,4,211,1,0.8944211401718846,1,High,United Kingdom,RFM 3-6 (low)
14439.0,320,5,9443.04,1888.608,2244,91.75,367,2,4,5,11,245,1,0.4874271588088353,0,Medium,Greece,RFM 10-12 (mid-high)
14440.0,8,13,5870.13,451.5484615384616,1595,60.75,729,5,5,5,15,555,0,0.0491298092909802,0,Low,United Kingdom,RFM 13-15 (high)
14441.0,1,11,4370.09,397.2809090909091,1242,68.9,689,5,5,5,15,555,0,0.0699511652048664,0,Low,United Kingdom,RFM 13-15 (high)
14442.0,205,7,5272.02,753.1457142857143,1420,80.83333333333333,485,2,4,5,11,245,0,0.282270647712373,0,Low,Channel Islands,RFM 10-12 (mid-high)
14443.0,54,5,2063.65,412.73,1350,81.25,325,4,4,4,12,444,2,0.1477908301467034,0,Low,United Kingdom,RFM 10-12 (mid-high)
14444.0,456,1,120.44,120.44,172,,0,1,1,1,3,111,1,0.8801576093758348,1,High,United Kingdom,RFM 3-6 (low)
14445.0,456,1,221.65,221.65,83,,0,1,1,1,3,111,1,0.8762318487926506,1,High,United Kingdom,RFM 3-6 (low)
14446.0,1,5,1200.28,240.056,1091,96.25,385,5,4,4,13,544,2,0.1998293334543606,0,Low,United Kingdom,RFM 13-15 (high)
14447.0,19,6,1711.73,285.28833333333336,913,76.2,381,5,4,4,13,544,2,0.157361917009254,0,Low,United Kingdom,RFM 13-15 (high)
14448.0,9,2,375.35,187.675,104,354.0,354,5,2,2,9,522,2,0.5403413064723173,1,Medium,United Kingdom,RFM 7-9 (mid-low)
14449.0,19,8,2230.96,278.87,1604,59.57142857142857,417,5,4,4,13,544,0,0.1070322805264105,0,Low,United Kingdom,RFM 13-15 (high)
14450.0,181,7,1128.44,161.2057142857143,522,71.5,429,3,4,3,10,343,1,0.354485612889652,0,Low,United Kingdom,RFM 10-12 (mid-high)
14451.0,60,12,3215.5,267.9583333333333,1703,57.36363636363637,631,3,5,5,13,355,0,0.0644956290200741,0,Low,United Kingdom,RFM 13-15 (high)
14452.0,11,4,658.95,164.7375,285,170.0,510,5,3,3,11,533,2,0.3711086844983509,0,Low,United Kingdom,RFM 10-12 (mid-high)
14453.0,190,1,119.93,119.93,49,,0,2,1,1,4,211,1,0.8118398408875551,1,High,United Kingdom,RFM 3-6 (low)
14454.0,376,5,970.7,194.14,396,89.25,357,2,4,3,9,243,1,0.6255351397149919,1,Medium,United Kingdom,RFM 7-9 (mid-low)
14455.0,432,4,584.37,146.0925,669,21.0,63,1,3,2,6,132,1,0.7162712442632617,1,High,United Kingdom,RFM 3-6 (low)
14456.0,5,9,3002.51,333.6122222222222,2878,17.125,137,5,5,5,15,555,0,0.082384013870553,0,Low,United Kingdom,RFM 13-15 (high)
14457.0,311,1,113.64,113.64,88,,0,2,1,1,4,211,1,0.8864110469667965,1,High,United Kingdom,RFM 3-6 (low)
14458.0,381,1,228.07,228.07,317,,0,2,1,1,4,211,1,0.8381922791313116,1,High,United Kingdom,RFM 3-6 (low)
14459.0,155,2,5339.1410000000005,2669.5705000000003,2302,496.0,496,3,2,5,10,325,1,0.463933354730201,0,Medium,United Kingdom,RFM 10-12 (mid-high)
14460.0,110,9,919.6,102.17777777777778,1761,76.625,613,3,5,3,11,353,2,0.2258901554793189,0,Low,United Kingdom,RFM 10-12 (mid-high)
14461.0,148,13,6661.01,512.3853846153846,3003,45.16666666666666,542,3,5,5,13,355,0,0.1811772807726087,0,Low,United Kingdom,RFM 13-15 (high)
14462.0,66,12,2204.69,183.72416666666663,1031,33.27272727272727,366,3,5,4,12,354,0,0.1240520517682879,0,Low,United Kingdom,RFM 10-12 (mid-high)
14463.0,98,4,786.5699999999999,196.6425,210,133.66666666666666,401,3,3,3,9,333,2,0.4227243981853252,0,Medium,United Kingdom,RFM 7-9 (mid-low)
14464.0,568,2,111.0,55.5,62,59.0,59,1,2,1,4,121,1,0.8349681552161732,1,High,United Kingdom,RFM 3-6 (low)
14465.0,247,11,3925.85,356.8954545454545,2539,45.4,454,2,5,5,12,255,0,0.4177889519919998,0,Medium,United Kingdom,RFM 10-12 (mid-high)
14466.0,29,13,4267.15,328.2423076923077,2507,58.0,696,4,5,5,14,455,0,0.0486126484951194,0,Low,United Kingdom,RFM 13-15 (high)
14467.0,18,12,2203.24,183.60333333333327,1187,65.45454545454545,720,5,5,4,14,554,0,0.1106856628584107,0,Low,United Kingdom,RFM 13-15 (high)
14468.0,734,1,204.24,204.24,164,,0,1,1,1,3,111,1,0.8458311219476407,1,High,United Kingdom,RFM 3-6 (low)
14469.0,416,4,2093.46,523.365,973,87.66666666666667,263,1,3,4,8,134,1,0.6109185461347562,1,Medium,United Kingdom,RFM 7-9 (mid-low)
14470.0,12,3,712.04,237.34666666666664,282,209.0,418,5,3,3,11,533,2,0.5011171677357406,1,Medium,United Kingdom,RFM 10-12 (mid-high)
14471.0,591,2,400.95,200.475,187,141.0,141,1,2,2,5,122,1,0.7682611205219625,1,High,United Kingdom,RFM 3-6 (low)
14472.0,104,9,2118.72,235.4133333333333,1271,73.125,585,3,5,4,12,354,2,0.1578745242864624,0,Low,United Kingdom,RFM 10-12 (mid-high)
14473.0,74,2,234.34000000000003,117.17000000000002,88,208.0,208,3,2,1,6,321,2,0.5611527746937734,1,Medium,United Kingdom,RFM 3-6 (low)
14474.0,46,2,1248.94,624.47,447,533.0,533,4,2,4,10,424,2,0.6056560463249611,1,Medium,United Kingdom,RFM 10-12 (mid-high)
14475.0,72,4,1025.12,256.28000000000003,522,112.33333333333331,337,3,3,3,9,333,2,0.3966872804909986,0,Low,United Kingdom,RFM 7-9 (mid-low)
14476.0,257,1,193.0,193.0,110,,0,2,1,1,4,211,1,0.6982133209766153,1,Medium,United Kingdom,RFM 3-6 (low)
14477.0,20,7,1960.61,280.08714285714285,1115,114.0,684,4,4,4,12,444,2,0.1612915020967881,0,Low,United Kingdom,RFM 10-12 (mid-high)
14478.0,382,4,1276.66,319.165,1226,118.66666666666669,356,2,3,4,9,234,1,0.5725717528559324,1,Medium,United Kingdom,RFM 7-9 (mid-low)
14479.0,254,4,1124.71,281.1775,562,159.66666666666666,479,2,3,3,8,233,1,0.5364759410390263,1,Medium,United Kingdom,RFM 7-9 (mid-low)
14480.0,11,4,1295.27,323.8175,669,235.66666666666663,707,5,3,4,12,534,2,0.3866796695494313,0,Low,United Kingdom,RFM 10-12 (mid-high)
14481.0,165,5,1908.52,381.704,1567,128.0,512,3,4,4,11,344,1,0.2847882242532117,0,Low,United Kingdom,RFM 10-12 (mid-high)
14482.0,18,12,4141.06,345.08833333333337,2783,41.0,451,5,5,5,15,555,0,0.0615563538121505,0,Low,United Kingdom,RFM 13-15 (high)
14483.0,282,2,249.2,124.6,191,455.0,455,2,2,1,5,221,1,0.7275493879731237,1,High,United Kingdom,RFM 3-6 (low)
14484.0,50,4,1070.98,267.745,744,224.0,672,4,3,3,10,433,2,0.4104933313182654,0,Medium,United Kingdom,RFM 10-12 (mid-high)
14485.0,39,1,162.8,162.8,70,,0,4,1,1,6,411,2,0.620127638032232,1,Medium,United Kingdom,RFM 3-6 (low)
14486.0,512,2,175.5,87.75,90,41.0,41,1,2,1,4,121,1,0.8347272288065979,1,High,United Kingdom,RFM 3-6 (low)
14487.0,27,7,1253.52,179.0742857142857,760,58.66666666666666,352,4,4,4,12,444,2,0.1813691261020241,0,Low,United Kingdom,RFM 10-12 (mid-high)
14488.0,68,1,1047.43,1047.43,793,,0,3,1,3,7,313,2,0.5469658881840856,1,Medium,United Kingdom,RFM 7-9 (mid-low)
14489.0,207,4,1574.93,393.7325,1011,135.0,405,2,3,4,9,234,1,0.4334016561320952,0,Medium,United Kingdom,RFM 7-9 (mid-low)
14490.0,406,2,1273.47,636.735,933,22.0,22,2,2,4,8,224,1,0.6632349935770382,1,Medium,United Kingdom,RFM 7-9 (mid-low)
14491.0,175,2,340.93,170.465,139,197.0,197,3,2,2,7,322,1,0.6093404720847216,1,Medium,United Kingdom,RFM 7-9 (mid-low)
14492.0,430,7,1574.36,224.90857142857143,639,31.33333333333333,188,1,4,4,9,144,1,0.63609656001338,1,Medium,United Kingdom,RFM 7-9 (mid-low)
14493.0,7,10,4993.76,499.376,3136,70.44444444444444,634,5,5,5,15,555,0,0.0468661153709953,0,Low,United Kingdom,RFM 13-15 (high)
14494.0,26,3,401.46,133.82,210,352.5,705,4,3,2,9,432,2,0.5606035045896183,1,Medium,United Kingdom,RFM 7-9 (mid-low)
14495.0,51,3,166.3,55.43333333333334,67,304.5,609,4,3,1,8,431,2,0.496142809899411,0,Medium,United Kingdom,RFM 7-9 (mid-low)
14496.0,312,7,2341.54,334.5057142857143,894,53.5,321,2,4,4,10,244,1,0.5076872846027068,1,Medium,United Kingdom,RFM 10-12 (mid-high)
14497.0,309,2,679.16,339.58,330,364.0,364,2,2,3,7,223,1,0.6496977700698666,1,Medium,United Kingdom,RFM 7-9 (mid-low)
14498.0,43,10,3900.83,390.083,2120,56.333333333333336,507,4,5,5,14,455,0,0.0745444572782761,0,Low,United Kingdom,RFM 13-15 (high)
14499.0,26,7,2083.44,297.63428571428574,1222,73.83333333333333,443,4,4,4,12,444,2,0.1333955492569522,0,Low,United Kingdom,RFM 10-12 (mid-high)
14500.0,88,3,356.85,118.95,117,50.5,101,3,3,2,8,332,2,0.5202015274107183,1,Medium,United Kingdom,RFM 7-9 (mid-low)
14501.0,184,2,190.31,95.155,119,136.0,136,3,2,1,6,321,1,0.6195068060417911,1,Medium,United Kingdom,RFM 3-6 (low)
14502.0,20,11,2310.18,210.0163636363636,1465,29.3,293,4,5,4,13,454,0,0.0894178813710805,0,Low,United Kingdom,RFM 13-15 (high)
14503.0,3,6,3543.26,590.5433333333334,2004,35.0,175,5,4,5,14,545,0,0.1188281635607394,0,Low,United Kingdom,RFM 13-15 (high)
14504.0,47,4,673.26,168.315,308,77.0,231,4,3,3,10,433,2,0.3883750861437911,0,Low,United Kingdom,RFM 10-12 (mid-high)
14505.0,17,19,11596.04,610.3178947368422,5246,39.61111111111112,713,5,5,5,15,555,0,0.0268506698149309,0,Low,United Kingdom,RFM 13-15 (high)
14506.0,17,7,2960.25,422.8928571428572,936,97.0,582,5,4,5,14,545,0,0.1409423125597949,0,Low,United Kingdom,RFM 13-15 (high)
14507.0,24,11,3104.8,282.25454545454545,1448,70.5,705,4,5,5,14,455,0,0.0639553647062995,0,Low,United Kingdom,RFM 13-15 (high)
14508.0,22,5,804.07,160.81400000000002,334,129.5,518,4,4,3,11,443,2,0.358041268929805,0,Low,United Kingdom,RFM 10-12 (mid-high)
14509.0,534,1,110.95,110.95,38,,0,1,1,1,3,111,1,0.9040536249778736,1,High,United Kingdom,RFM 3-6 (low)
14510.0,376,3,964.55,321.51666666666665,787,30.0,60,2,3,3,8,233,1,0.6577828961313447,1,Medium,United Kingdom,RFM 7-9 (mid-low)
14511.0,11,5,1267.41,253.482,772,30.5,122,5,4,4,13,544,2,0.1902743730582009,0,Low,United Kingdom,RFM 13-15 (high)
14512.0,188,7,1215.97,173.71,736,90.66666666666669,544,2,4,4,10,244,1,0.3971974714634201,0,Low,United Kingdom,RFM 10-12 (mid-high)
14513.0,101,6,770.9100000000001,128.485,587,93.4,467,3,4,3,10,343,2,0.3687325008529162,0,Low,United Kingdom,RFM 10-12 (mid-high)
14514.0,61,9,4375.79,486.19888888888886,2361,83.125,665,3,5,5,13,355,0,0.1079413811158047,0,Low,United Kingdom,RFM 13-15 (high)
14515.0,18,12,3693.7,307.80833333333334,1883,48.36363636363637,532,5,5,5,15,555,0,0.0528153300352751,0,Low,United Kingdom,RFM 13-15 (high)
14516.0,516,1,151.17,151.17,63,,0,1,1,1,3,111,1,0.9028170920350856,1,High,United Kingdom,RFM 3-6 (low)
14517.0,33,2,330.45,165.225,91,108.0,108,4,2,2,8,422,2,0.422152369507157,0,Medium,United Kingdom,RFM 7-9 (mid-low)
14518.0,64,1,174.37,174.37,278,,0,3,1,1,5,311,2,0.6651710123363196,1,Medium,United Kingdom,RFM 3-6 (low)
14519.0,684,2,203.14,101.57,81,45.0,45,1,2,1,4,121,1,0.8331087053111971,1,High,United Kingdom,RFM 3-6 (low)
14520.0,2,2,270.6,135.3,146,289.0,289,5,2,2,9,522,2,0.5564776760795841,1,Medium,United Kingdom,RFM 7-9 (mid-low)
14521.0,491,1,167.65,167.65,203,,0,1,1,1,3,111,1,0.8927462803986502,1,High,United Kingdom,RFM 3-6 (low)
14522.0,24,8,1748.42,218.5525,956,94.14285714285714,659,4,4,4,12,444,2,0.1985226084881692,0,Low,United Kingdom,RFM 10-12 (mid-high)
14523.0,108,1,241.09,241.09,251,,0,3,1,1,5,311,1,0.606828383356763,1,Medium,United Kingdom,RFM 3-6 (low)
14524.0,32,13,2909.86,223.8353846153846,1169,32.083333333333336,385,4,5,5,14,455,0,0.0817448601574729,0,Low,United Kingdom,RFM 13-15 (high)
14525.0,20,17,7915.71,465.63,5072,44.125,706,4,5,5,14,455,0,0.0287843469658347,0,Low,United Kingdom,RFM 13-15 (high)
14526.0,389,1,258.65,258.65,178,,0,2,1,1,4,211,1,0.823155841425762,1,High,United Kingdom,RFM 3-6 (low)
14527.0,3,122,25285.91,207.2615573770492,6442,6.074380165289257,735,5,5,5,15,555,3,0.0231819666088725,0,Low,United Kingdom,RFM 13-15 (high)
14528.0,37,1,364.22,364.22,278,,0,4,1,2,7,412,2,0.4794797811597805,0,Medium,United Kingdom,RFM 7-9 (mid-low)
14529.0,60,3,578.61,192.87,325,25.0,50,3,3,2,8,332,2,0.4166158251360095,0,Medium,United Kingdom,RFM 7-9 (mid-low)
14530.0,26,16,5968.62,373.03875,2974,44.06666666666667,661,4,5,5,14,455,0,0.0297481448040643,0,Low,United Kingdom,RFM 13-15 (high)
14531.0,480,1,376.34,376.34,260,,0,1,1,2,4,112,1,0.8387106678261945,1,High,United Kingdom,RFM 3-6 (low)
14532.0,236,11,3833.03,348.4572727272728,1110,46.2,462,2,5,5,12,255,0,0.3809744946537114,0,Low,United Kingdom,RFM 10-12 (mid-high)
14533.0,25,11,3185.12,289.55636363636364,4783,58.5,585,4,5,5,14,455,0,0.0524861988354612,0,Low,United Kingdom,RFM 13-15 (high)
14534.0,3,26,5702.97,219.345,2685,25.24,631,5,5,5,15,555,0,0.0237968718075036,0,Low,United Kingdom,RFM 13-15 (high)
14535.0,60,9,5815.13,646.1255555555556,3188,74.125,593,3,5,5,13,355,0,0.0729638625288211,0,Low,United Kingdom,RFM 13-15 (high)
14536.0,260,1,170.95,170.95,39,,0,2,1,1,4,211,1,0.8969094884261706,1,High,United Kingdom,RFM 3-6 (low)
14537.0,58,2,635.45,317.725,227,565.0,565,4,2,3,9,423,2,0.5745920679056729,1,Medium,United Kingdom,RFM 7-9 (mid-low)
14538.0,65,5,1370.84,274.168,284,154.5,618,3,4,4,11,344,2,0.4103793013820454,0,Medium,United Kingdom,RFM 10-12 (mid-high)
14539.0,16,2,537.48,268.74,428,28.0,28,5,2,2,9,522,2,0.320326523585333,0,Low,United Kingdom,RFM 7-9 (mid-low)
14540.0,10,11,3699.74,336.34000000000003,1593,72.2,722,5,5,5,15,555,0,0.0599831583244887,0,Low,United Kingdom,RFM 13-15 (high)
14541.0,59,14,2491.38,177.9557142857143,1123,49.38461538461539,642,4,5,4,13,454,0,0.0881184253742634,0,Low,United Kingdom,RFM 13-15 (high)
14542.0,186,1,103.25,103.25,19,,0,3,1,1,5,311,1,0.8210261812864295,1,High,United Kingdom,RFM 3-6 (low)
14543.0,29,39,11905.71,305.2746153846154,2050,18.657894736842103,709,4,5,5,14,455,0,0.0321535093422718,0,Low,United Kingdom,RFM 13-15 (high)
14544.0,24,3,2938.53,979.51,2412,222.5,445,4,3,5,12,435,2,0.3432120305155304,0,Low,United Kingdom,RFM 10-12 (mid-high)
14545.0,674,1,349.25,349.25,236,,0,1,1,2,4,112,1,0.8345156298113627,1,High,United Kingdom,RFM 3-6 (low)
14546.0,5,11,4987.97,453.4518181818182,2612,72.7,727,5,5,5,15,555,0,0.049132274735867,0,Low,United Kingdom,RFM 13-15 (high)
14547.0,4,8,3953.95,494.24375,2629,7.142857142857143,50,5,4,5,14,545,0,0.1061020913669471,0,Low,United Kingdom,RFM 13-15 (high)
14548.0,151,9,2541.29,282.36555555555555,986,72.75,582,3,5,4,12,354,0,0.1933841946491963,0,Low,United Kingdom,RFM 10-12 (mid-high)
14549.0,311,4,913.6,228.4,394,141.66666666666666,425,2,3,3,8,233,1,0.5799406894566786,1,Medium,United Kingdom,RFM 7-9 (mid-low)
14550.0,11,4,1345.06,336.265,771,157.66666666666666,473,5,3,4,12,534,2,0.3256793994891824,0,Low,United Kingdom,RFM 10-12 (mid-high)
14551.0,18,7,856.64,122.37714285714286,475,110.5,663,5,4,3,12,543,2,0.4084741049634446,0,Medium,United Kingdom,RFM 10-12 (mid-high)
14552.0,152,3,507.93,169.31,258,220.0,440,3,3,2,8,332,1,0.5421812376602482,1,Medium,United Kingdom,RFM 7-9 (mid-low)
14553.0,19,9,1793.1,199.2333333333333,1116,61.25,490,5,5,4,14,554,0,0.1113870662790096,0,Low,United Kingdom,RFM 13-15 (high)
14554.0,10,4,2279.49,569.8725000000001,1443,14.0,42,5,3,4,12,534,2,0.2118651625631941,0,Low,United Kingdom,RFM 10-12 (mid-high)
14555.0,57,6,2294.88,382.48,839,132.8,664,4,4,4,12,444,2,0.2141178921609578,0,Low,United Kingdom,RFM 10-12 (mid-high)
14556.0,596,3,815.69,271.8966666666667,323,46.0,92,1,3,3,7,133,1,0.7120608298897858,1,High,United Kingdom,RFM 7-9 (mid-low)
14557.0,85,1,0.0,0.0,0,,0,3,1,1,5,311,1,0.7167274772900524,1,High,United Kingdom,RFM 3-6 (low)
14558.0,654,3,614.1,204.7,158,38.5,77,1,3,3,7,133,1,0.7568212448681632,1,High,United Kingdom,RFM 7-9 (mid-low)
14559.0,390,1,75.6,75.6,72,,0,2,1,1,4,211,1,0.9001946452723851,1,High,United Kingdom,RFM 3-6 (low)
14560.0,7,44,6050.44,137.51,4543,16.976744186046513,730,5,5,5,15,555,0,0.0389860894618773,0,Low,United Kingdom,RFM 13-15 (high)
14561.0,76,3,1080.76,360.25333333333333,1014,54.0,108,3,3,3,9,333,2,0.3505113742900916,0,Low,United Kingdom,RFM 7-9 (mid-low)
14562.0,4,26,6308.0,242.6153846153846,2422,26.64,666,5,5,5,15,555,0,0.0247484297346682,0,Low,United Kingdom,RFM 13-15 (high)
14563.0,510,2,640.54,320.27,279,82.0,82,1,2,3,6,123,1,0.7570497877553586,1,High,United Kingdom,RFM 3-6 (low)
14564.0,435,2,2519.32,1259.66,1284,300.0,300,1,2,4,7,124,1,0.5916554519464462,1,Medium,Channel Islands,RFM 7-9 (mid-low)
14565.0,96,5,3833.87,766.774,1932,94.25,377,3,4,5,12,345,2,0.1751777767951891,0,Low,United Kingdom,RFM 10-12 (mid-high)
14566.0,111,4,4092.0,1023.0,2400,141.0,423,3,3,5,11,335,2,0.2821243134573283,0,Low,Channel Islands,RFM 10-12 (mid-high)
14567.0,57,2,1524.46,762.23,410,73.0,73,4,2,4,10,424,2,0.420028366942396,0,Medium,United Kingdom,RFM 10-12 (mid-high)
14568.0,435,1,909.5,909.5,633,,0,1,1,3,5,113,1,0.7532479674709401,1,High,Channel Islands,RFM 3-6 (low)
14569.0,1,4,597.3299999999999,149.33249999999998,257,200.66666666666663,602,5,3,3,11,533,2,0.470755036457379,0,Medium,United Kingdom,RFM 10-12 (mid-high)
14570.0,281,3,613.75,204.5833333333333,431,81.0,162,2,3,3,8,233,1,0.6709113394975212,1,Medium,United Kingdom,RFM 7-9 (mid-low)
14571.0,425,1,160.0,160.0,56,,0,1,1,1,3,111,1,0.9081442759710232,1,High,United Kingdom,RFM 3-6 (low)
14572.0,3,11,5484.9800000000005,498.6345454545455,2874,61.8,618,5,5,5,15,555,0,0.0402900093260178,0,Low,United Kingdom,RFM 13-15 (high)
14573.0,180,13,2113.42,162.57076923076923,677,43.333333333333336,520,3,5,4,12,354,0,0.2458893017731274,0,Low,United Kingdom,RFM 10-12 (mid-high)
14574.0,733,1,143.70000000000002,143.70000000000002,63,,0,1,1,1,3,111,1,0.8919963546376224,1,High,United Kingdom,RFM 3-6 (low)
14575.0,488,1,420.22,420.22,163,,0,1,1,2,4,112,1,0.7530620972386233,1,High,United Kingdom,RFM 3-6 (low)
14576.0,372,1,35.400000000000006,35.400000000000006,12,,0,2,1,1,4,211,1,0.88128413275771,1,High,United Kingdom,RFM 3-6 (low)
14577.0,13,7,1364.15,194.87857142857143,569,119.33333333333331,716,5,4,4,13,544,2,0.3466017327700508,0,Low,United Kingdom,RFM 13-15 (high)
14578.0,3,1,168.63,168.63,240,,0,5,1,1,7,511,2,0.5481102142330981,1,Medium,United Kingdom,RFM 7-9 (mid-low)
14579.0,432,1,105.56,105.56,56,,0,1,1,1,3,111,1,0.9027014093980522,1,High,United Kingdom,RFM 3-6 (low)
14580.0,518,1,14.85,14.85,3,,0,1,1,1,3,111,1,0.8575265772565664,1,High,United Kingdom,RFM 3-6 (low)
14581.0,17,2,409.65,204.825,304,527.0,527,5,2,2,9,522,2,0.6088768870605525,1,Medium,United Kingdom,RFM 7-9 (mid-low)
14582.0,41,1,114.11,114.11,73,,0,4,1,1,6,411,2,0.7218938388942336,1,High,United Kingdom,RFM 3-6 (low)
14583.0,6,8,1660.29,207.53625,1071,87.85714285714286,615,5,4,4,13,544,0,0.1979556677065511,0,Low,United Kingdom,RFM 13-15 (high)
14584.0,169,8,1725.16,215.645,956,70.14285714285714,491,3,4,4,11,344,2,0.219171059879224,0,Low,United Kingdom,RFM 10-12 (mid-high)
14585.0,50,5,1143.27,228.654,630,91.5,366,4,4,3,11,443,2,0.328718024384272,0,Low,United Kingdom,RFM 10-12 (mid-high)
14586.0,277,1,134.16,134.16,236,,0,2,1,1,4,211,1,0.8441726520909443,1,High,United Kingdom,RFM 3-6 (low)
14587.0,19,9,1577.39,175.26555555555558,747,39.0,312,5,5,4,14,554,0,0.1512917673551903,0,Low,United Kingdom,RFM 13-15 (high)
14588.0,578,1,135.39,135.39,62,,0,1,1,1,3,111,1,0.8945982372258564,1,High,United Kingdom,RFM 3-6 (low)
14589.0,372,1,39.75,39.75,5,,0,2,1,1,4,211,1,0.8831928942614833,1,High,United Kingdom,RFM 3-6 (low)
14590.0,425,20,2871.04,143.552,878,16.157894736842106,307,1,5,5,11,155,0,0.704507389083016,1,High,United Kingdom,RFM 10-12 (mid-high)
14591.0,15,4,1320.21,330.0525,1228,65.66666666666667,197,5,3,4,12,534,2,0.2100197098962249,0,Low,United Kingdom,RFM 10-12 (mid-high)
14592.0,35,3,557.94,185.98,407,14.0,28,4,3,2,9,432,2,0.3457346971027133,0,Low,United Kingdom,RFM 7-9 (mid-low)
14593.0,22,12,3568.69,297.3908333333333,1835,64.36363636363636,708,4,5,5,14,455,0,0.0568557203972124,0,Low,United Kingdom,RFM 13-15 (high)
14594.0,7,2,363.33,181.665,183,365.0,365,5,2,2,9,522,2,0.6251324918363265,1,Medium,United Kingdom,RFM 7-9 (mid-low)
14595.0,20,8,2164.45,270.55625,1228,95.42857142857144,668,4,4,4,12,444,0,0.1491727504044479,0,Low,United Kingdom,RFM 10-12 (mid-high)
14596.0,627,1,222.22000000000003,222.22000000000003,75,,0,1,1,1,3,111,1,0.8700931189567158,1,High,United Kingdom,RFM 3-6 (low)
14597.0,11,6,2184.63,364.105,1436,85.0,425,5,4,4,13,544,2,0.1413927139467508,0,Low,United Kingdom,RFM 13-15 (high)
14598.0,44,2,221.97,110.985,189,525.0,525,4,2,1,7,421,2,0.6393458358827435,1,Medium,United Kingdom,RFM 7-9 (mid-low)
14599.0,390,2,457.89,228.945,292,118.0,118,2,2,2,6,222,1,0.7092243817559485,1,High,United Kingdom,RFM 3-6 (low)
14600.0,306,2,865.1700000000001,432.585,487,87.0,87,2,2,3,7,223,1,0.6790676676171938,1,Medium,United Kingdom,RFM 7-9 (mid-low)
14601.0,11,1,213.96,213.96,168,,0,5,1,1,7,511,2,0.4494837758078323,0,Medium,United Kingdom,RFM 7-9 (mid-low)
14602.0,656,1,205.36,205.36,80,,0,1,1,1,3,111,1,0.8672677082868876,1,High,United Kingdom,RFM 3-6 (low)
14603.0,275,1,660.0,660.0,400,,0,2,1,3,6,213,1,0.6892702643334074,1,Medium,United Kingdom,RFM 3-6 (low)
14604.0,633,1,143.86,143.86,88,,0,1,1,1,3,111,1,0.8735738627600992,1,High,United Kingdom,RFM 3-6 (low)
14605.0,374,4,921.56,230.39,416,119.0,357,2,3,3,8,233,1,0.6116300093651513,1,Medium,United Kingdom,RFM 7-9 (mid-low)
14606.0,1,192,29197.59,152.07078125,14884,3.848167539267016,735,5,5,5,15,555,3,0.0313458233691439,0,Low,United Kingdom,RFM 13-15 (high)
14607.0,16,22,18371.06,835.0481818181819,11456,33.714285714285715,708,5,5,5,15,555,0,0.0258841207447331,0,Low,United Kingdom,RFM 13-15 (high)
14608.0,4,11,3273.44,297.5854545454545,917,72.9,729,5,5,5,15,555,0,0.105849190762524,0,Low,United Kingdom,RFM 13-15 (high)
14609.0,72,10,1366.2,136.62,10320,66.22222222222223,596,3,5,4,12,354,2,0.1628717314819363,0,Low,United Kingdom,RFM 10-12 (mid-high)
14610.0,396,2,24.35,12.175,15,118.0,118,2,2,1,5,221,1,0.7627078125028993,1,High,United Kingdom,RFM 3-6 (low)
14611.0,444,2,599.38,299.69,581,154.0,154,1,2,3,6,123,1,0.6913872060047745,1,Medium,United Kingdom,RFM 3-6 (low)
14612.0,415,1,877.7,877.7,134,,0,1,1,3,5,113,1,0.7764277693039291,1,High,United Kingdom,RFM 3-6 (low)
14613.0,680,1,76.32000000000001,76.32000000000001,72,,0,1,1,1,3,111,1,0.907583892458838,1,High,United Kingdom,RFM 3-6 (low)
14614.0,386,1,295.13,295.13,189,,0,2,1,2,5,212,1,0.8007322473295173,1,High,United Kingdom,RFM 3-6 (low)
14615.0,394,5,934.26,186.852,481,38.25,153,2,4,3,9,243,1,0.6683180252618388,1,Medium,United Kingdom,RFM 7-9 (mid-low)
14616.0,243,5,527.78,105.556,170,76.5,306,2,4,2,8,242,1,0.5818536004250352,1,Medium,United Kingdom,RFM 7-9 (mid-low)
14617.0,403,2,190.47000000000003,95.235,81,13.0,13,2,2,1,5,221,1,0.7309689821310912,1,High,United Kingdom,RFM 3-6 (low)
14618.0,9,7,1310.52,187.21714285714285,700,89.5,537,5,4,4,13,544,2,0.2874323228973668,0,Low,United Kingdom,RFM 13-15 (high)
14619.0,246,2,1276.31,638.155,587,295.0,295,2,2,4,8,224,1,0.624220077002735,1,Medium,United Kingdom,RFM 7-9 (mid-low)
14620.0,206,2,393.28,196.64,188,78.0,78,2,2,2,6,222,1,0.6103397348118854,1,Medium,United Kingdom,RFM 3-6 (low)
14621.0,1,9,2878.27,319.8077777777778,1671,85.25,682,5,5,5,15,555,0,0.0957511682859222,0,Low,United Kingdom,RFM 13-15 (high)
14622.0,185,1,320.58000000000004,320.58000000000004,146,,0,3,1,2,6,312,1,0.6899951468423172,1,Medium,United Kingdom,RFM 3-6 (low)
14623.0,32,10,1988.23,198.823,1020,63.22222222222222,569,4,5,4,13,454,0,0.1485542051128558,0,Low,United Kingdom,RFM 13-15 (high)
14624.0,57,6,814.07,135.67833333333334,645,109.4,547,4,4,3,11,443,2,0.3863223537612555,0,Low,United Kingdom,RFM 10-12 (mid-high)
14625.0,196,11,4429.18,402.6527272727273,2144,52.7,527,2,5,5,12,255,0,0.3111183291350592,0,Low,United Kingdom,RFM 10-12 (mid-high)
14626.0,24,11,5374.77,488.6154545454546,3118,70.5,705,4,5,5,14,455,0,0.0508295030515954,0,Low,United Kingdom,RFM 13-15 (high)
14627.0,379,1,406.4,406.4,269,,0,2,1,2,5,212,1,0.774919681252981,1,High,United Kingdom,RFM 3-6 (low)
14628.0,91,5,1998.0,399.6,1147,148.0,592,3,4,4,11,344,2,0.2668601902173782,0,Low,United Kingdom,RFM 10-12 (mid-high)
14629.0,4,2,935.46,467.73,374,43.0,43,5,2,3,10,523,2,0.3145713037381979,0,Low,United Kingdom,RFM 10-12 (mid-high)
14630.0,484,1,338.65,338.65,111,,0,1,1,2,4,112,1,0.8494469165395495,1,High,United Kingdom,RFM 3-6 (low)
14631.0,51,6,2023.17,337.195,1395,87.2,436,4,4,4,12,444,2,0.1511808744606185,0,Low,United Kingdom,RFM 10-12 (mid-high)
14632.0,263,1,114.56,114.56,96,,0,2,1,1,4,211,1,0.8164256846187428,1,High,United Kingdom,RFM 3-6 (low)
14633.0,266,1,344.90000000000003,344.90000000000003,96,,0,2,1,2,5,212,1,0.7532479807477788,1,High,United Kingdom,RFM 3-6 (low)
14634.0,438,4,1971.82,492.955,1850,34.666666666666664,104,1,3,4,8,134,1,0.7039644241497343,1,High,United Kingdom,RFM 7-9 (mid-low)
14635.0,454,1,215.22,215.22,118,,0,1,1,1,3,111,1,0.8560037913617126,1,High,United Kingdom,RFM 3-6 (low)
14636.0,36,2,609.85,304.925,241,232.0,232,4,2,3,9,423,2,0.4706853798875428,0,Medium,United Kingdom,RFM 7-9 (mid-low)
14637.0,677,1,106.68,106.68,100,,0,1,1,1,3,111,1,0.8766003678332691,1,High,United Kingdom,RFM 3-6 (low)
14638.0,51,1,443.6,443.6,166,,0,4,1,2,7,412,2,0.5322992338958366,1,Medium,United Kingdom,RFM 7-9 (mid-low)
14639.0,52,9,4946.81,549.6455555555556,2407,76.125,609,4,5,5,14,455,0,0.0774378031000593,0,Low,United Kingdom,RFM 13-15 (high)
14640.0,24,10,3446.33,344.633,1552,73.44444444444444,661,4,5,5,14,455,0,0.0584243701756349,0,Low,United Kingdom,RFM 13-15 (high)
14641.0,22,1,110.46,110.46,90,,0,4,1,1,6,411,2,0.6422094764423045,1,Medium,United Kingdom,RFM 3-6 (low)
14642.0,59,1,96.12,96.12,76,,0,4,1,1,6,411,2,0.7592131244697709,1,High,United Kingdom,RFM 3-6 (low)
14643.0,170,5,1654.69,330.938,1317,139.5,558,3,4,4,11,344,1,0.3241974394233763,0,Low,United Kingdom,RFM 10-12 (mid-high)
14644.0,68,7,2077.47,296.78142857142853,755,111.33333333333331,668,3,4,4,11,344,2,0.2613709247541868,0,Low,United Kingdom,RFM 10-12 (mid-high)
14645.0,157,3,840.24,280.08,574,238.5,477,3,3,3,9,333,1,0.5416017250473165,1,Medium,United Kingdom,RFM 7-9 (mid-low)
14646.0,2,152,523342.07,3443.0399342105266,365220,4.867549668874172,735,5,5,5,15,555,3,0.0337015561001405,0,Low,Netherlands,RFM 13-15 (high)
14647.0,201,2,506.04,253.02,175,322.0,322,2,2,2,6,222,1,0.6012811329140615,1,Medium,United Kingdom,RFM 3-6 (low)
14648.0,416,15,4378.0,291.8666666666667,3224,22.285714285714285,312,1,5,5,11,155,0,0.6983685165258149,1,Medium,United Kingdom,RFM 10-12 (mid-high)
14649.0,5,9,3630.04,403.3377777777778,2412,85.375,683,5,5,5,15,555,0,0.0908882291614618,0,Low,United Kingdom,RFM 13-15 (high)
14650.0,589,1,62.5,62.5,22,,0,1,1,1,3,111,1,0.8960570176115483,1,High,United Kingdom,RFM 3-6 (low)
14651.0,67,9,2025.52,225.05777777777777,880,70.5,564,3,5,4,12,354,0,0.1786604921534515,0,Low,United Kingdom,RFM 10-12 (mid-high)
14652.0,77,1,114.18,114.18,53,,0,3,1,1,5,311,1,0.7367245863947123,1,High,United Kingdom,RFM 3-6 (low)
14653.0,1,11,3414.75,310.4318181818182,1968,73.6,736,5,5,5,15,555,0,0.0551064022332653,0,Low,United Kingdom,RFM 13-15 (high)
14654.0,738,1,246.86,246.86,273,,0,1,1,1,3,111,1,0.849159327675702,1,High,United Kingdom,RFM 3-6 (low)
14655.0,8,7,3829.23,547.0328571428571,2325,98.0,588,5,4,5,14,545,0,0.1067934851018748,0,Low,United Kingdom,RFM 13-15 (high)
14656.0,169,5,790.0,158.0,309,108.5,434,3,4,3,10,343,1,0.4138528550882459,0,Medium,United Kingdom,RFM 10-12 (mid-high)
14657.0,18,6,1440.24,240.04,878,83.4,417,5,4,4,13,544,2,0.1725109361244051,0,Low,United Kingdom,RFM 13-15 (high)
14658.0,5,2,247.15,123.575,47,111.0,111,5,2,1,8,521,2,0.4807683376460525,0,Medium,United Kingdom,RFM 7-9 (mid-low)
14659.0,9,9,2456.53,272.9477777777778,1183,38.25,306,5,5,4,14,554,0,0.083806257881881,0,Low,United Kingdom,RFM 13-15 (high)
14660.0,87,2,285.74,142.87,228,14.0,14,3,2,2,7,322,2,0.536237756445513,1,Medium,United Kingdom,RFM 7-9 (mid-low)
14661.0,27,1,107.95,107.95,35,,0,4,1,1,6,411,2,0.6633655251191667,1,Medium,United Kingdom,RFM 3-6 (low)
14662.0,29,7,1376.43,196.63285714285715,907,117.83333333333331,707,4,4,4,12,444,2,0.2443458715660805,0,Low,United Kingdom,RFM 10-12 (mid-high)
14663.0,430,2,490.6,245.3,397,0.0,0,1,2,2,5,122,1,0.7061103838777096,1,High,United Kingdom,RFM 3-6 (low)
14664.0,20,2,636.24,318.12,465,13.0,13,4,2,3,9,423,2,0.3234835644027836,0,Low,United Kingdom,RFM 7-9 (mid-low)
14665.0,61,7,2172.33,310.3328571428571,904,88.5,531,3,4,4,11,344,2,0.2144195240976318,0,Low,United Kingdom,RFM 10-12 (mid-high)
14666.0,24,1,195.25,195.25,161,,0,4,1,1,6,411,2,0.4587835974551003,0,Medium,United Kingdom,RFM 3-6 (low)
14667.0,11,54,20188.79,373.8664814814815,11873,13.69811320754717,726,5,5,5,15,555,3,0.0217563436929743,0,Low,United Kingdom,RFM 13-15 (high)
14668.0,445,1,111.63,111.63,49,,0,1,1,1,3,111,1,0.9069434027473576,1,High,United Kingdom,RFM 3-6 (low)
14669.0,242,7,3216.78,459.54,2043,82.5,495,2,4,5,11,245,1,0.295836504790997,0,Low,United Kingdom,RFM 10-12 (mid-high)
14670.0,280,3,583.33,194.44333333333336,423,226.0,452,2,3,2,7,232,1,0.6327517262622141,1,Medium,United Kingdom,RFM 7-9 (mid-low)
14671.0,549,2,1127.45,563.725,571,18.0,18,1,2,3,6,123,1,0.7070838379131049,1,High,United Kingdom,RFM 3-6 (low)
14672.0,235,4,1113.14,278.285,646,148.33333333333334,445,2,3,3,8,233,1,0.5245866918638339,1,Medium,United Kingdom,RFM 7-9 (mid-low)
14673.0,3,7,3037.32,433.9028571428572,1822,67.66666666666667,406,5,4,5,14,545,0,0.0935781934329494,0,Low,United Kingdom,RFM 13-15 (high)
14674.0,509,1,173.66,173.66,103,,0,1,1,1,3,111,1,0.903702709293888,1,High,United Kingdom,RFM 3-6 (low)
14675.0,16,2,1015.58,507.79,660,372.0,372,5,2,3,10,523,2,0.5154256319641278,1,Medium,United Kingdom,RFM 10-12 (mid-high)
14676.0,31,12,8285.49,690.4575,8744,55.27272727272727,608,4,5,5,14,455,0,0.0465436542203516,0,Low,United Kingdom,RFM 13-15 (high)
14677.0,593,1,184.91,184.91,139,,0,1,1,1,3,111,1,0.8667311412347665,1,High,United Kingdom,RFM 3-6 (low)
14678.0,579,1,386.44,386.44,178,,0,1,1,2,4,112,1,0.8184418025277976,1,High,United Kingdom,RFM 3-6 (low)
14679.0,382,3,1272.95,424.31666666666666,789,174.5,349,2,3,4,9,234,1,0.6085785240797601,1,Medium,United Kingdom,RFM 7-9 (mid-low)
14680.0,25,58,53080.02,915.1727586206896,25551,12.456140350877194,710,4,5,5,14,455,3,0.0348097007056835,0,Low,United Kingdom,RFM 13-15 (high)
14681.0,71,6,875.1500000000001,145.85833333333335,172,116.4,582,3,4,3,10,343,2,0.4721808194869795,0,Medium,United Kingdom,RFM 10-12 (mid-high)
14682.0,188,6,1514.81,252.46833333333333,949,96.8,484,2,4,4,10,244,1,0.3265436792458722,0,Low,United Kingdom,RFM 10-12 (mid-high)
14683.0,588,1,146.56,146.56,386,,0,1,1,1,3,111,1,0.853247001524523,1,High,United Kingdom,RFM 3-6 (low)
14684.0,26,6,1430.03,238.3383333333333,1005,72.8,364,4,4,4,12,444,2,0.1545195741507716,0,Low,United Kingdom,RFM 10-12 (mid-high)
14685.0,576,8,4241.16,530.145,1909,21.428571428571427,150,1,4,5,10,145,1,0.7127593832688955,1,High,United Kingdom,RFM 10-12 (mid-high)
14686.0,414,5,844.58,168.916,456,61.25,245,1,4,3,8,143,1,0.6290565682818322,1,Medium,United Kingdom,RFM 7-9 (mid-low)
14687.0,107,3,1402.06,467.3533333333333,850,222.5,445,3,3,4,10,334,2,0.5333907724005607,1,Medium,United Kingdom,RFM 10-12 (mid-high)
14688.0,8,28,6666.93,238.1046428571429,4642,16.59259259259259,448,5,5,5,15,555,0,0.0362185643110546,0,Low,United Kingdom,RFM 13-15 (high)
14689.0,209,1,112.8,112.8,76,,0,2,1,1,4,211,1,0.8501275182018212,1,High,United Kingdom,RFM 3-6 (low)
14690.0,44,4,764.59,191.1475,334,122.0,366,4,3,3,10,433,2,0.3864750242856949,0,Low,United Kingdom,RFM 10-12 (mid-high)
14691.0,31,5,2114.33,422.866,707,45.5,182,4,4,4,12,444,2,0.1702053349634993,0,Low,United Kingdom,RFM 10-12 (mid-high)
14692.0,137,12,1705.64,142.13666666666666,880,43.63636363636363,480,3,5,4,12,354,0,0.1945901565960668,0,Low,United Kingdom,RFM 10-12 (mid-high)
14693.0,265,7,1139.86,162.83714285714285,386,43.5,261,2,4,3,9,243,1,0.576025656414611,1,Medium,United Kingdom,RFM 7-9 (mid-low)
14694.0,617,1,244.31,244.31,193,,0,1,1,1,3,111,1,0.8435340529246327,1,High,United Kingdom,RFM 3-6 (low)
14695.0,519,3,1466.72,488.9066666666667,607,106.5,213,1,3,4,8,134,1,0.6573768795331469,1,Medium,United Kingdom,RFM 7-9 (mid-low)
14696.0,4,8,2465.3,308.1625,1863,59.57142857142857,417,5,4,4,13,544,0,0.0855057563967993,0,Low,United Kingdom,RFM 13-15 (high)
14697.0,218,2,188.61,94.305,181,0.0,0,2,2,1,5,221,1,0.6934056806839686,1,Medium,United Kingdom,RFM 3-6 (low)
14698.0,2,5,1217.27,243.454,602,12.25,49,5,4,4,13,544,2,0.2586036319547177,0,Low,United Kingdom,RFM 13-15 (high)
14699.0,214,4,702.6,175.65,484,103.66666666666669,311,2,3,3,8,233,1,0.499616650595324,0,Medium,United Kingdom,RFM 7-9 (mid-low)
14700.0,32,5,3076.06,615.212,1606,113.25,453,4,4,5,13,445,2,0.1372621774107991,0,Low,United Kingdom,RFM 13-15 (high)
14701.0,11,15,4423.96,294.9306666666667,1721,48.142857142857146,674,5,5,5,15,555,0,0.0474339154781871,0,Low,United Kingdom,RFM 13-15 (high)
14702.0,1,29,6310.28,217.59586206896552,2866,25.964285714285715,727,5,5,5,15,555,0,0.0276140025560658,0,Low,United Kingdom,RFM 13-15 (high)
14703.0,15,1,318.17,318.17,183,,0,5,1,2,8,512,2,0.413914362351206,0,Medium,United Kingdom,RFM 7-9 (mid-low)
14704.0,11,11,1752.92,159.35636363636365,1164,61.2,612,5,5,4,14,554,0,0.1391146330454827,0,Low,United Kingdom,RFM 13-15 (high)
14705.0,199,1,179.0,179.0,100,,0,2,1,1,4,211,1,0.7825789087715985,1,High,United Kingdom,RFM 3-6 (low)
14706.0,619,1,367.54,367.54,246,,0,1,1,2,4,112,1,0.8349214552894871,1,High,United Kingdom,RFM 3-6 (low)
14707.0,436,2,139.2,69.6,96,141.0,141,1,2,1,4,121,1,0.8095016101583368,1,High,United Kingdom,RFM 3-6 (low)
14708.0,3,5,1763.52,352.704,1153,113.0,452,5,4,4,13,544,2,0.1606875370367273,0,Low,United Kingdom,RFM 13-15 (high)
14709.0,15,25,8866.48,354.6592,4138,29.95833333333333,719,5,5,5,15,555,0,0.0210494702484426,0,Low,United Kingdom,RFM 13-15 (high)
14710.0,14,13,1899.79,146.1376923076923,1135,60.083333333333336,721,5,5,4,14,554,0,0.1383485022277153,0,Low,United Kingdom,RFM 13-15 (high)
14711.0,10,11,2809.02,255.36545454545453,954,25.2,252,5,5,4,14,554,0,0.1108871753949283,0,Low,United Kingdom,RFM 13-15 (high)
14712.0,29,4,1328.0700000000002,332.01750000000004,411,129.33333333333334,388,4,3,4,11,434,2,0.3122718075040424,0,Low,United Kingdom,RFM 10-12 (mid-high)
14713.0,9,21,5069.36,241.3980952380952,3318,36.3,726,5,5,5,15,555,0,0.0214349484954309,0,Low,United Kingdom,RFM 13-15 (high)
14714.0,24,4,896.4,224.1,637,221.0,663,4,3,3,10,433,2,0.4328730878133736,0,Medium,United Kingdom,RFM 10-12 (mid-high)
14715.0,25,8,1825.45,228.18125,1030,94.85714285714286,664,4,4,4,12,444,2,0.187505190569888,0,Low,United Kingdom,RFM 10-12 (mid-high)
14716.0,43,3,543.28,181.09333333333333,643,200.5,401,4,3,2,9,432,2,0.4950799605985694,0,Medium,United Kingdom,RFM 7-9 (mid-low)
14717.0,733,1,72.8,72.8,30,,0,1,1,1,3,111,1,0.8921080120706952,1,High,United Kingdom,RFM 3-6 (low)
14718.0,410,1,226.42,226.42,202,,0,1,1,1,3,111,1,0.8430413584645846,1,High,United Kingdom,RFM 3-6 (low)
14719.0,2,5,1571.89,314.37800000000004,1024,61.75,247,5,4,4,13,544,2,0.1925757244546855,0,Low,United Kingdom,RFM 13-15 (high)
14720.0,6,3,663.81,221.27,219,60.0,120,5,3,3,11,533,2,0.3515926451940623,0,Low,United Kingdom,RFM 10-12 (mid-high)
14721.0,379,1,109.07,109.07,57,,0,2,1,1,4,211,1,0.9052313463926024,1,High,United Kingdom,RFM 3-6 (low)
14722.0,147,3,489.52,163.17333333333332,214,169.5,339,3,3,2,8,332,1,0.5351926829867221,1,Medium,United Kingdom,RFM 7-9 (mid-low)
14723.0,10,11,1803.06,163.91454545454545,1168,72.5,725,5,5,4,14,554,0,0.137747316716935,0,Low,United Kingdom,RFM 13-15 (high)
14724.0,590,1,341.9,341.9,184,,0,1,1,2,4,112,1,0.8368870068397597,1,High,United Kingdom,RFM 3-6 (low)
14725.0,25,4,1202.34,300.585,1311,170.0,510,4,3,4,11,434,2,0.2738958874866397,0,Low,United Kingdom,RFM 10-12 (mid-high)
14726.0,655,1,116.5,116.5,82,,0,1,1,1,3,111,1,0.9030677589544536,1,High,United Kingdom,RFM 3-6 (low)
14727.0,274,3,291.13,97.04333333333334,76,136.0,272,2,3,2,7,232,1,0.6613985562300511,1,Medium,United Kingdom,RFM 7-9 (mid-low)
14728.0,413,1,190.58,190.58,68,,0,1,1,1,3,111,1,0.8738556647680604,1,High,United Kingdom,RFM 3-6 (low)
14729.0,374,3,586.24,195.41333333333333,372,125.5,251,2,3,2,7,232,1,0.6435471561665288,1,Medium,United Kingdom,RFM 7-9 (mid-low)
14730.0,1,8,1897.57,237.19625,1078,39.285714285714285,275,5,4,4,13,544,0,0.1190023652614726,0,Low,United Kingdom,RFM 13-15 (high)
14731.0,47,3,380.02,126.67333333333332,256,82.5,165,4,3,2,9,432,2,0.5039675292783514,1,Medium,United Kingdom,RFM 7-9 (mid-low)
14732.0,8,19,5447.52,286.7115789473684,2259,40.11111111111112,722,5,5,5,15,555,0,0.0267910936720778,0,Low,United Kingdom,RFM 13-15 (high)
14733.0,16,15,14200.78,946.7186666666668,5760,27.5,385,5,5,5,15,555,0,0.0513388403053499,0,Low,United Kingdom,RFM 13-15 (high)
14734.0,426,4,1045.47,261.3675,377,41.66666666666666,125,1,3,3,7,133,1,0.6890222694624407,1,Medium,United Kingdom,RFM 7-9 (mid-low)
14735.0,4,56,11909.71,212.6733928571429,4398,13.309090909090909,732,5,5,5,15,555,0,0.0218372314567593,0,Low,United Kingdom,RFM 13-15 (high)
14736.0,485,2,374.05,187.025,148,0.0,0,1,2,2,5,122,1,0.743830503069571,1,High,United Kingdom,RFM 3-6 (low)
14737.0,4,4,3554.17,888.5425,1071,132.0,396,5,3,5,13,535,2,0.2133864106862957,0,Low,United Kingdom,RFM 13-15 (high)
14738.0,43,9,1763.64,195.96,727,86.125,689,4,5,4,13,454,0,0.2654976236750451,0,Low,United Kingdom,RFM 13-15 (high)
14739.0,4,25,11555.69,462.2276,9688,30.541666666666668,733,5,5,5,15,555,0,0.0207930275288968,0,Low,United Kingdom,RFM 13-15 (high)
14740.0,197,11,4068.86,369.8963636363637,2059,45.5,455,2,5,5,12,255,0,0.3303614616875083,0,Low,United Kingdom,RFM 10-12 (mid-high)
14741.0,12,7,1713.09,244.72714285714284,1006,67.5,405,5,4,4,13,544,2,0.138535289028402,0,Low,United Kingdom,RFM 13-15 (high)
14742.0,435,1,579.85,579.85,374,,0,1,1,2,4,112,1,0.7311283512944807,1,High,United Kingdom,RFM 3-6 (low)
14743.0,593,1,50.48,50.48,40,,0,1,1,1,3,111,1,0.9013737934055722,1,High,United Kingdom,RFM 3-6 (low)
14744.0,16,14,3596.02,256.85857142857145,2396,42.53846153846154,553,5,5,5,15,555,0,0.0398978845665797,0,Low,United Kingdom,RFM 13-15 (high)
14745.0,113,12,2471.06,205.92166666666665,1945,47.63636363636363,524,3,5,4,12,354,0,0.1094062297688434,0,Low,United Kingdom,RFM 10-12 (mid-high)
14746.0,406,4,593.5,148.375,398,5.666666666666667,17,2,3,3,8,233,1,0.6929340386964364,1,Medium,United Kingdom,RFM 7-9 (mid-low)
14747.0,249,1,294.3,294.3,82,,0,2,1,2,5,212,1,0.7778162982566905,1,High,United Kingdom,RFM 3-6 (low)
14748.0,29,10,2201.83,220.183,1990,68.44444444444444,616,4,5,4,13,454,0,0.0991011180067961,0,Low,United Kingdom,RFM 13-15 (high)
14749.0,480,1,310.15,310.15,403,,0,1,1,2,4,112,1,0.830431905114456,1,High,United Kingdom,RFM 3-6 (low)
14750.0,736,1,112.03,112.03,65,,0,1,1,1,3,111,1,0.9054028633732768,1,High,United Kingdom,RFM 3-6 (low)
14751.0,684,2,126.45,63.225,65,41.0,41,1,2,1,4,121,1,0.8410918330630421,1,High,United Kingdom,RFM 3-6 (low)
14752.0,44,1,389.64,389.64,260,,0,4,1,2,7,412,2,0.4923068530625776,0,Medium,United Kingdom,RFM 7-9 (mid-low)
14753.0,87,2,869.51,434.755,412,373.0,373,3,2,3,8,323,2,0.611108823205905,1,Medium,United Kingdom,RFM 7-9 (mid-low)
14754.0,45,6,1543.73,257.28833333333336,1008,129.2,646,4,4,4,12,444,2,0.2500417645981805,0,Low,United Kingdom,RFM 10-12 (mid-high)
14755.0,10,25,9851.45,394.0580000000001,4366,30.25,726,5,5,5,15,555,0,0.0257591104898767,0,Low,United Kingdom,RFM 13-15 (high)
14756.0,15,3,2613.46,871.1533333333333,1419,204.5,409,5,3,4,12,534,2,0.3000801115067288,0,Low,United Kingdom,RFM 10-12 (mid-high)
14757.0,75,1,420.5,420.5,160,,0,3,1,2,6,312,1,0.5814175734456215,1,Medium,United Kingdom,RFM 3-6 (low)
14758.0,145,7,2864.97,409.2814285714285,840,77.5,465,3,4,5,12,345,2,0.1881750461798299,0,Low,United Kingdom,RFM 10-12 (mid-high)
14759.0,5,3,1625.97,541.99,569,114.0,228,5,3,4,12,534,2,0.3552317703168167,0,Low,United Kingdom,RFM 10-12 (mid-high)
14760.0,297,1,53.8,53.8,28,,0,2,1,1,4,211,1,0.8936092420341724,1,High,United Kingdom,RFM 3-6 (low)
14761.0,59,3,447.92,149.30666666666667,206,192.5,385,3,3,2,8,332,2,0.5807191760708483,1,Medium,United Kingdom,RFM 7-9 (mid-low)
14762.0,264,2,417.57,208.785,428,362.0,362,2,2,2,6,222,1,0.5896626233969527,1,Medium,United Kingdom,RFM 3-6 (low)
14764.0,47,1,250.55,250.55,175,,0,4,1,1,6,411,2,0.5349753937768544,1,Medium,United Kingdom,RFM 3-6 (low)
14765.0,29,3,254.11,84.70333333333333,135,73.5,147,4,3,1,8,431,2,0.4556749684998706,0,Medium,United Kingdom,RFM 7-9 (mid-low)
14766.0,8,11,6301.88,572.8981818181818,3963,54.3,543,5,5,5,15,555,0,0.0372849871488001,0,Low,United Kingdom,RFM 13-15 (high)
14767.0,474,1,382.81,382.81,117,,0,1,1,2,4,112,1,0.8268063120283097,1,High,United Kingdom,RFM 3-6 (low)
14768.0,17,2,139.5,69.75,34,109.0,109,5,2,1,8,521,2,0.5337873897743897,1,Medium,United Kingdom,RFM 7-9 (mid-low)
14769.0,3,17,15438.9,908.170588235294,11005,45.0625,721,5,5,5,15,555,0,0.0437629402567856,0,Low,United Kingdom,RFM 13-15 (high)
14770.0,232,8,3624.89,453.11125,1597,59.85714285714285,419,2,4,5,11,245,1,0.2967370010892164,0,Low,United Kingdom,RFM 10-12 (mid-high)
14771.0,621,2,579.92,289.96,608,115.0,115,1,2,2,5,122,1,0.6985320602745371,1,Medium,United Kingdom,RFM 3-6 (low)
14772.0,112,1,139.26,139.26,82,,0,3,1,1,5,311,1,0.7184437001596814,1,High,United Kingdom,RFM 3-6 (low)
14773.0,593,1,125.7,125.7,50,,0,1,1,1,3,111,1,0.9030887566956904,1,High,United Kingdom,RFM 3-6 (low)
14774.0,529,1,241.45,241.45,99,,0,1,1,1,3,111,1,0.8512328238636642,1,High,United Kingdom,RFM 3-6 (low)
14775.0,58,3,1011.9,337.3,1174,156.5,313,4,3,3,10,433,2,0.4060608885672328,0,Medium,United Kingdom,RFM 10-12 (mid-high)
14776.0,51,15,3339.02,222.6013333333333,4204,28.214285714285715,395,4,5,5,14,455,0,0.0650092601533339,0,Low,United Kingdom,RFM 13-15 (high)
14777.0,404,1,239.26,239.26,200,,0,2,1,1,4,211,1,0.8312285991393931,1,High,United Kingdom,RFM 3-6 (low)
14778.0,127,2,730.86,365.43,306,181.0,181,3,2,3,8,323,1,0.5435559133866276,1,Medium,United Kingdom,RFM 7-9 (mid-low)
14779.0,281,3,386.15,128.71666666666667,84,21.5,43,2,3,2,7,232,1,0.7957790708706455,1,High,United Kingdom,RFM 7-9 (mid-low)
14780.0,55,2,447.68,223.84,310,24.0,24,4,2,2,8,422,2,0.4419530428991674,0,Medium,United Kingdom,RFM 7-9 (mid-low)
14782.0,320,1,200.1,200.1,114,,0,2,1,1,4,211,1,0.8211782999612803,1,High,United Kingdom,RFM 3-6 (low)
14783.0,659,1,305.35,305.35,261,,0,1,1,2,4,112,1,0.8204443449045704,1,High,United Kingdom,RFM 3-6 (low)
14784.0,26,3,449.93,149.97666666666666,363,181.5,363,4,3,2,9,432,2,0.5110090135253003,1,Medium,United Kingdom,RFM 7-9 (mid-low)
14785.0,10,2,77.4,38.7,84,4.0,4,5,2,1,8,521,2,0.5593135357201605,1,Medium,United Kingdom,RFM 7-9 (mid-low)
14786.0,550,1,90.96,90.96,112,,0,1,1,1,3,111,1,0.8771269224968208,1,High,United Kingdom,RFM 3-6 (low)
14787.0,471,1,110.65,110.65,59,,0,1,1,1,3,111,1,0.9137631399712466,1,High,United Kingdom,RFM 3-6 (low)
14788.0,7,3,1156.32,385.44,719,294.0,588,5,3,3,11,533,2,0.4276835668953691,0,Medium,United Kingdom,RFM 10-12 (mid-high)
14789.0,29,1,197.64,197.64,116,,0,4,1,1,6,411,2,0.4576628354483804,0,Medium,United Kingdom,RFM 3-6 (low)
14790.0,17,10,2526.62,252.662,2642,79.0,711,5,5,4,14,554,0,0.0786588517456771,0,Low,United Kingdom,RFM 13-15 (high)
14791.0,607,1,303.63,303.63,127,,0,1,1,2,4,112,1,0.8182751070322876,1,High,United Kingdom,RFM 3-6 (low)
14792.0,64,1,0.0,0.0,0,,0,3,1,1,5,311,2,0.6930915411141236,1,Medium,United Kingdom,RFM 3-6 (low)
14793.0,21,2,611.0500000000001,305.52500000000003,358,513.0,513,4,2,3,9,423,2,0.535610917202942,1,Medium,United Kingdom,RFM 7-9 (mid-low)
14794.0,3,10,1889.15,188.915,778,53.77777777777778,484,5,5,4,14,554,0,0.1492566264513255,0,Low,United Kingdom,RFM 13-15 (high)
14795.0,166,1,131.45000000000002,131.45000000000002,17,,0,3,1,1,5,311,1,0.8015807992708356,1,High,United Kingdom,RFM 3-6 (low)
14796.0,1,27,9972.76,369.3614814814815,7101,27.846153846153847,724,5,5,5,15,555,0,0.0187892545037167,0,Low,United Kingdom,RFM 13-15 (high)
14797.0,507,1,300.31,300.31,99,,0,1,1,2,4,112,1,0.8290451489016714,1,High,United Kingdom,RFM 3-6 (low)
14798.0,53,8,715.11,89.38875,599,85.14285714285714,596,4,4,3,11,443,2,0.4298441827867403,0,Medium,United Kingdom,RFM 10-12 (mid-high)
14799.0,51,2,338.15,169.075,495,686.0,686,4,2,2,8,422,2,0.6000905102353261,1,Medium,United Kingdom,RFM 7-9 (mid-low)
14800.0,48,17,6832.6,401.9176470588236,6378,24.1875,387,4,5,5,14,455,0,0.0636867249878858,0,Low,United Kingdom,RFM 13-15 (high)
14801.0,61,1,189.34,189.34,173,,0,3,1,1,5,311,2,0.573048221436324,1,Medium,United Kingdom,RFM 3-6 (low)
14802.0,438,2,-1502.98,-751.49,-2,0.0,0,1,2,1,4,121,1,0.7583089219926213,1,High,United Kingdom,RFM 3-6 (low)
14803.0,162,3,845.55,281.85,370,65.0,130,3,3,3,9,333,1,0.5001134243255665,1,Medium,United Kingdom,RFM 7-9 (mid-low)
14804.0,9,1,353.27,353.27,121,,0,5,1,2,8,512,2,0.4476436978544026,0,Medium,United Kingdom,RFM 7-9 (mid-low)
14805.0,15,7,1082.55,154.65,416,101.0,606,5,4,3,12,543,2,0.3981200165246272,0,Low,United Kingdom,RFM 10-12 (mid-high)
14806.0,75,2,303.43,151.715,423,363.0,363,3,2,2,7,322,2,0.6348511142162129,1,Medium,United Kingdom,RFM 7-9 (mid-low)
14807.0,391,2,504.14,252.07,234,259.0,259,2,2,2,6,222,1,0.6971239576973326,1,Medium,United Kingdom,RFM 3-6 (low)
14808.0,40,8,2152.8,269.1,2027,18.857142857142858,132,4,4,4,12,444,2,0.1651687988808192,0,Low,United Kingdom,RFM 10-12 (mid-high)
14809.0,621,2,686.76,343.38,232,0.0,0,1,2,3,6,123,1,0.716310794679771,1,High,United Kingdom,RFM 3-6 (low)
14810.0,41,13,2354.03,181.0792307692308,1162,32.333333333333336,388,4,5,4,13,454,0,0.1039291790203108,0,Low,United Kingdom,RFM 13-15 (high)
14811.0,387,1,170.5,170.5,74,,0,2,1,1,4,211,1,0.9158579875325568,1,High,United Kingdom,RFM 3-6 (low)
14812.0,599,1,178.85,178.85,135,,0,1,1,1,3,111,1,0.8641374787049314,1,High,United Kingdom,RFM 3-6 (low)
14813.0,370,4,888.91,222.2275,392,80.33333333333333,241,2,3,3,8,233,1,0.6302498063142711,1,Medium,United Kingdom,RFM 7-9 (mid-low)
14814.0,581,1,154.21,154.21,93,,0,1,1,1,3,111,1,0.8677193129357009,1,High,United Kingdom,RFM 3-6 (low)
14815.0,37,2,778.5,389.25,744,31.0,31,4,2,3,9,423,2,0.3277293017073882,0,Low,United Kingdom,RFM 7-9 (mid-low)
14816.0,197,1,271.85,271.85,5,,0,2,1,2,5,212,1,0.7570776150207483,1,High,United Kingdom,RFM 3-6 (low)
14817.0,200,7,3889.21,555.6014285714285,2445,71.16666666666667,427,2,4,5,11,245,1,0.2626859851208757,0,Low,United Kingdom,RFM 10-12 (mid-high)
14818.0,74,6,1153.56,192.26,543,114.6,573,3,4,3,10,343,2,0.4124029089589521,0,Medium,United Kingdom,RFM 10-12 (mid-high)
14819.0,64,4,456.41,114.1025,170,217.66666666666663,653,3,3,2,8,332,2,0.4755266595739023,0,Medium,United Kingdom,RFM 7-9 (mid-low)
14820.0,21,9,1274.76,141.64,724,82.0,656,4,5,4,13,454,2,0.2741907855603164,0,Low,United Kingdom,RFM 13-15 (high)
14821.0,367,7,1230.15,175.7357142857143,459,51.5,309,2,4,4,10,244,1,0.6101497208535259,1,Medium,United Kingdom,RFM 10-12 (mid-high)
14822.0,485,1,157.70000000000002,157.70000000000002,94,,0,1,1,1,3,111,1,0.8915952411684797,1,High,United Kingdom,RFM 3-6 (low)
14823.0,180,3,321.43,107.14333333333332,88,7.0,14,3,3,2,8,332,1,0.6140922926803954,1,Medium,United Kingdom,RFM 7-9 (mid-low)
14824.0,10,10,3952.51,395.251,1934,69.66666666666667,627,5,5,5,15,555,0,0.0632273642102038,0,Low,United Kingdom,RFM 13-15 (high)
14825.0,4,24,4696.28,195.6783333333333,2767,26.43478260869565,608,5,5,5,15,555,0,0.0311739639734793,0,Low,United Kingdom,RFM 13-15 (high)
14826.0,582,2,385.2,192.6,152,113.0,113,1,2,2,5,122,1,0.7837977037432196,1,High,United Kingdom,RFM 3-6 (low)
14828.0,197,13,9803.46,754.1123076923078,9670,44.583333333333336,535,2,5,5,12,255,0,0.3336916275319812,0,Low,United Kingdom,RFM 10-12 (mid-high)
14829.0,29,7,1402.97,200.42428571428573,919,67.83333333333333,407,4,4,4,12,444,2,0.1500177487311752,0,Low,United Kingdom,RFM 10-12 (mid-high)
14830.0,53,1,188.88,188.88,164,,0,4,1,1,6,411,2,0.5834263782263936,1,Medium,United Kingdom,RFM 3-6 (low)
14831.0,680,3,1623.97,541.3233333333334,877,28.5,57,1,3,4,8,134,1,0.6647425906318061,1,Medium,United Kingdom,RFM 7-9 (mid-low)
14832.0,630,1,-274.63,-274.63,-1,,0,1,1,1,3,111,1,0.8534354840390624,1,High,United Kingdom,RFM 3-6 (low)
14833.0,499,1,94.8,94.8,58,,0,1,1,1,3,111,1,0.9126401261102828,1,High,United Kingdom,RFM 3-6 (low)
14834.0,18,7,2184.21,312.03000000000003,869,64.83333333333333,389,5,4,4,13,544,2,0.1655306661833836,0,Low,United Kingdom,RFM 13-15 (high)
14835.0,529,2,293.1,146.54999999999998,178,88.0,88,1,2,2,5,122,1,0.8125764337233928,1,High,United Kingdom,RFM 3-6 (low)
14836.0,10,3,102.45,34.15,45,10.0,20,5,3,1,9,531,2,0.5387117634879107,1,Medium,United Kingdom,RFM 7-9 (mid-low)
14837.0,90,9,3445.82,382.8688888888889,3022,74.375,595,3,5,5,13,355,0,0.0997463219331565,0,Low,United Kingdom,RFM 13-15 (high)
14838.0,423,2,769.9200000000001,384.96,361,313.0,313,1,2,3,6,123,1,0.6636328990368938,1,Medium,United Kingdom,RFM 3-6 (low)
14839.0,418,3,915.28,305.0933333333333,927,142.5,285,1,3,3,7,133,1,0.6179477631510596,1,Medium,United Kingdom,RFM 7-9 (mid-low)
14840.0,268,2,340.21,170.105,173,271.0,271,2,2,2,6,222,1,0.5688114501989218,1,Medium,United Kingdom,RFM 3-6 (low)
14841.0,53,14,7163.0,511.6428571428572,4164,52.53846153846154,683,4,5,5,14,455,0,0.0514798274508071,0,Low,United Kingdom,RFM 13-15 (high)
14842.0,44,4,2456.8,614.2,1146,88.0,264,4,3,4,11,434,2,0.2593274958604026,0,Low,United Kingdom,RFM 10-12 (mid-high)
14843.0,437,1,211.8,211.8,132,,0,1,1,1,3,111,1,0.8484064403608904,1,High,United Kingdom,RFM 3-6 (low)
14844.0,64,10,6688.43,668.8430000000001,4365,60.22222222222222,542,3,5,5,13,355,0,0.0585321375785619,0,Low,United Kingdom,RFM 13-15 (high)
14845.0,600,1,150.0,150.0,600,,0,1,1,1,3,111,1,0.8496888330738598,1,High,United Kingdom,RFM 3-6 (low)
14846.0,427,1,406.8,406.8,181,,0,1,1,2,4,112,1,0.7859728190596355,1,High,United Kingdom,RFM 3-6 (low)
14847.0,149,3,1320.6,440.2,529,207.5,415,3,3,4,10,334,1,0.596364667832364,1,Medium,United Kingdom,RFM 10-12 (mid-high)
14848.0,405,1,310.56,310.56,260,,0,2,1,2,5,212,1,0.8126986785472502,1,High,United Kingdom,RFM 3-6 (low)
14849.0,22,43,15186.6,353.1767441860465,11687,16.095238095238095,676,4,5,5,14,455,0,0.0218077774314614,0,Low,United Kingdom,RFM 13-15 (high)
14850.0,312,7,1599.76,228.53714285714287,1377,42.66666666666666,256,2,4,4,10,244,1,0.588140560306476,1,Medium,United Kingdom,RFM 10-12 (mid-high)
14851.0,23,3,829.4100000000001,276.47,631,303.5,607,4,3,3,10,433,2,0.4687655261511445,0,Medium,United Kingdom,RFM 10-12 (mid-high)
14852.0,58,18,6108.88,339.38222222222225,4361,34.411764705882355,585,4,5,5,14,455,0,0.0379960345551182,0,Low,United Kingdom,RFM 13-15 (high)
14853.0,24,5,1351.37,270.274,343,145.25,581,4,4,4,12,444,2,0.3607690869701833,0,Low,United Kingdom,RFM 10-12 (mid-high)
14854.0,78,11,4282.37,389.3063636363637,2974,60.8,608,3,5,5,13,355,0,0.0704321631857498,0,Low,United Kingdom,RFM 13-15 (high)
14855.0,119,7,6520.3,931.4714285714286,3510,81.83333333333333,491,3,4,5,12,345,0,0.1712031286896719,0,Low,United Kingdom,RFM 10-12 (mid-high)
14856.0,36,3,1290.53,430.1766666666667,711,10.0,20,4,3,4,11,434,2,0.3041025894408503,0,Low,United Kingdom,RFM 10-12 (mid-high)
14857.0,60,7,3578.931,511.2758571428572,2065,95.66666666666669,574,3,4,5,12,345,0,0.1335864918360561,0,Low,United Kingdom,RFM 10-12 (mid-high)
14858.0,506,1,180.75,180.75,105,,0,1,1,1,3,111,1,0.8802143838464572,1,High,United Kingdom,RFM 3-6 (low)
14859.0,13,5,1703.94,340.788,886,135.5,542,5,4,4,13,544,2,0.2180215995662964,0,Low,United Kingdom,RFM 13-15 (high)
14860.0,19,1,168.62,168.62,230,,0,5,1,1,7,511,2,0.5545462313451639,1,Medium,United Kingdom,RFM 7-9 (mid-low)
14861.0,52,10,1318.4,131.84,1054,75.44444444444444,679,4,5,4,13,454,0,0.1893291351468502,0,Low,United Kingdom,RFM 13-15 (high)
14862.0,26,2,841.1999999999999,420.6,772,122.0,122,4,2,3,9,423,2,0.3416619480459974,0,Low,United Kingdom,RFM 7-9 (mid-low)
14863.0,29,1,266.76,266.76,132,,0,4,1,1,6,411,2,0.4367374032740258,0,Medium,United Kingdom,RFM 3-6 (low)
14865.0,7,4,92.52,23.130000000000003,204,243.66666666666663,731,5,3,1,9,531,2,0.4823298022907862,0,Medium,United Kingdom,RFM 7-9 (mid-low)
14866.0,11,19,20554.09,1081.7942105263155,8906,25.5,459,5,5,5,15,555,3,0.0475276917121499,0,Low,United Kingdom,RFM 13-15 (high)
14867.0,186,16,2910.41,181.900625,993,36.53333333333333,548,3,5,5,13,355,0,0.2975766464657452,0,Low,United Kingdom,RFM 13-15 (high)
14868.0,3,12,4170.06,347.50500000000005,2224,37.81818181818182,416,5,5,5,15,555,0,0.0593406764856298,0,Low,United Kingdom,RFM 13-15 (high)
14869.0,9,6,2750.7,458.45,2118,143.0,715,5,4,4,13,544,2,0.1419669308348822,0,Low,United Kingdom,RFM 13-15 (high)
14870.0,262,6,1794.6,299.1,478,84.4,422,2,4,4,10,244,1,0.4608210610554119,0,Medium,United Kingdom,RFM 10-12 (mid-high)
14871.0,3,9,1228.17,136.46333333333334,446,91.875,735,5,5,4,14,554,0,0.3500590221119233,0,Low,United Kingdom,RFM 13-15 (high)
14872.0,484,3,802.6800000000001,267.56,614,74.5,149,1,3,3,7,133,1,0.6877749804107868,1,Medium,United Kingdom,RFM 7-9 (mid-low)
14873.0,210,2,854.13,427.065,311,423.0,423,2,2,3,7,223,1,0.600021647924934,1,Medium,United Kingdom,RFM 7-9 (mid-low)
14874.0,535,1,116.18,116.18,148,,0,1,1,1,3,111,1,0.8841657737823633,1,High,United Kingdom,RFM 3-6 (low)
14875.0,108,3,2841.55,947.1833333333334,1327,167.0,334,3,3,5,11,335,2,0.4457127410670201,0,Medium,United Kingdom,RFM 10-12 (mid-high)
14876.0,521,2,256.7,128.35,162,40.0,40,1,2,1,4,121,1,0.8248180123164431,1,High,United Kingdom,RFM 3-6 (low)
14877.0,418,2,425.85,212.925,168,224.0,224,1,2,2,5,122,1,0.742228545106354,1,High,United Kingdom,RFM 3-6 (low)
14878.0,13,25,3783.48,151.3392,2163,26.83333333333333,644,5,5,5,15,555,0,0.0376541791167478,0,Low,United Kingdom,RFM 13-15 (high)
14879.0,685,1,185.06,185.06,104,,0,1,1,1,3,111,1,0.8672684090325338,1,High,United Kingdom,RFM 3-6 (low)
14880.0,77,3,690.59,230.1966666666667,365,105.5,211,3,3,3,9,333,2,0.429294929019354,0,Medium,United Kingdom,RFM 7-9 (mid-low)
14881.0,20,1,255.4,255.4,316,,0,4,1,1,6,411,2,0.4699833151066759,0,Medium,United Kingdom,RFM 3-6 (low)
14882.0,27,14,3345.05,238.93214285714288,1422,45.53846153846154,592,4,5,5,14,455,0,0.0503328027572147,0,Low,United Kingdom,RFM 13-15 (high)
14883.0,19,6,756.64,126.10666666666668,789,38.6,193,5,4,3,12,543,2,0.2643721084898094,0,Low,United Kingdom,RFM 10-12 (mid-high)
14884.0,669,1,120.6,120.6,72,,0,1,1,1,3,111,1,0.9044876196293145,1,High,United Kingdom,RFM 3-6 (low)
14885.0,132,3,1496.12,498.70666666666665,1284,167.0,334,3,3,4,10,334,1,0.4534066170195023,0,Medium,United Kingdom,RFM 10-12 (mid-high)
14886.0,253,1,364.8,364.8,160,,0,2,1,2,5,212,1,0.7492188779088212,1,High,United Kingdom,RFM 3-6 (low)
14887.0,79,1,1862.0,1862.0,1100,,0,3,1,4,8,314,1,0.6822194468771221,1,Medium,United Kingdom,RFM 7-9 (mid-low)
14888.0,207,1,369.2,369.2,184,,0,2,1,2,5,212,1,0.7269025221449655,1,High,United Kingdom,RFM 3-6 (low)
14889.0,336,1,135.9,135.9,90,,0,2,1,1,4,211,1,0.870030370563407,1,High,United Kingdom,RFM 3-6 (low)
14890.0,254,3,817.25,272.4166666666667,636,203.0,406,2,3,3,8,233,1,0.556827772681225,1,Medium,United Kingdom,RFM 7-9 (mid-low)
14891.0,148,4,1106.73,276.6825,788,96.0,288,3,3,3,9,333,1,0.4553089216145208,0,Medium,United Kingdom,RFM 7-9 (mid-low)
14892.0,691,1,202.35,202.35,79,,0,1,1,1,3,111,1,0.8643876305897273,1,High,United Kingdom,RFM 3-6 (low)
14893.0,10,3,1782.26,594.0866666666667,1034,304.0,608,5,3,4,12,534,2,0.3866010842720292,0,Low,United Kingdom,RFM 10-12 (mid-high)
14894.0,85,3,1412.21,470.7366666666667,591,326.0,652,3,3,4,10,334,2,0.5695907552821555,1,Medium,United Kingdom,RFM 10-12 (mid-high)
14895.0,8,38,24488.82,644.4426315789474,10645,19.486486486486488,721,5,5,5,15,555,3,0.0211235187669511,0,Low,United Kingdom,RFM 13-15 (high)
14896.0,205,8,1727.3,215.9125,917,75.42857142857143,528,2,4,4,10,244,1,0.3320509069325852,0,Low,United Kingdom,RFM 10-12 (mid-high)
14897.0,8,8,3100.74,387.5925,1158,102.28571428571428,716,5,4,5,14,545,0,0.1124189180265497,0,Low,United Kingdom,RFM 13-15 (high)
14898.0,23,14,3242.6,231.6142857142857,2186,54.76923076923077,712,4,5,5,14,455,0,0.0470730641846736,0,Low,United Kingdom,RFM 13-15 (high)
14899.0,395,1,1331.38,1331.38,570,,0,2,1,4,7,214,1,0.7291180442958725,1,High,United Kingdom,RFM 7-9 (mid-low)
14900.0,522,1,13.919999999999998,13.919999999999998,48,,0,1,1,1,3,111,1,0.8667156679701711,1,High,United Kingdom,RFM 3-6 (low)
14901.0,11,12,1912.7,159.39166666666668,878,44.27272727272727,487,5,5,4,14,554,0,0.1197010885414632,0,Low,United Kingdom,RFM 13-15 (high)
14902.0,26,3,1000.27,333.42333333333335,703,263.5,527,4,3,3,10,433,2,0.3865422285147748,0,Low,United Kingdom,RFM 10-12 (mid-high)
14903.0,21,5,2729.18,545.836,1486,64.25,257,4,4,4,12,444,2,0.1243695103529968,0,Low,United Kingdom,RFM 10-12 (mid-high)
14904.0,2,4,1630.49,407.6225,2522,141.66666666666666,425,5,3,4,12,534,2,0.2143863390750207,0,Low,United Kingdom,RFM 10-12 (mid-high)
14905.0,158,8,1939.69,242.46125,987,82.57142857142857,578,3,4,4,11,344,2,0.2516132903156282,0,Low,United Kingdom,RFM 10-12 (mid-high)
14906.0,445,1,-66.98,-66.98,-1,,0,1,1,1,3,111,1,0.8464679758668854,1,High,United Kingdom,RFM 3-6 (low)
14907.0,3,16,5476.62,342.28875,2549,39.93333333333333,599,5,5,5,15,555,0,0.0254601341854954,0,Low,United Kingdom,RFM 13-15 (high)
14908.0,74,2,381.9,190.95,182,388.0,388,3,2,2,7,322,2,0.6688626444015068,1,Medium,United Kingdom,RFM 7-9 (mid-low)
14909.0,437,3,1380.98,460.32666666666665,886,113.0,226,1,3,4,8,134,1,0.6242518653505137,1,Medium,United Kingdom,RFM 7-9 (mid-low)
14910.0,3,4,389.86,97.465,221,17.0,51,5,3,2,10,532,2,0.4455289096156787,0,Medium,United Kingdom,RFM 10-12 (mid-high)
14911.0,1,395,265209.55,671.416582278481,141747,1.8705583756345177,737,5,5,5,15,555,3,0.0533396338103021,0,Low,EIRE,RFM 13-15 (high)
14912.0,17,5,708.9099999999999,141.78199999999998,1802,143.25,573,5,4,3,12,543,2,0.3201421977276639,0,Low,Italy,RFM 10-12 (mid-high)
14913.0,36,8,4073.13,509.14125,3955,64.14285714285714,449,4,4,5,13,445,0,0.1054679459334565,0,Low,United Kingdom,RFM 13-15 (high)
14915.0,91,11,1752.65,159.3318181818182,699,64.5,645,3,5,4,12,354,0,0.2380553066580946,0,Low,United Kingdom,RFM 10-12 (mid-high)
14916.0,71,8,2888.21,361.02625,2379,78.0,546,3,4,5,12,345,0,0.1065444765857898,0,Low,United Kingdom,RFM 10-12 (mid-high)
14917.0,597,2,1123.75,561.875,891,0.0,0,1,2,3,6,123,1,0.7130074404413881,1,High,United Kingdom,RFM 3-6 (low)
14918.0,116,9,5955.81,661.7566666666667,2551,61.875,495,3,5,5,13,355,0,0.1190328250815639,0,Low,United Kingdom,RFM 13-15 (high)
14919.0,539,1,359.35,359.35,129,,0,1,1,2,4,112,1,0.8446112962189453,1,High,United Kingdom,RFM 3-6 (low)
14920.0,213,3,1607.17,535.7233333333334,886,176.0,352,2,3,4,9,234,1,0.5341769505337395,1,Medium,United Kingdom,RFM 7-9 (mid-low)
14921.0,30,2,1316.07,658.035,953,171.0,171,4,2,4,10,424,2,0.366832257014408,0,Low,United Kingdom,RFM 10-12 (mid-high)
14922.0,394,2,843.74,421.87,376,114.0,114,2,2,3,7,223,1,0.6696773169434935,1,Medium,United Kingdom,RFM 7-9 (mid-low)
14923.0,51,1,749.1,749.1,418,,0,4,1,3,8,413,2,0.4891465903621437,0,Medium,United Kingdom,RFM 7-9 (mid-low)
14924.0,246,3,931.01,310.33666666666664,312,196.5,393,2,3,3,8,233,1,0.5691166838204488,1,Medium,United Kingdom,RFM 7-9 (mid-low)
14926.0,382,2,337.65,168.825,189,216.0,216,2,2,2,6,222,1,0.7456166764524437,1,High,United Kingdom,RFM 3-6 (low)
14927.0,397,1,308.2,308.2,196,,0,2,1,2,5,212,1,0.7967313699216763,1,High,United Kingdom,RFM 3-6 (low)
14928.0,628,1,204.46,204.46,263,,0,1,1,1,3,111,1,0.8455123453528957,1,High,United Kingdom,RFM 3-6 (low)
14929.0,32,2,836.69,418.345,487,389.0,389,4,2,3,9,423,2,0.5619253494655327,1,Medium,United Kingdom,RFM 7-9 (mid-low)
14930.0,109,6,5126.74,854.4566666666666,2186,99.4,497,3,4,5,12,345,0,0.1772015605025108,0,Low,Channel Islands,RFM 10-12 (mid-high)
14931.0,5,5,964.68,192.936,416,59.0,236,5,4,3,12,543,2,0.2937723635597136,0,Low,Channel Islands,RFM 10-12 (mid-high)
14932.0,366,2,666.13,333.065,257,20.0,20,2,2,3,7,223,1,0.7416570358885246,1,High,Channel Islands,RFM 7-9 (mid-low)
14933.0,444,4,885.0,221.25,300,0.0,0,1,3,3,7,133,1,0.7269722721269194,1,High,Channel Islands,RFM 7-9 (mid-low)
14934.0,82,5,2444.1,488.82,1446,89.75,359,3,4,4,11,344,2,0.1812866892228551,0,Low,Channel Islands,RFM 10-12 (mid-high)
14935.0,297,2,2849.83,1424.915,1931,322.0,322,2,2,5,9,225,1,0.5828193587959567,1,Medium,Channel Islands,RFM 7-9 (mid-low)
14936.0,34,12,12378.46,1031.5383333333332,6271,49.90909090909091,549,4,5,5,14,455,0,0.0534746904983787,0,Low,Channel Islands,RFM 13-15 (high)
14937.0,57,3,1617.63,539.21,483,36.5,73,4,3,4,11,434,2,0.4086865176635698,0,Medium,Channel Islands,RFM 10-12 (mid-high)
14938.0,562,2,2289.43,1144.715,1361,0.0,0,1,2,4,7,124,1,0.7522606091037973,1,High,Channel Islands,RFM 7-9 (mid-low)
14940.0,418,2,531.49,265.745,384,315.0,315,1,2,2,5,122,1,0.6532548032772746,1,Medium,United Kingdom,RFM 3-6 (low)
14941.0,579,1,182.1,182.1,80,,0,1,1,1,3,111,1,0.8834212571188383,1,High,United Kingdom,RFM 3-6 (low)
14942.0,402,4,706.56,176.64,353,109.33333333333331,328,2,3,3,8,233,1,0.6403913308826578,1,Medium,United Kingdom,RFM 7-9 (mid-low)
14943.0,663,1,107.62,107.62,46,,0,1,1,1,3,111,1,0.906471769207047,1,High,United Kingdom,RFM 3-6 (low)
14944.0,30,19,9674.92,509.2063157894737,4833,35.05555555555556,631,4,5,5,14,455,0,0.0271675457232883,0,Low,United Kingdom,RFM 13-15 (high)
14945.0,414,1,179.4,179.4,156,,0,1,1,1,3,111,1,0.8729812563641821,1,High,United Kingdom,RFM 3-6 (low)
14946.0,14,1,100.9,100.9,22,,0,5,1,1,7,511,2,0.677427032683861,1,Medium,United Kingdom,RFM 7-9 (mid-low)
14947.0,72,6,1049.79,174.965,416,110.4,552,3,4,3,10,343,2,0.4036430639769494,0,Medium,United Kingdom,RFM 10-12 (mid-high)
14948.0,23,6,1066.57,177.76166666666666,661,39.2,196,4,4,3,11,443,2,0.2699349732978919,0,Low,United Kingdom,RFM 10-12 (mid-high)
14949.0,469,4,498.55,124.6375,243,84.0,252,1,3,2,6,132,1,0.7235394693835339,1,High,United Kingdom,RFM 3-6 (low)
14950.0,19,1,361.25,361.25,135,,0,5,1,2,8,512,2,0.470518962781676,0,Medium,United Kingdom,RFM 7-9 (mid-low)
14951.0,79,1,311.69,311.69,311,,0,3,1,2,6,312,1,0.5595393243928439,1,Medium,United Kingdom,RFM 3-6 (low)
14952.0,60,32,17347.25,542.1015625,6875,21.806451612903224,676,3,5,5,13,355,0,0.040727984938705,0,Low,United Kingdom,RFM 13-15 (high)
14953.0,25,4,962.92,240.73,994,136.66666666666666,410,4,3,3,10,433,2,0.2924095800792755,0,Low,United Kingdom,RFM 10-12 (mid-high)
14954.0,12,2,462.12,231.06,209,690.0,690,5,2,2,9,522,2,0.6040488202453569,1,Medium,United Kingdom,RFM 7-9 (mid-low)
14955.0,733,1,163.77,163.77,74,,0,1,1,1,3,111,1,0.885945531266097,1,High,United Kingdom,RFM 3-6 (low)
14956.0,421,1,1325.0,1325.0,2500,,0,1,1,4,6,114,1,0.7589483007548676,1,High,United Kingdom,RFM 3-6 (low)
14957.0,253,2,261.69,130.845,97,391.0,391,2,2,1,5,221,1,0.6518832010191001,1,Medium,United Kingdom,RFM 3-6 (low)
14958.0,147,6,941.99,156.9983333333333,248,117.6,588,3,4,3,10,343,2,0.4644384231208197,0,Medium,United Kingdom,RFM 10-12 (mid-high)
14959.0,64,4,684.97,171.2425,491,77.33333333333333,232,3,3,3,9,333,2,0.3878070327333325,0,Low,United Kingdom,RFM 7-9 (mid-low)
14960.0,8,2,221.27,110.635,221,162.0,162,5,2,1,8,521,2,0.5316718106712452,1,Medium,United Kingdom,RFM 7-9 (mid-low)
14961.0,11,22,16328.9,742.2227272727273,8335,34.476190476190474,724,5,5,5,15,555,0,0.0296965425260182,0,Low,United Kingdom,RFM 13-15 (high)
14962.0,271,4,366.91,91.7275,123,104.33333333333331,313,2,3,2,7,232,1,0.6043502135709263,1,Medium,United Kingdom,RFM 7-9 (mid-low)
14963.0,10,12,3117.72,259.81,2284,46.81818181818182,515,5,5,5,15,555,0,0.0491917764686054,0,Low,United Kingdom,RFM 13-15 (high)
14964.0,247,1,206.21,206.21,143,,0,2,1,1,4,211,1,0.7462545175584548,1,High,United Kingdom,RFM 3-6 (low)
14965.0,96,2,596.09,298.045,363,0.0,0,3,2,3,8,323,1,0.5098676850751599,1,Medium,United Kingdom,RFM 7-9 (mid-low)
14966.0,15,6,1064.26,177.3766666666667,1060,141.8,709,5,4,3,12,543,2,0.3246793196883804,0,Low,United Kingdom,RFM 10-12 (mid-high)
14967.0,50,6,1680.52,280.08666666666664,651,137.2,686,4,4,4,12,444,2,0.2986347019293396,0,Low,United Kingdom,RFM 10-12 (mid-high)
14968.0,30,2,501.24,250.62,257,428.0,428,4,2,2,8,422,2,0.5711831236065796,1,Medium,United Kingdom,RFM 7-9 (mid-low)
14969.0,704,1,906.23,906.23,665,,0,1,1,3,5,113,1,0.7793739828622372,1,High,United Kingdom,RFM 3-6 (low)
14970.0,68,12,3593.4,299.45,763,54.09090909090909,595,3,5,5,13,355,0,0.1432929066577021,0,Low,United Kingdom,RFM 13-15 (high)
14971.0,35,3,1097.98,365.9933333333333,639,4.0,8,4,3,3,10,433,2,0.3278240276197741,0,Low,United Kingdom,RFM 10-12 (mid-high)
14972.0,128,2,145.07,72.535,40,252.0,252,3,2,1,6,321,1,0.6076456561986913,1,Medium,United Kingdom,RFM 3-6 (low)
14973.0,107,3,1314.45,438.15,369,59.0,118,3,3,4,10,334,2,0.4455688386312075,0,Medium,United Kingdom,RFM 10-12 (mid-high)
14974.0,37,1,89.94,89.94,37,,0,4,1,1,6,411,2,0.6926200133142336,1,Medium,United Kingdom,RFM 3-6 (low)
14975.0,57,2,472.39,236.195,507,363.0,363,4,2,2,8,422,2,0.5735923897114386,1,Medium,United Kingdom,RFM 7-9 (mid-low)
14976.0,57,7,765.86,109.40857142857143,230,44.833333333333336,269,4,4,3,11,443,2,0.4487656709249768,0,Medium,United Kingdom,RFM 10-12 (mid-high)
14977.0,726,1,31.93,31.93,17,,0,1,1,1,3,111,1,0.8802191531665912,1,High,United Kingdom,RFM 3-6 (low)
14978.0,72,10,3076.39,307.639,732,57.55555555555556,518,3,5,5,13,355,0,0.1378785368754116,0,Low,United Kingdom,RFM 13-15 (high)
14979.0,735,1,429.66,429.66,209,,0,1,1,2,4,112,1,0.798908976725759,1,High,United Kingdom,RFM 3-6 (low)
14980.0,737,1,150.68,150.68,79,,0,1,1,1,3,111,1,0.8920340661031247,1,High,United Kingdom,RFM 3-6 (low)
14981.0,246,2,313.52,156.76,229,177.0,177,2,2,2,6,222,1,0.6163569913741873,1,Medium,United Kingdom,RFM 3-6 (low)
14982.0,572,1,237.78,237.78,125,,0,1,1,1,3,111,1,0.8448544585429134,1,High,United Kingdom,RFM 3-6 (low)
14983.0,689,1,183.2,183.2,90,,0,1,1,1,3,111,1,0.8572952693839824,1,High,United Kingdom,RFM 3-6 (low)
14984.0,19,6,1260.51,210.085,348,135.6,678,5,4,4,13,544,2,0.3696338365626823,0,Low,United Kingdom,RFM 13-15 (high)
14985.0,198,2,292.01,146.005,256,159.0,159,2,2,2,6,222,1,0.610241150617207,1,Medium,United Kingdom,RFM 3-6 (low)
14986.0,376,2,563.1,281.55,338,307.0,307,2,2,2,6,222,1,0.651917529585545,1,Medium,United Kingdom,RFM 3-6 (low)
14987.0,16,8,1469.05,183.63125,575,103.0,721,5,4,4,13,544,2,0.3779805122466081,0,Low,United Kingdom,RFM 13-15 (high)
14988.0,212,7,2038.65,291.2357142857143,1260,65.0,390,2,4,4,10,244,1,0.3184832405909296,0,Low,United Kingdom,RFM 10-12 (mid-high)
14989.0,662,1,342.4,342.4,200,,0,1,1,2,4,112,1,0.8334222937071668,1,High,United Kingdom,RFM 3-6 (low)
14990.0,612,2,304.17,152.085,129,118.0,118,1,2,2,5,122,1,0.7910850740899682,1,High,United Kingdom,RFM 3-6 (low)
14991.0,430,1,314.67,314.67,191,,0,1,1,2,4,112,1,0.8134987463684804,1,High,United Kingdom,RFM 3-6 (low)
14992.0,442,1,210.5,210.5,145,,0,1,1,1,3,111,1,0.8488069181717341,1,High,United Kingdom,RFM 3-6 (low)
14993.0,564,1,36.13,36.13,21,,0,1,1,1,3,111,1,0.8886425858392489,1,High,United Kingdom,RFM 3-6 (low)
14994.0,382,5,872.42,174.48399999999998,480,60.0,240,2,4,3,9,243,1,0.6344296901198611,1,Medium,United Kingdom,RFM 7-9 (mid-low)
14995.0,39,2,231.98,115.99,102,241.0,241,4,2,1,7,421,2,0.5312644497160155,1,Medium,United Kingdom,RFM 7-9 (mid-low)
14996.0,481,2,442.29,221.145,404,0.0,0,1,2,2,5,122,1,0.7209463310637154,1,High,United Kingdom,RFM 3-6 (low)
14997.0,46,4,771.38,192.845,1390,203.0,609,4,3,3,10,433,2,0.3802024796527919,0,Low,United Kingdom,RFM 10-12 (mid-high)
14998.0,170,4,753.18,188.295,352,145.0,435,3,3,3,9,333,1,0.4435604853300433,0,Medium,United Kingdom,RFM 7-9 (mid-low)
14999.0,593,1,129.48000000000002,129.48000000000002,88,,0,1,1,1,3,111,1,0.8861013865920423,1,High,United Kingdom,RFM 3-6 (low)
15000.0,48,1,490.52,490.52,218,,0,4,1,2,7,412,2,0.5298803265223058,1,Medium,United Kingdom,RFM 7-9 (mid-low)
15001.0,394,2,199.11,99.555,70,0.0,0,2,2,1,5,221,1,0.7685535256427974,1,High,United Kingdom,RFM 3-6 (low)
15002.0,116,9,4138.08,459.7866666666666,2214,72.5,580,3,5,5,13,355,0,0.1324101882258813,0,Low,United Kingdom,RFM 13-15 (high)
15003.0,473,6,1022.03,170.33833333333334,521,41.8,209,1,4,3,8,143,1,0.6769141778092702,1,Medium,United Kingdom,RFM 7-9 (mid-low)
15004.0,147,1,1220.77,1220.77,623,,0,3,1,4,8,314,1,0.6787880760709384,1,Medium,United Kingdom,RFM 7-9 (mid-low)
15005.0,16,56,13412.9,239.51607142857145,8563,13.127272727272729,722,5,5,5,15,555,0,0.0244494347067106,0,Low,United Kingdom,RFM 13-15 (high)
15006.0,51,2,757.78,378.89,387,402.0,402,4,2,3,9,423,2,0.5724752286220682,1,Medium,United Kingdom,RFM 7-9 (mid-low)
15007.0,159,1,156.91,156.91,69,,0,3,1,1,5,311,1,0.8265708291370778,1,High,United Kingdom,RFM 3-6 (low)
15008.0,480,2,360.0,180.0,1500,157.0,157,1,2,2,5,122,1,0.7145244297767022,1,High,United Kingdom,RFM 3-6 (low)
15009.0,12,3,1259.43,419.81,639,6.0,12,5,3,4,12,534,2,0.2892528494751483,0,Low,United Kingdom,RFM 10-12 (mid-high)
15010.0,36,1,308.94,308.94,184,,0,4,1,2,7,412,2,0.413980645570136,0,Medium,United Kingdom,RFM 7-9 (mid-low)
15011.0,396,2,416.6,208.3,289,20.0,20,2,2,2,6,222,1,0.7467534826911502,1,High,United Kingdom,RFM 3-6 (low)
15012.0,54,3,646.26,215.42,383,261.5,523,4,3,3,10,433,2,0.4736340079873324,0,Medium,United Kingdom,RFM 10-12 (mid-high)
15013.0,488,10,1610.82,161.082,1715,21.0,189,1,5,4,10,154,1,0.728798553443485,1,High,United Kingdom,RFM 10-12 (mid-high)
15014.0,43,2,257.67,128.835,149,133.0,133,4,2,1,7,421,2,0.5183072786746079,1,Medium,United Kingdom,RFM 7-9 (mid-low)
15015.0,501,13,2265.77,174.29,1554,18.58333333333333,223,1,5,4,10,154,1,0.7066601595486048,1,High,United Kingdom,RFM 10-12 (mid-high)
15016.0,173,5,612.89,122.578,240,92.5,370,3,4,3,10,343,1,0.5134926898915363,1,Medium,United Kingdom,RFM 10-12 (mid-high)
15017.0,34,1,125.58,125.58,63,,0,4,1,1,6,411,2,0.7195459979703779,1,High,United Kingdom,RFM 3-6 (low)
15018.0,39,3,456.26,152.08666666666667,188,164.5,329,4,3,2,9,432,2,0.5020740861610683,1,Medium,United Kingdom,RFM 7-9 (mid-low)
15019.0,267,1,252.81,252.81,150,,0,2,1,1,4,211,1,0.7544558894830428,1,High,United Kingdom,RFM 3-6 (low)
15020.0,379,1,198.47,198.47,111,,0,2,1,1,4,211,1,0.8229101089408534,1,High,United Kingdom,RFM 3-6 (low)
15021.0,9,12,2422.35,201.8625,1055,44.45454545454545,489,5,5,4,14,554,0,0.0807633255712058,0,Low,United Kingdom,RFM 13-15 (high)
15022.0,12,5,1133.44,226.688,640,166.25,665,5,4,3,12,543,2,0.3648170835144796,0,Low,United Kingdom,RFM 10-12 (mid-high)
15023.0,3,20,11500.16,575.008,4743,35.31578947368421,671,5,5,5,15,555,0,0.0218894640825391,0,Low,United Kingdom,RFM 13-15 (high)
15024.0,10,16,3559.39,222.461875,1924,27.6,414,5,5,5,15,555,0,0.0509359294875718,0,Low,United Kingdom,RFM 13-15 (high)
15025.0,33,2,979.79,489.895,503,535.0,535,4,2,3,9,423,2,0.5842882905387383,1,Medium,United Kingdom,RFM 7-9 (mid-low)
15026.0,80,5,1048.89,209.778,655,92.0,368,3,4,3,10,343,2,0.3334399146304863,0,Low,United Kingdom,RFM 10-12 (mid-high)
15027.0,31,10,2974.04,297.404,2204,65.88888888888889,593,4,5,5,14,455,0,0.0621919270732315,0,Low,United Kingdom,RFM 13-15 (high)
15028.0,8,6,962.94,160.49,673,77.0,385,5,4,3,12,543,2,0.2855823805013694,0,Low,United Kingdom,RFM 10-12 (mid-high)
15029.0,620,1,362.15,362.15,233,,0,1,1,2,4,112,1,0.8332510737109032,1,High,United Kingdom,RFM 3-6 (low)
15030.0,72,8,1964.66,245.5825,1223,81.85714285714286,573,3,4,4,11,344,2,0.1738890686922957,0,Low,United Kingdom,RFM 10-12 (mid-high)
15031.0,4,14,2803.73,200.26642857142852,1397,55.92307692307692,727,5,5,4,14,554,0,0.0471716126886719,0,Low,United Kingdom,RFM 13-15 (high)
15032.0,256,8,10515.05,1314.38125,6301,67.42857142857143,472,2,4,5,11,245,0,0.3059411249463116,0,Low,United Kingdom,RFM 10-12 (mid-high)
15033.0,5,10,2541.53,254.153,1669,36.0,324,5,5,4,14,554,0,0.0735265594546107,0,Low,United Kingdom,RFM 13-15 (high)
15034.0,16,14,8200.25,585.7321428571429,4737,43.15384615384615,561,5,5,5,15,555,0,0.0315082043465906,0,Low,United Kingdom,RFM 13-15 (high)
15035.0,90,1,252.73,252.73,245,,0,3,1,1,5,311,1,0.620493253719797,1,Medium,United Kingdom,RFM 3-6 (low)
15036.0,72,3,429.56,143.18666666666667,316,53.5,107,3,3,2,8,332,2,0.4619769472569791,0,Medium,United Kingdom,RFM 7-9 (mid-low)
15037.0,376,2,397.76,198.88,298,0.0,0,2,2,2,6,222,1,0.720636219897072,1,High,United Kingdom,RFM 3-6 (low)
15038.0,59,9,1106.63,122.95888888888892,351,45.75,366,3,5,3,11,353,2,0.2646424160208918,0,Low,United Kingdom,RFM 10-12 (mid-high)
15039.0,10,93,38853.04,417.774623655914,17655,7.815217391304348,719,5,5,5,15,555,3,0.0220213497519664,0,Low,United Kingdom,RFM 13-15 (high)
15040.0,542,1,7.49,7.49,1,,0,1,1,1,3,111,1,0.8825017942183696,1,High,United Kingdom,RFM 3-6 (low)
15041.0,170,2,289.4,144.7,194,274.0,274,3,2,2,7,322,1,0.6052711854623991,1,Medium,United Kingdom,RFM 7-9 (mid-low)
15042.0,199,2,315.45,157.725,238,396.0,396,2,2,2,6,222,1,0.6789486858873113,1,Medium,United Kingdom,RFM 3-6 (low)
15043.0,31,6,2870.32,478.3866666666666,1019,100.2,501,4,4,5,13,445,2,0.1421287426789605,0,Low,United Kingdom,RFM 13-15 (high)
15044.0,19,35,15661.35,447.4671428571429,5221,20.676470588235293,703,5,5,5,15,555,0,0.0227706221089652,0,Low,United Kingdom,RFM 13-15 (high)
15045.0,152,2,633.66,316.83,106,105.0,105,3,2,3,8,323,1,0.5878410275038484,1,Medium,United Kingdom,RFM 7-9 (mid-low)
15046.0,9,25,7394.78,295.7912,4414,28.541666666666668,685,5,5,5,15,555,0,0.0197915352591998,0,Low,United Kingdom,RFM 13-15 (high)
15047.0,270,1,343.62,343.62,222,,0,2,1,2,5,212,1,0.7465333787241186,1,High,United Kingdom,RFM 3-6 (low)
15048.0,65,4,377.52,94.38,180,101.0,303,3,3,2,8,332,2,0.5069607996455886,1,Medium,United Kingdom,RFM 7-9 (mid-low)
15049.0,274,1,121.17000000000002,121.17000000000002,63,,0,2,1,1,4,211,1,0.8923968494227907,1,High,United Kingdom,RFM 3-6 (low)
15050.0,25,5,4032.27,806.454,2560,113.75,455,4,4,5,13,445,2,0.134954155253503,0,Low,United Kingdom,RFM 13-15 (high)
15051.0,23,9,3911.91,434.6566666666666,3040,89.375,715,4,5,5,14,455,0,0.093103116969067,0,Low,United Kingdom,RFM 13-15 (high)
15052.0,319,1,207.73,207.73,79,,0,2,1,1,4,211,1,0.8622679096736019,1,High,United Kingdom,RFM 3-6 (low)
15053.0,5,3,693.95,231.3166666666667,984,138.5,277,5,3,3,11,533,2,0.3703046297790759,0,Low,United Kingdom,RFM 10-12 (mid-high)
15054.0,12,2,302.1,151.05,198,28.0,28,5,2,2,9,522,2,0.4372674850429622,0,Medium,United Kingdom,RFM 7-9 (mid-low)
15055.0,475,3,549.12,183.04,225,124.0,248,1,3,2,6,132,1,0.7182531957732889,1,High,United Kingdom,RFM 3-6 (low)
15056.0,520,1,113.65,113.65,69,,0,1,1,1,3,111,1,0.9092353046505312,1,High,United Kingdom,RFM 3-6 (low)
15057.0,275,5,3184.56,636.912,1382,114.5,458,2,4,5,11,245,1,0.3374985481928898,0,Low,United Kingdom,RFM 10-12 (mid-high)
15058.0,25,16,3354.73,209.670625,1642,41.86666666666667,628,4,5,5,14,455,0,0.0396751085969138,0,Low,United Kingdom,RFM 13-15 (high)
15059.0,41,19,3395.25,178.69736842105263,1580,38.44444444444444,692,4,5,5,14,455,0,0.0429128889184798,0,Low,United Kingdom,RFM 13-15 (high)
15060.0,8,4,294.25,73.5625,257,0.0,0,5,3,2,10,532,2,0.5054731152888003,1,Medium,United Kingdom,RFM 10-12 (mid-high)
15061.0,4,127,124961.98,983.9525984251968,73554,5.825396825396825,734,5,5,5,15,555,3,0.0273102860756038,0,Low,United Kingdom,RFM 13-15 (high)
15062.0,71,8,2585.62,323.2025,1872,77.0,539,3,4,4,11,344,2,0.0957914313880027,0,Low,United Kingdom,RFM 10-12 (mid-high)
15063.0,213,1,370.8,370.8,56,,0,2,1,2,5,212,1,0.7804339272814411,1,High,United Kingdom,RFM 3-6 (low)
15064.0,410,4,1254.41,313.6025,810,102.0,306,1,3,4,8,134,1,0.5926718115466426,1,Medium,United Kingdom,RFM 7-9 (mid-low)
15065.0,38,5,3304.71,660.942,1418,93.25,373,4,4,5,13,445,2,0.146222408519424,0,Low,United Kingdom,RFM 13-15 (high)
15066.0,53,1,760.59,760.59,279,,0,4,1,3,8,413,2,0.5312803075965999,1,Medium,United Kingdom,RFM 7-9 (mid-low)
15067.0,78,5,3850.13,770.0260000000001,2150,132.0,528,3,4,5,12,345,2,0.1847639741769481,0,Low,United Kingdom,RFM 10-12 (mid-high)
15068.0,46,4,1174.9,293.725,832,191.66666666666663,575,4,3,3,10,433,2,0.3938932840705799,0,Low,United Kingdom,RFM 10-12 (mid-high)
15069.0,179,1,1109.53,1109.53,520,,0,3,1,3,7,313,1,0.703029492325701,1,High,United Kingdom,RFM 7-9 (mid-low)
15070.0,373,3,737.0500000000001,245.68333333333337,347,175.5,351,2,3,3,8,233,1,0.6350866942184326,1,Medium,United Kingdom,RFM 7-9 (mid-low)
15071.0,94,4,1455.56,363.89,416,158.66666666666666,476,3,3,4,10,334,2,0.4321323803937615,0,Medium,United Kingdom,RFM 10-12 (mid-high)
15072.0,479,1,187.52,187.52,164,,0,1,1,1,3,111,1,0.8568892651823673,1,High,United Kingdom,RFM 3-6 (low)
15073.0,10,8,2357.04,294.63,1196,96.0,672,5,4,4,13,544,0,0.1248844339745863,0,Low,United Kingdom,RFM 13-15 (high)
15074.0,105,3,1553.13,517.7099999999999,1039,181.0,362,3,3,4,10,334,2,0.5046540286656983,1,Medium,United Kingdom,RFM 10-12 (mid-high)
15075.0,78,1,773.03,773.03,447,,0,3,1,3,7,313,1,0.5720874856207218,1,Medium,United Kingdom,RFM 7-9 (mid-low)
15076.0,173,3,1425.84,475.28,864,174.5,349,3,3,4,10,334,1,0.5120375055995247,1,Medium,United Kingdom,RFM 10-12 (mid-high)
15077.0,495,2,2423.88,1211.94,526,235.0,235,1,2,4,7,124,1,0.6654563546761938,1,Medium,United Kingdom,RFM 7-9 (mid-low)
15078.0,7,53,17101.37,322.667358490566,8693,14.0,728,5,5,5,15,555,3,0.0191548598564047,0,Low,United Kingdom,RFM 13-15 (high)
15079.0,213,11,3544.8,322.25454545454545,1439,51.9,519,2,5,5,12,255,0,0.3389794981250177,0,Low,United Kingdom,RFM 10-12 (mid-high)
15080.0,428,2,546.25,273.125,287,74.0,74,1,2,2,5,122,1,0.704526685458312,1,High,United Kingdom,RFM 3-6 (low)
15081.0,22,12,1837.12,153.09333333333333,747,46.63636363636363,513,4,5,4,13,454,0,0.1488467030660232,0,Low,United Kingdom,RFM 13-15 (high)
15082.0,669,1,93.35,93.35,43,,0,1,1,1,3,111,1,0.9064802276780098,1,High,United Kingdom,RFM 3-6 (low)
15083.0,257,1,88.2,88.2,38,,0,2,1,1,4,211,1,0.876036832043156,1,High,United Kingdom,RFM 3-6 (low)
15084.0,380,2,965.2,482.6,600,266.0,266,2,2,3,7,223,1,0.640583766219828,1,Medium,United Kingdom,RFM 7-9 (mid-low)
15085.0,730,1,347.54,347.54,169,,0,1,1,2,4,112,1,0.835109385225057,1,High,United Kingdom,RFM 3-6 (low)
15086.0,565,2,218.53,109.265,95,60.0,60,1,2,1,4,121,1,0.8106469542462378,1,High,United Kingdom,RFM 3-6 (low)
15087.0,282,1,306.94,306.94,470,,0,2,1,2,5,212,1,0.7813871532806835,1,High,United Kingdom,RFM 3-6 (low)
15088.0,21,2,1140.27,570.135,457,45.0,45,4,2,3,9,423,2,0.3266327267933737,0,Low,United Kingdom,RFM 7-9 (mid-low)
15089.0,10,6,2420.84,403.47333333333336,1359,23.6,118,5,4,4,13,544,2,0.1312270562490994,0,Low,United Kingdom,RFM 13-15 (high)
15090.0,308,1,381.32,381.32,208,,0,2,1,2,5,212,1,0.7952965767457681,1,High,United Kingdom,RFM 3-6 (low)
15091.0,68,3,1023.11,341.0366666666667,574,303.5,607,3,3,3,9,333,2,0.5190446960799106,1,Medium,United Kingdom,RFM 7-9 (mid-low)
15092.0,215,3,773.16,257.72,228,123.5,247,2,3,3,8,233,1,0.5282812746640817,1,Medium,United Kingdom,RFM 7-9 (mid-low)
15093.0,18,23,13034.15,566.7021739130435,10651,32.40909090909091,713,5,5,5,15,555,0,0.0248637708683049,0,Low,United Kingdom,RFM 13-15 (high)
15094.0,463,2,83.0,41.5,28,181.0,181,1,2,1,4,121,1,0.7890590779017858,1,High,United Kingdom,RFM 3-6 (low)
15095.0,104,10,3135.74,313.574,2231,64.88888888888889,584,3,5,5,13,355,0,0.1149622381935982,0,Low,United Kingdom,RFM 13-15 (high)
15096.0,43,1,219.39,219.39,120,,0,4,1,1,6,411,2,0.4562160140110922,0,Medium,United Kingdom,RFM 3-6 (low)
15097.0,4,3,587.05,195.6833333333333,298,289.0,578,5,3,2,10,532,2,0.4855407924418683,0,Medium,United Kingdom,RFM 10-12 (mid-high)
15098.0,182,3,649.5,216.5,60,0.0,0,3,3,3,9,333,1,0.6334533227552757,1,Medium,United Kingdom,RFM 7-9 (mid-low)
15099.0,84,1,410.48,410.48,343,,0,3,1,2,6,312,1,0.6010092830175019,1,Medium,United Kingdom,RFM 3-6 (low)
15100.0,334,7,1750.1,250.0142857142857,226,61.16666666666666,367,2,4,4,10,244,1,0.6213089276980418,1,Medium,United Kingdom,RFM 10-12 (mid-high)
15101.0,9,6,1303.49,217.2483333333333,655,116.2,581,5,4,4,13,544,2,0.3039004351492895,0,Low,United Kingdom,RFM 13-15 (high)
15102.0,531,2,554.67,277.335,339,16.0,16,1,2,2,5,122,1,0.7060684735196878,1,High,United Kingdom,RFM 3-6 (low)
15103.0,31,2,703.36,351.68,329,55.0,55,4,2,3,9,423,2,0.3466361345211222,0,Low,United Kingdom,RFM 7-9 (mid-low)
15104.0,197,2,968.64,484.32,633,85.0,85,2,2,3,7,223,1,0.5527570983760701,1,Medium,United Kingdom,RFM 7-9 (mid-low)
15105.0,18,9,3094.91,343.87888888888887,1747,76.0,608,5,5,5,15,555,0,0.0567332472489975,0,Low,United Kingdom,RFM 13-15 (high)
15106.0,18,5,1407.73,281.546,1144,62.75,251,5,4,4,13,544,2,0.1705094346042831,0,Low,United Kingdom,RFM 13-15 (high)
15107.0,311,9,740.26,82.25111111111111,321,17.5,140,2,5,3,10,253,1,0.705039683782732,1,High,United Kingdom,RFM 10-12 (mid-high)
15108.0,142,4,1291.75,322.9375,497,28.33333333333333,85,3,3,4,10,334,1,0.4766318106593455,0,Medium,Unknown/Other,RFM 10-12 (mid-high)
15109.0,246,3,961.9,320.6333333333333,254,244.5,489,2,3,3,8,233,1,0.5623671582532999,1,Medium,United Kingdom,RFM 7-9 (mid-low)
15110.0,24,6,1482.95,247.15833333333333,332,92.2,461,4,4,4,12,444,2,0.2855050858498836,0,Low,United Kingdom,RFM 10-12 (mid-high)
15111.0,29,5,2442.37,488.474,1058,140.75,563,4,4,4,12,444,2,0.1800545142832075,0,Low,United Kingdom,RFM 10-12 (mid-high)
15112.0,611,1,209.4,209.4,72,,0,1,1,1,3,111,1,0.8752203208525862,1,High,United Kingdom,RFM 3-6 (low)
15113.0,10,3,3339.51,1113.1699999999998,2320,22.0,44,5,3,5,13,535,2,0.2944006987607213,0,Low,United Kingdom,RFM 13-15 (high)
15114.0,30,12,3400.12,283.3433333333333,3532,35.45454545454545,390,4,5,5,14,455,0,0.0598512999200758,0,Low,United Kingdom,RFM 13-15 (high)
15115.0,18,2,528.1,264.05,244,714.0,714,5,2,2,9,522,2,0.5746366284943014,1,Medium,United Kingdom,RFM 7-9 (mid-low)
15116.0,18,4,1352.75,338.1875,648,62.333333333333336,187,5,3,4,12,534,2,0.236346619597718,0,Low,United Kingdom,RFM 10-12 (mid-high)
15117.0,15,8,2484.32,310.54,3092,88.42857142857143,619,5,4,4,13,544,0,0.1124309302126384,0,Low,United Kingdom,RFM 13-15 (high)
15118.0,134,1,244.8,244.8,1440,,0,3,1,1,5,311,1,0.6394402225433242,1,Medium,United Kingdom,RFM 3-6 (low)
15119.0,246,1,266.4,266.4,88,,0,2,1,1,4,211,1,0.7323517854790722,1,High,United Kingdom,RFM 3-6 (low)
15120.0,134,1,343.82,343.82,292,,0,3,1,2,6,312,1,0.6839901817131984,1,Medium,United Kingdom,RFM 3-6 (low)
15121.0,50,2,457.72,228.86,199,238.0,238,4,2,2,8,422,2,0.5275028038713075,1,Medium,United Kingdom,RFM 7-9 (mid-low)
15122.0,114,11,4451.22,404.65636363636366,2007,50.5,505,3,5,5,13,355,0,0.1343317118967654,0,Low,United Kingdom,RFM 13-15 (high)
15123.0,7,5,4656.17,931.234,2524,156.5,626,5,4,5,14,545,0,0.1510898423390019,0,Low,United Kingdom,RFM 13-15 (high)
15124.0,23,4,450.82,112.705,462,209.3333333333333,628,4,3,2,9,432,2,0.4378113529846349,0,Medium,United Kingdom,RFM 7-9 (mid-low)
15125.0,25,24,16124.33,671.8470833333333,8135,25.782608695652176,593,4,5,5,14,455,0,0.0238804206970647,0,Low,United Kingdom,RFM 13-15 (high)
15126.0,537,2,449.49,224.745,273,150.0,150,1,2,2,5,122,1,0.7710205979523888,1,High,United Kingdom,RFM 3-6 (low)
15127.0,66,2,711.5,355.75,464,454.0,454,3,2,3,8,323,2,0.5628068448768319,1,Medium,United Kingdom,RFM 7-9 (mid-low)
15128.0,60,5,1732.22,346.444,1566,92.25,369,3,4,4,11,344,2,0.1835343289761376,0,Low,United Kingdom,RFM 10-12 (mid-high)
15129.0,50,23,6860.18,298.2686956521739,4002,25.40909090909091,559,4,5,5,14,455,0,0.0348136500592856,0,Low,United Kingdom,RFM 13-15 (high)
15130.0,170,1,330.11,330.11,197,,0,3,1,2,6,312,1,0.695549364839301,1,Medium,United Kingdom,RFM 3-6 (low)
15131.0,395,1,80.28,80.28,88,,0,2,1,1,4,211,1,0.8857015222860266,1,High,United Kingdom,RFM 3-6 (low)
15132.0,18,5,977.93,195.586,679,61.0,244,5,4,3,12,543,2,0.25838993321728,0,Low,United Kingdom,RFM 10-12 (mid-high)
15133.0,128,5,1806.9,361.38,960,98.0,392,3,4,4,11,344,2,0.2309064261239021,0,Low,United Kingdom,RFM 10-12 (mid-high)
15134.0,15,10,1596.29,159.629,1057,45.22222222222222,407,5,5,4,14,554,0,0.140608452968237,0,Low,United Kingdom,RFM 13-15 (high)
15135.0,239,2,293.78,146.89,82,317.0,317,2,2,2,6,222,1,0.6028982714279131,1,Medium,United Kingdom,RFM 3-6 (low)
15136.0,3,4,1282.45,320.6125,775,31.0,93,5,3,4,12,534,2,0.2057471693607454,0,Low,United Kingdom,RFM 10-12 (mid-high)
15137.0,521,2,747.55,373.775,507,159.0,159,1,2,3,6,123,1,0.6805201864552408,1,Medium,United Kingdom,RFM 3-6 (low)
15138.0,394,1,486.59,486.59,278,,0,2,1,2,5,212,1,0.7369913591344157,1,High,United Kingdom,RFM 3-6 (low)
15139.0,240,2,178.96,89.48,208,96.0,96,2,2,1,5,221,1,0.674967337479062,1,Medium,United Kingdom,RFM 3-6 (low)
15140.0,52,8,3239.44,404.93,2005,55.71428571428572,390,4,4,5,13,445,0,0.0938456804897347,0,Low,United Kingdom,RFM 13-15 (high)
15141.0,458,7,1378.31,196.90142857142857,1184,27.166666666666668,163,1,4,4,9,144,1,0.698547727611448,1,Medium,United Kingdom,RFM 7-9 (mid-low)
15142.0,46,6,2608.97,434.8283333333333,2154,90.8,454,4,4,4,12,444,2,0.1461883063986034,0,Low,United Kingdom,RFM 10-12 (mid-high)
15143.0,226,2,563.63,281.815,320,206.0,206,2,2,2,6,222,1,0.5561248466619169,1,Medium,United Kingdom,RFM 3-6 (low)
15144.0,8,29,12006.51,414.01758620689657,5205,25.642857142857142,718,5,5,5,15,555,0,0.0202998800352963,0,Low,United Kingdom,RFM 13-15 (high)
15145.0,4,4,1194.73,298.6825,756,81.33333333333333,244,5,3,4,12,534,2,0.2809266638667969,0,Low,United Kingdom,RFM 10-12 (mid-high)
15146.0,165,2,1313.66,656.83,1459,126.0,126,3,2,4,9,324,1,0.4420932009474008,0,Medium,United Kingdom,RFM 7-9 (mid-low)
15147.0,240,1,608.65,608.65,363,,0,2,1,3,6,213,1,0.6711558690666337,1,Medium,United Kingdom,RFM 3-6 (low)
15148.0,11,1,301.29,301.29,187,,0,5,1,2,8,512,2,0.412866202078667,0,Medium,United Kingdom,RFM 7-9 (mid-low)
15149.0,134,5,1554.61,310.922,380,128.75,515,3,4,4,11,344,2,0.3865071670950336,0,Low,United Kingdom,RFM 10-12 (mid-high)
15150.0,17,13,8967.44,689.803076923077,6142,43.833333333333336,526,5,5,5,15,555,0,0.0354360700302375,0,Low,United Kingdom,RFM 13-15 (high)
15151.0,423,2,2085.61,1042.805,795,86.0,86,1,2,4,7,124,1,0.6963370819360947,1,Medium,United Kingdom,RFM 7-9 (mid-low)
15152.0,10,14,5197.97,371.28357142857146,2983,53.15384615384615,691,5,5,5,15,555,0,0.0344168975339003,0,Low,United Kingdom,RFM 13-15 (high)
15153.0,31,1,329.25,329.25,198,,0,4,1,2,7,412,2,0.4206498881613217,0,Medium,United Kingdom,RFM 7-9 (mid-low)
15154.0,75,3,1314.17,438.0566666666667,329,201.0,402,3,3,4,10,334,2,0.5747768973872449,1,Medium,United Kingdom,RFM 10-12 (mid-high)
15155.0,383,1,383.97,383.97,192,,0,2,1,2,5,212,1,0.7939243035866261,1,High,United Kingdom,RFM 3-6 (low)
15156.0,1,3,961.49,320.49666666666667,597,16.0,32,5,3,3,11,533,2,0.2791832308593744,0,Low,United Kingdom,RFM 10-12 (mid-high)
15157.0,4,5,2587.54,517.508,3316,181.25,725,5,4,4,13,544,2,0.1456041717232614,0,Low,United Kingdom,RFM 13-15 (high)
15158.0,45,2,437.66,218.83,210,356.0,356,4,2,2,8,422,2,0.588484461777972,1,Medium,United Kingdom,RFM 7-9 (mid-low)
15159.0,2,34,22049.4,648.5117647058823,13465,13.030303030303031,430,5,5,5,15,555,3,0.0414569637359517,0,Low,United Kingdom,RFM 13-15 (high)
15160.0,357,4,589.27,147.3175,307,21.0,63,2,3,2,7,232,1,0.7271192513370883,1,High,United Kingdom,RFM 7-9 (mid-low)
15161.0,388,1,119.92,119.92,144,,0,2,1,1,4,211,1,0.8743389231983965,1,High,United Kingdom,RFM 3-6 (low)
15162.0,731,1,241.5,241.5,66,,0,1,1,1,3,111,1,0.8683081570839032,1,High,United Kingdom,RFM 3-6 (low)
15163.0,18,2,304.47,152.235,186,173.0,173,5,2,2,9,522,2,0.5277843298736206,1,Medium,United Kingdom,RFM 7-9 (mid-low)
15164.0,69,9,2011.21,223.46777777777777,910,77.625,621,3,5,4,12,354,0,0.173353678418263,0,Low,United Kingdom,RFM 10-12 (mid-high)
15165.0,373,1,487.75,487.75,160,,0,2,1,2,5,212,1,0.7252094923400931,1,High,United Kingdom,RFM 3-6 (low)
15166.0,468,1,167.16,167.16,140,,0,1,1,1,3,111,1,0.8929134956938973,1,High,United Kingdom,RFM 3-6 (low)
15167.0,321,5,1627.62,325.524,863,88.0,352,2,4,4,10,244,1,0.5726446833576726,1,Medium,United Kingdom,RFM 10-12 (mid-high)
15168.0,26,1,106.56,106.56,52,,0,4,1,1,6,411,2,0.6778630452310154,1,Medium,United Kingdom,RFM 3-6 (low)
15169.0,382,2,569.22,284.61,356,344.0,344,2,2,2,6,222,1,0.6385754199255366,1,Medium,United Kingdom,RFM 3-6 (low)
15170.0,407,1,81.15,81.15,33,,0,2,1,1,4,211,1,0.8918807905090733,1,High,United Kingdom,RFM 3-6 (low)
15171.0,331,1,1034.5,1034.5,190,,0,2,1,3,6,213,1,0.7574309130880991,1,High,United Kingdom,RFM 3-6 (low)
15172.0,9,5,1624.05,324.81,1611,56.75,227,5,4,4,13,544,2,0.1726390915655753,0,Low,United Kingdom,RFM 13-15 (high)
15173.0,381,7,1399.26,199.8942857142857,828,39.333333333333336,236,2,4,4,10,244,1,0.6152249520178791,1,Medium,United Kingdom,RFM 10-12 (mid-high)
15174.0,323,2,481.46,240.73,382,87.0,87,2,2,2,6,222,1,0.6887561197400278,1,Medium,United Kingdom,RFM 3-6 (low)
15175.0,72,1,224.14,224.14,454,,0,3,1,1,5,311,1,0.5569166610042096,1,Medium,United Kingdom,RFM 3-6 (low)
15176.0,668,1,985.09,985.09,447,,0,1,1,3,5,113,1,0.7878528746242243,1,High,United Kingdom,RFM 3-6 (low)
15177.0,426,1,948.93,948.93,485,,0,1,1,3,5,113,1,0.7738161369842416,1,High,United Kingdom,RFM 3-6 (low)
15178.0,260,1,40.5,40.5,30,,0,2,1,1,4,211,1,0.873692701837873,1,High,United Kingdom,RFM 3-6 (low)
15179.0,18,13,7426.82,571.2938461538462,5363,59.833333333333336,718,5,5,5,15,555,0,0.0394099421245482,0,Low,United Kingdom,RFM 13-15 (high)
15180.0,367,3,816.9300000000001,272.31,654,110.5,221,2,3,3,8,233,1,0.6468738483905686,1,Medium,United Kingdom,RFM 7-9 (mid-low)
15181.0,66,5,953.4,190.68,638,166.0,664,3,4,3,10,343,2,0.4024381485250427,0,Medium,United Kingdom,RFM 10-12 (mid-high)
15182.0,154,11,2942.752,267.5229090909091,1174,50.2,502,3,5,5,13,355,0,0.1897488923035562,0,Low,United Kingdom,RFM 13-15 (high)
15183.0,548,3,637.03,212.34333333333333,295,18.0,36,1,3,3,7,133,1,0.7175299614426937,1,High,United Kingdom,RFM 7-9 (mid-low)
15184.0,29,4,685.39,171.3475,462,231.3333333333333,694,4,3,3,10,433,2,0.4629868726804302,0,Medium,United Kingdom,RFM 10-12 (mid-high)
15185.0,70,1,310.62,310.62,666,,0,3,1,2,6,312,1,0.4832048176239247,0,Medium,United Kingdom,RFM 3-6 (low)
15186.0,14,5,1403.2,280.64,716,170.5,682,5,4,4,13,544,2,0.3076037438925148,0,Low,United Kingdom,RFM 13-15 (high)
15187.0,2,16,4670.08,291.88,1869,14.0,210,5,5,5,15,555,0,0.0755353112355283,0,Low,United Kingdom,RFM 13-15 (high)
15188.0,725,1,310.43,310.43,233,,0,1,1,2,4,112,1,0.819439339403042,1,High,United Kingdom,RFM 3-6 (low)
15189.0,1,46,17101.13,371.7636956521739,6788,11.266666666666667,507,5,5,5,15,555,3,0.0259710580325325,0,Low,United Kingdom,RFM 13-15 (high)
15190.0,434,1,834.4399999999999,834.4399999999999,790,,0,1,1,3,5,113,1,0.7532660971018846,1,High,United Kingdom,RFM 3-6 (low)
15191.0,463,3,588.05,196.01666666666665,287,112.5,225,1,3,2,6,132,1,0.6690931732865892,1,Medium,United Kingdom,RFM 3-6 (low)
15192.0,120,5,1666.39,333.278,1448,140.0,560,3,4,4,11,344,2,0.2889768207747302,0,Low,United Kingdom,RFM 10-12 (mid-high)
15193.0,61,1,499.32,499.32,144,,0,3,1,2,6,312,2,0.5517203587017112,1,Medium,United Kingdom,RFM 3-6 (low)
15194.0,3,28,11781.52,420.7685714285714,8833,27.14814814814815,733,5,5,5,15,555,0,0.0202375628389094,0,Low,United Kingdom,RFM 13-15 (high)
15195.0,3,1,3861.0,3861.0,1404,,0,5,1,5,11,515,2,0.4755844261727027,0,Medium,United Kingdom,RFM 10-12 (mid-high)
15196.0,433,2,313.7,156.85,130,293.0,293,1,2,2,5,122,1,0.7612458442028236,1,High,United Kingdom,RFM 3-6 (low)
15197.0,11,6,1427.84,237.97333333333333,1037,143.4,717,5,4,4,13,544,2,0.2353418188021103,0,Low,United Kingdom,RFM 13-15 (high)
15198.0,92,5,559.45,111.89,325,149.25,597,3,4,2,9,342,2,0.4153663427156228,0,Medium,United Kingdom,RFM 7-9 (mid-low)
15199.0,59,10,3122.4,312.24,894,57.333333333333336,516,3,5,5,13,355,0,0.1120467900766238,0,Low,United Kingdom,RFM 13-15 (high)
15200.0,495,1,549.05,549.05,195,,0,1,1,2,4,112,1,0.7788087203580405,1,High,United Kingdom,RFM 3-6 (low)
15201.0,87,7,1525.9,217.9857142857143,1409,87.33333333333333,524,3,4,4,11,344,2,0.1966074726196784,0,Low,United Kingdom,RFM 10-12 (mid-high)
15202.0,420,3,-2570.1800000000003,-856.7266666666668,-2,0.0,0,1,3,1,5,131,1,0.7903521958419849,1,High,United Kingdom,RFM 3-6 (low)
15203.0,26,15,4400.18,293.3453333333334,4182,50.35714285714285,705,4,5,5,14,455,0,0.0446596934115056,0,Low,United Kingdom,RFM 13-15 (high)
15204.0,357,1,316.58,316.58,258,,0,2,1,2,5,212,1,0.8025355803403963,1,High,United Kingdom,RFM 3-6 (low)
15205.0,85,2,648.8299999999999,324.415,377,42.0,42,3,2,3,8,323,2,0.4231375409157803,0,Medium,United Kingdom,RFM 7-9 (mid-low)
15206.0,10,4,420.3,105.075,162,88.33333333333333,265,5,3,2,10,532,2,0.4468271544403654,0,Medium,United Kingdom,RFM 10-12 (mid-high)
15207.0,416,3,653.77,217.9233333333333,398,65.0,130,1,3,3,7,133,1,0.6720568217135927,1,Medium,United Kingdom,RFM 7-9 (mid-low)
15208.0,1,6,968.02,161.33666666666667,354,84.4,422,5,4,3,12,543,2,0.293472404255577,0,Low,United Kingdom,RFM 10-12 (mid-high)
15209.0,730,1,178.98000000000002,178.98000000000002,94,,0,1,1,1,3,111,1,0.8660924057090256,1,High,United Kingdom,RFM 3-6 (low)
15210.0,225,3,1176.19,392.0633333333333,841,175.0,350,2,3,3,8,233,1,0.5216843032689923,1,Medium,United Kingdom,RFM 7-9 (mid-low)
15211.0,60,2,894.4100000000001,447.205,240,304.0,304,3,2,3,8,323,2,0.5559752515890883,1,Medium,United Kingdom,RFM 7-9 (mid-low)
15212.0,241,2,195.43,97.715,81,135.0,135,2,2,1,5,221,1,0.6722686183116612,1,Medium,United Kingdom,RFM 3-6 (low)
15213.0,319,2,325.05,162.525,270,11.0,11,2,2,2,6,222,1,0.6811077232291212,1,Medium,United Kingdom,RFM 3-6 (low)
15214.0,2,8,1661.44,207.68,1254,34.42857142857143,241,5,4,4,13,544,0,0.1086488376654693,0,Low,United Kingdom,RFM 13-15 (high)
15215.0,47,7,1496.46,213.78,470,94.33333333333331,566,4,4,4,12,444,2,0.3457073191814115,0,Low,United Kingdom,RFM 10-12 (mid-high)
15216.0,88,2,486.09,243.045,217,531.0,531,3,2,2,7,322,2,0.5783906829190208,1,Medium,United Kingdom,RFM 7-9 (mid-low)
15217.0,563,1,426.24,426.24,190,,0,1,1,2,4,112,1,0.7863560100617746,1,High,United Kingdom,RFM 3-6 (low)
15218.0,11,22,11408.26,518.5572727272728,6497,32.0,672,5,5,5,15,555,0,0.0234455831427944,0,Low,United Kingdom,RFM 13-15 (high)
15219.0,176,2,685.45,342.725,271,472.0,472,3,2,3,8,323,1,0.5972354897159771,1,Medium,United Kingdom,RFM 7-9 (mid-low)
15220.0,52,6,1758.92,293.15333333333336,1377,45.8,229,4,4,4,12,444,2,0.1517843024401529,0,Low,United Kingdom,RFM 10-12 (mid-high)
15221.0,366,4,1702.0,425.5,214,90.33333333333331,271,2,3,4,9,234,1,0.6365608782703478,1,Medium,United Kingdom,RFM 7-9 (mid-low)
15222.0,319,11,3415.66,310.51454545454544,4141,40.4,404,2,5,5,12,255,0,0.4823477942259183,0,Medium,United Kingdom,RFM 10-12 (mid-high)
15223.0,226,5,1117.1,223.42,270,127.25,509,2,4,3,9,243,1,0.4879024606029326,0,Medium,United Kingdom,RFM 7-9 (mid-low)
15224.0,358,5,837.26,167.452,423,83.5,334,2,4,3,9,243,1,0.6245621982288364,1,Medium,United Kingdom,RFM 7-9 (mid-low)
15225.0,234,1,409.4,409.4,226,,0,2,1,2,5,212,1,0.7106079801909614,1,High,United Kingdom,RFM 3-6 (low)
15226.0,311,1,154.41,154.41,71,,0,2,1,1,4,211,1,0.9039188618575432,1,High,United Kingdom,RFM 3-6 (low)
15227.0,37,9,2488.49,276.4988888888889,1217,74.625,597,4,5,4,13,454,0,0.0813728839007429,0,Low,United Kingdom,RFM 13-15 (high)
15228.0,66,6,5570.52,928.42,3372,86.6,433,3,4,5,12,345,0,0.1339860789748907,0,Low,United Kingdom,RFM 10-12 (mid-high)
15229.0,586,1,160.5,160.5,114,,0,1,1,1,3,111,1,0.8715628285928267,1,High,United Kingdom,RFM 3-6 (low)
15230.0,239,2,429.6,214.8,351,1.0,1,2,2,2,6,222,1,0.6197028936793165,1,Medium,United Kingdom,RFM 3-6 (low)
15231.0,621,1,228.36,228.36,182,,0,1,1,1,3,111,1,0.843541058931747,1,High,United Kingdom,RFM 3-6 (low)
15232.0,113,2,612.06,306.03,686,27.0,27,3,2,3,8,323,1,0.4308856686482405,0,Medium,United Kingdom,RFM 7-9 (mid-low)
15233.0,401,1,59.400000000000006,59.400000000000006,12,,0,2,1,1,4,211,1,0.8863684021482685,1,High,United Kingdom,RFM 3-6 (low)
15234.0,277,1,197.0,197.0,196,,0,2,1,1,4,211,1,0.7904250036536348,1,High,United Kingdom,RFM 3-6 (low)
15235.0,218,16,2772.76,173.2975,1676,11.333333333333334,170,2,5,4,11,254,0,0.5477203239662927,1,Medium,United Kingdom,RFM 10-12 (mid-high)
15236.0,299,1,321.05,321.05,269,,0,2,1,2,5,212,1,0.8031718845622372,1,High,United Kingdom,RFM 3-6 (low)
15237.0,2,4,1412.32,353.08,1071,75.0,225,5,3,4,12,534,2,0.2138012450031027,0,Low,United Kingdom,RFM 10-12 (mid-high)
15238.0,29,3,1056.54,352.18,689,77.0,154,4,3,3,10,433,2,0.2906076107394463,0,Low,United Kingdom,RFM 10-12 (mid-high)
15239.0,10,2,764.34,382.17,591,68.0,68,5,2,3,10,523,2,0.3266887512052429,0,Low,United Kingdom,RFM 10-12 (mid-high)
15240.0,45,12,4320.45,360.0375,3155,62.63636363636363,689,4,5,5,14,455,0,0.0552135479506349,0,Low,United Kingdom,RFM 13-15 (high)
15241.0,67,11,3032.31,275.6645454545455,3325,58.7,587,3,5,5,13,355,0,0.0642727766100967,0,Low,United Kingdom,RFM 13-15 (high)
15242.0,422,1,302.04,302.04,196,,0,1,1,2,4,112,1,0.811714269241685,1,High,United Kingdom,RFM 3-6 (low)
15243.0,74,2,927.28,463.64,543,360.0,360,3,2,3,8,323,2,0.5926099768482781,1,Medium,United Kingdom,RFM 7-9 (mid-low)
15244.0,65,3,850.1800000000001,283.3933333333334,470,300.0,600,3,3,3,9,333,2,0.5177868420396239,1,Medium,United Kingdom,RFM 7-9 (mid-low)
15245.0,134,8,4610.84,576.355,3021,65.85714285714286,461,3,4,5,12,345,0,0.1903293689522181,0,Low,United Kingdom,RFM 10-12 (mid-high)
15246.0,238,3,780.4,260.1333333333333,359,158.5,317,2,3,3,8,233,1,0.539892576180998,1,Medium,United Kingdom,RFM 7-9 (mid-low)
15247.0,122,3,967.11,322.37,513,207.0,414,3,3,3,9,333,1,0.5350199915795144,1,Medium,United Kingdom,RFM 7-9 (mid-low)
15248.0,411,3,1865.03,621.6766666666666,1057,61.0,122,1,3,4,8,134,1,0.6633588638479593,1,Medium,United Kingdom,RFM 7-9 (mid-low)
15249.0,32,18,9147.15,508.175,4947,34.76470588235294,591,4,5,5,14,455,0,0.027972731602937,0,Low,United Kingdom,RFM 13-15 (high)
15250.0,641,1,60.0,60.0,48,,0,1,1,1,3,111,1,0.9050685800748436,1,High,United Kingdom,RFM 3-6 (low)
15251.0,9,21,20095.6,956.9333333333332,11980,33.5,670,5,5,5,15,555,3,0.0241864418564546,0,Low,United Kingdom,RFM 13-15 (high)
15252.0,36,5,2053.06,410.612,1415,143.75,575,4,4,4,12,444,2,0.2042695910240927,0,Low,United Kingdom,RFM 10-12 (mid-high)
15253.0,16,8,2033.29,254.16125,1577,81.42857142857143,570,5,4,4,13,544,0,0.1488311898329126,0,Low,United Kingdom,RFM 13-15 (high)
15254.0,127,3,1073.4,357.8,710,216.5,433,3,3,3,9,333,1,0.4915056130074922,0,Medium,United Kingdom,RFM 7-9 (mid-low)
15255.0,67,9,3647.37,405.2633333333333,2195,83.75,670,3,5,5,13,355,0,0.1129914166896129,0,Low,United Kingdom,RFM 13-15 (high)
15256.0,149,2,170.4,85.2,92,413.0,413,3,2,1,6,321,1,0.6384467641195415,1,Medium,United Kingdom,RFM 3-6 (low)
15257.0,283,2,600.9,300.45,70,130.0,130,2,2,3,7,223,1,0.7255194636437149,1,High,United Kingdom,RFM 7-9 (mid-low)
15258.0,169,2,623.16,311.58,142,48.0,48,3,2,3,8,323,1,0.6125243377424949,1,Medium,United Kingdom,RFM 7-9 (mid-low)
15259.0,513,4,1182.38,295.595,631,56.333333333333336,169,1,3,4,8,134,1,0.6871372899994954,1,Medium,United Kingdom,RFM 7-9 (mid-low)
15260.0,100,25,8677.88,347.1152,4431,26.375,633,3,5,5,13,355,0,0.1243250008312207,0,Low,United Kingdom,RFM 13-15 (high)
15261.0,135,4,1508.0,377.0,806,99.66666666666669,299,3,3,4,10,334,1,0.3935922005504181,0,Low,United Kingdom,RFM 10-12 (mid-high)
15262.0,324,3,418.82,139.60666666666663,218,82.0,164,2,3,2,7,232,1,0.7593003155109413,1,High,United Kingdom,RFM 7-9 (mid-low)
15263.0,107,1,156.51,156.51,89,,0,3,1,1,5,311,1,0.6906993445876058,1,Medium,United Kingdom,RFM 3-6 (low)
15264.0,64,2,844.2,422.1,441,466.0,466,3,2,3,8,323,2,0.5974303154869071,1,Medium,United Kingdom,RFM 7-9 (mid-low)
15265.0,151,4,3345.64,836.41,1570,195.3333333333333,586,3,3,5,11,335,1,0.3542454375843629,0,Low,United Kingdom,RFM 10-12 (mid-high)
15266.0,338,5,852.21,170.442,236,90.75,363,2,4,3,9,243,1,0.689546761688964,1,Medium,United Kingdom,RFM 7-9 (mid-low)
15267.0,22,5,1717.36,343.472,944,40.0,160,4,4,4,12,444,2,0.1677710868267356,0,Low,United Kingdom,RFM 10-12 (mid-high)
15268.0,479,3,941.25,313.75000000000006,422,63.0,126,1,3,3,7,133,1,0.679861546151538,1,Medium,United Kingdom,RFM 7-9 (mid-low)
15269.0,24,3,1225.36,408.4533333333334,372,183.0,366,4,3,4,11,434,2,0.5176655827258901,1,Medium,United Kingdom,RFM 10-12 (mid-high)
15270.0,16,21,7241.19,344.81857142857143,3648,35.3,706,5,5,5,15,555,0,0.0220465779825025,0,Low,United Kingdom,RFM 13-15 (high)
15271.0,7,24,4458.29,185.7620833333333,2376,21.0,483,5,5,5,15,555,0,0.0375345950135025,0,Low,United Kingdom,RFM 13-15 (high)
15272.0,57,6,2030.95,338.4916666666667,665,121.0,605,4,4,4,12,444,2,0.2669996223633547,0,Low,United Kingdom,RFM 10-12 (mid-high)
15273.0,600,1,228.96,228.96,216,,0,1,1,1,3,111,1,0.8452644568735022,1,High,United Kingdom,RFM 3-6 (low)
15274.0,4,2,716.57,358.285,619,14.0,14,5,2,3,10,523,2,0.2958291880187405,0,Low,United Kingdom,RFM 10-12 (mid-high)
15275.0,38,1,609.19,609.19,497,,0,4,1,3,8,413,2,0.3983009584186642,0,Low,United Kingdom,RFM 7-9 (mid-low)
15276.0,66,4,601.3,150.325,313,122.66666666666669,368,3,3,3,9,333,2,0.4204536078449949,0,Medium,United Kingdom,RFM 7-9 (mid-low)
15277.0,47,2,476.34,238.17,373,378.0,378,4,2,2,8,422,2,0.5732596605280973,1,Medium,United Kingdom,RFM 7-9 (mid-low)
15278.0,562,4,496.16,124.04,458,34.333333333333336,103,1,3,2,6,132,1,0.7086704545903127,1,High,United Kingdom,RFM 3-6 (low)
15279.0,355,5,1554.84,310.968,738,80.25,321,2,4,4,10,244,1,0.5591598466740907,1,Medium,United Kingdom,RFM 10-12 (mid-high)
15280.0,172,3,397.52,132.50666666666666,507,199.5,399,3,3,2,8,332,1,0.5281183707535047,1,Medium,United Kingdom,RFM 7-9 (mid-low)
15281.0,59,16,8317.62,519.85125,5181,24.53333333333333,368,3,5,5,13,355,0,0.0774054241964453,0,Low,United Kingdom,RFM 13-15 (high)
15282.0,570,1,348.59,348.59,395,,0,1,1,2,4,112,1,0.8359068109389629,1,High,United Kingdom,RFM 3-6 (low)
15283.0,390,3,135.43,45.14333333333334,25,63.5,127,2,3,1,6,231,1,0.8154649373726373,1,High,United Kingdom,RFM 3-6 (low)
15284.0,500,1,24.75,24.75,5,,0,1,1,1,3,111,1,0.8593943913612284,1,High,United Kingdom,RFM 3-6 (low)
15285.0,408,1,94.92,94.92,120,,0,2,1,1,4,211,1,0.8667428934542001,1,High,United Kingdom,RFM 3-6 (low)
15286.0,50,1,240.55,240.55,55,,0,4,1,1,6,411,2,0.6032913150931516,1,Medium,United Kingdom,RFM 3-6 (low)
15287.0,22,5,854.58,170.916,1009,178.75,715,4,4,3,11,443,2,0.3678765545583523,0,Low,United Kingdom,RFM 10-12 (mid-high)
15288.0,43,10,3715.38,371.538,1336,69.11111111111111,622,4,5,5,14,455,0,0.0751293101001958,0,Low,United Kingdom,RFM 13-15 (high)
15289.0,29,5,1570.71,314.142,1609,148.0,592,4,4,4,12,444,2,0.2505506335074707,0,Low,United Kingdom,RFM 10-12 (mid-high)
15290.0,5,26,10355.58,398.2915384615384,6496,25.96,649,5,5,5,15,555,0,0.019407274920768,0,Low,United Kingdom,RFM 13-15 (high)
15291.0,26,40,13122.44,328.06100000000004,4556,18.205128205128204,710,4,5,5,14,455,0,0.0225464958413132,0,Low,United Kingdom,RFM 13-15 (high)
15292.0,201,1,178.39,178.39,55,,0,2,1,1,4,211,1,0.8079063269147113,1,High,United Kingdom,RFM 3-6 (low)
15293.0,666,1,247.5,247.5,178,,0,1,1,1,3,111,1,0.8417870785016972,1,High,United Kingdom,RFM 3-6 (low)
15294.0,411,1,222.3,222.3,95,,0,1,1,1,3,111,1,0.8464412140242807,1,High,United Kingdom,RFM 3-6 (low)
15295.0,654,1,207.04,207.04,139,,0,1,1,1,3,111,1,0.8489131335528063,1,High,United Kingdom,RFM 3-6 (low)
15296.0,51,12,10204.13,850.3441666666666,5426,57.81818181818182,636,4,5,5,14,455,0,0.0584615588652046,0,Low,United Kingdom,RFM 13-15 (high)
15297.0,10,3,635.04,211.68,290,26.5,53,5,3,3,11,533,2,0.3492737493790376,0,Low,United Kingdom,RFM 10-12 (mid-high)
15298.0,2,23,7958.43,346.0186956521739,5608,33.13636363636363,729,5,5,5,15,555,0,0.0191986220932379,0,Low,United Kingdom,RFM 13-15 (high)
15299.0,67,10,5408.61,540.861,3346,69.88888888888889,629,3,5,5,13,355,0,0.0801976337640332,0,Low,United Kingdom,RFM 13-15 (high)
15300.0,64,1,496.44,496.44,292,,0,3,1,2,6,312,2,0.5677090743760957,1,Medium,United Kingdom,RFM 3-6 (low)
15301.0,51,17,6867.4400000000005,403.96705882352944,3756,24.9375,399,4,5,5,14,455,0,0.0594665697664306,0,Low,United Kingdom,RFM 13-15 (high)
15302.0,730,1,291.05,291.05,101,,0,1,1,2,4,112,1,0.8199576102737471,1,High,United Kingdom,RFM 3-6 (low)
15303.0,290,3,1178.78,392.9266666666667,510,196.5,393,2,3,3,8,233,1,0.6629139576798867,1,Medium,United Kingdom,RFM 7-9 (mid-low)
15304.0,61,9,782.3,86.92222222222222,108,45.0,360,3,5,3,11,353,2,0.4008614438810606,0,Medium,United Kingdom,RFM 10-12 (mid-high)
15305.0,555,1,93.6,93.6,40,,0,1,1,1,3,111,1,0.8991480657582267,1,High,United Kingdom,RFM 3-6 (low)
15306.0,64,9,3480.98,386.7755555555556,3073,74.25,594,3,5,5,13,355,0,0.0737916139776312,0,Low,United Kingdom,RFM 13-15 (high)
15307.0,96,1,205.3,205.3,37,,0,3,1,1,5,311,1,0.681637666318724,1,Medium,United Kingdom,RFM 3-6 (low)
15308.0,274,1,302.27,302.27,173,,0,2,1,2,5,212,1,0.763620314342679,1,High,United Kingdom,RFM 3-6 (low)
15309.0,611,4,715.53,178.8825,417,41.333333333333336,124,1,3,3,7,133,1,0.6856736669830067,1,Medium,United Kingdom,RFM 7-9 (mid-low)
15310.0,479,1,1634.64,1634.64,1476,,0,1,1,4,6,114,1,0.7956050643208067,1,High,United Kingdom,RFM 3-6 (low)
15311.0,1,208,111739.36,537.2084615384615,68882,3.565217391304348,738,5,5,5,15,555,3,0.0258011146405806,0,Low,United Kingdom,RFM 13-15 (high)
15312.0,75,12,2916.49,243.04083333333327,1689,58.90909090909091,648,3,5,5,13,355,0,0.0676502914623547,0,Low,United Kingdom,RFM 13-15 (high)
15313.0,110,1,52.0,52.0,25,,0,3,1,1,5,311,1,0.7599364554251042,1,High,United Kingdom,RFM 3-6 (low)
15314.0,199,3,800.65,266.8833333333333,738,114.0,228,2,3,3,8,233,1,0.4906264229463624,0,Medium,United Kingdom,RFM 7-9 (mid-low)
15315.0,64,2,551.54,275.77,838,51.0,51,3,2,2,7,322,2,0.4051312213367266,0,Medium,United Kingdom,RFM 7-9 (mid-low)
15316.0,327,1,165.0,165.0,100,,0,2,1,1,4,211,1,0.8658602889703522,1,High,United Kingdom,RFM 3-6 (low)
15317.0,677,1,112.05,112.05,39,,0,1,1,1,3,111,1,0.9011187930365636,1,High,United Kingdom,RFM 3-6 (low)
15318.0,4,1,312.62,312.62,642,,0,5,1,2,8,512,2,0.3718113873677564,0,Low,United Kingdom,RFM 7-9 (mid-low)
15319.0,284,1,204.5,204.5,175,,0,2,1,1,4,211,1,0.8230353221866524,1,High,United Kingdom,RFM 3-6 (low)
15320.0,44,1,267.13,267.13,326,,0,4,1,1,6,411,2,0.4698807946848902,0,Medium,United Kingdom,RFM 3-6 (low)
15321.0,71,12,6573.400000000001,547.7833333333334,3615,54.81818181818182,603,3,5,5,13,355,0,0.0559576007949312,0,Low,United Kingdom,RFM 13-15 (high)
15322.0,86,2,1314.15,657.075,920,390.0,390,3,2,4,9,324,2,0.5736547299865671,1,Medium,United Kingdom,RFM 7-9 (mid-low)
15323.0,563,3,320.9,106.96666666666664,139,49.5,99,1,3,2,6,132,1,0.8068240629637974,1,High,United Kingdom,RFM 3-6 (low)
15324.0,701,1,140.22000000000003,140.22000000000003,74,,0,1,1,1,3,111,1,0.8901917537171022,1,High,United Kingdom,RFM 3-6 (low)
15325.0,104,8,1596.26,199.5325,1374,79.57142857142857,557,3,4,4,11,344,2,0.1944887559173197,0,Low,United Kingdom,RFM 10-12 (mid-high)
15326.0,334,5,1529.82,305.964,1320,101.0,404,2,4,4,10,244,1,0.4803348822394381,0,Medium,United Kingdom,RFM 10-12 (mid-high)
15327.0,53,1,208.75,208.75,116,,0,4,1,1,6,411,2,0.5385639697379968,1,Medium,United Kingdom,RFM 3-6 (low)
15328.0,408,1,107.24,107.24,88,,0,2,1,1,4,211,1,0.8864679064681839,1,High,United Kingdom,RFM 3-6 (low)
15329.0,39,11,2735.18,248.65272727272725,1159,68.6,686,4,5,4,13,454,0,0.0868042501054009,0,Low,United Kingdom,RFM 13-15 (high)
15330.0,32,2,714.96,357.48,1312,28.0,28,4,2,3,9,423,2,0.3169963982718617,0,Low,United Kingdom,RFM 7-9 (mid-low)
15331.0,500,3,755.41,251.8033333333333,697,54.5,109,1,3,3,7,133,1,0.6911001894666303,1,Medium,United Kingdom,RFM 7-9 (mid-low)
15332.0,366,6,4892.68,815.4466666666667,2306,29.4,147,2,4,5,11,245,1,0.6510948849435814,1,Medium,Lithuania,RFM 10-12 (mid-high)
15333.0,208,1,1028.56,1028.56,344,,0,2,1,3,6,213,1,0.7336880380724287,1,High,United Kingdom,RFM 3-6 (low)
15334.0,157,3,350.82,116.94,273,8.0,16,3,3,2,8,332,1,0.6117878861248625,1,Medium,United Kingdom,RFM 7-9 (mid-low)
15335.0,54,1,170.22,170.22,79,,0,4,1,1,6,411,2,0.6772379034539283,1,Medium,United Kingdom,RFM 3-6 (low)
15336.0,402,1,240.5,240.5,84,,0,2,1,1,4,211,1,0.8574334428153388,1,High,United Kingdom,RFM 3-6 (low)
15337.0,411,1,344.72,344.72,192,,0,1,1,2,4,112,1,0.8293884256485995,1,High,United Kingdom,RFM 3-6 (low)
15338.0,677,1,277.93,277.93,148,,0,1,1,2,4,112,1,0.8086488146541005,1,High,United Kingdom,RFM 3-6 (low)
15339.0,66,7,1627.27,232.46714285714285,1095,100.33333333333331,602,3,4,4,11,344,2,0.2129453560786407,0,Low,United Kingdom,RFM 10-12 (mid-high)
15340.0,562,1,105.5,105.5,76,,0,1,1,1,3,111,1,0.9073828422418864,1,High,United Kingdom,RFM 3-6 (low)
15341.0,81,2,2401.02,1200.51,1006,368.0,368,3,2,4,9,324,2,0.4952911643902889,0,Medium,United Kingdom,RFM 7-9 (mid-low)
15342.0,130,1,391.76,391.76,276,,0,3,1,2,6,312,1,0.6734039117301147,1,Medium,United Kingdom,RFM 3-6 (low)
15343.0,87,1,364.5,364.5,84,,0,3,1,2,6,312,1,0.6559093498573333,1,Medium,United Kingdom,RFM 3-6 (low)
15344.0,1,3,476.58,158.86,106,36.5,73,5,3,2,10,532,2,0.3865590434365561,0,Low,United Kingdom,RFM 10-12 (mid-high)
15345.0,46,1,367.69,367.69,78,,0,4,1,2,7,412,2,0.5691421738492589,1,Medium,United Kingdom,RFM 7-9 (mid-low)
15346.0,333,3,591.65,197.21666666666667,257,49.0,98,2,3,3,8,233,1,0.7599842705988635,1,High,United Kingdom,RFM 7-9 (mid-low)
15347.0,366,4,1132.3,283.075,536,23.666666666666668,71,2,3,3,8,233,1,0.672872338217888,1,Medium,United Kingdom,RFM 7-9 (mid-low)
15348.0,72,1,158.04,158.04,84,,0,3,1,1,5,311,1,0.6844876224815419,1,Medium,United Kingdom,RFM 3-6 (low)
15349.0,158,2,463.91,231.955,321,29.0,29,3,2,2,7,322,1,0.5595046280461478,1,Medium,United Kingdom,RFM 7-9 (mid-low)
15350.0,373,2,547.6,273.8,272,9.0,9,2,2,2,6,222,1,0.6759208915178492,1,Medium,United Kingdom,RFM 3-6 (low)
15351.0,12,10,3320.5,332.05,1324,46.66666666666666,420,5,5,5,15,555,0,0.0746516583682402,0,Low,United Kingdom,RFM 13-15 (high)
15352.0,549,1,111.15,111.15,40,,0,1,1,1,3,111,1,0.9045518797497998,1,High,United Kingdom,RFM 3-6 (low)
15353.0,255,7,2772.57,396.0814285714286,1389,80.5,483,2,4,4,10,244,1,0.3092556731443406,0,Low,United Kingdom,RFM 10-12 (mid-high)
15354.0,603,3,-94.8,-31.6,-1,0.0,0,1,3,1,5,131,1,0.750071629600805,1,High,United Kingdom,RFM 3-6 (low)
15355.0,29,2,277.05,138.525,45,23.0,23,4,2,2,8,422,2,0.4396781188462039,0,Medium,United Kingdom,RFM 7-9 (mid-low)
15356.0,31,13,3239.57,249.1976923076923,1892,32.5,390,4,5,5,14,455,0,0.0615526887798307,0,Low,United Kingdom,RFM 13-15 (high)
15358.0,5,42,16213.65,386.0392857142857,14744,17.73170731707317,727,5,5,5,15,555,3,0.0184176320626058,0,Low,United Kingdom,RFM 13-15 (high)
15359.0,663,8,162.6,20.325,130,4.285714285714286,30,1,4,1,6,141,1,0.8219933517663196,1,High,United Kingdom,RFM 3-6 (low)
15360.0,40,1,427.93,427.93,223,,0,4,1,2,7,412,2,0.4362246185571136,0,Medium,United Kingdom,RFM 7-9 (mid-low)
15361.0,362,4,689.07,172.2675,373,60.333333333333336,181,2,3,3,8,233,1,0.6493510471101028,1,Medium,United Kingdom,RFM 7-9 (mid-low)
15362.0,449,2,613.08,306.54,368,290.0,290,1,2,3,6,123,1,0.6485049145204862,1,Medium,United Kingdom,RFM 3-6 (low)
15363.0,373,2,670.16,335.08,382,120.0,120,2,2,3,7,223,1,0.6708432371481663,1,Medium,United Kingdom,RFM 7-9 (mid-low)
15364.0,96,2,913.19,456.595,493,158.0,158,3,2,3,8,323,1,0.490856633510505,0,Medium,United Kingdom,RFM 7-9 (mid-low)
15365.0,26,13,3573.26,274.86615384615385,1805,53.91666666666666,647,4,5,5,14,455,0,0.0482493247339506,0,Low,United Kingdom,RFM 13-15 (high)
15366.0,75,7,2389.08,341.29714285714283,2447,96.0,576,3,4,4,11,344,2,0.1280256390255277,0,Low,United Kingdom,RFM 10-12 (mid-high)
15367.0,57,11,5005.7300000000005,455.0663636363637,2936,67.1,671,4,5,5,14,455,0,0.077959847301774,0,Low,United Kingdom,RFM 13-15 (high)
15368.0,21,2,722.74,361.37,406,372.0,372,4,2,3,9,423,2,0.5433481519017687,1,Medium,United Kingdom,RFM 7-9 (mid-low)
15369.0,492,11,1713.39,155.7627272727273,1755,23.9,239,1,5,4,10,154,1,0.6713343121587885,1,Medium,United Kingdom,RFM 10-12 (mid-high)
15370.0,41,8,3713.51,464.18875,1395,52.71428571428572,369,4,4,5,13,445,0,0.1095915486942575,0,Low,United Kingdom,RFM 13-15 (high)
15371.0,662,1,59.400000000000006,59.400000000000006,12,,0,1,1,1,3,111,1,0.8879007798066564,1,High,United Kingdom,RFM 3-6 (low)
15372.0,137,8,5954.42,744.3025,6336,75.14285714285714,526,3,4,5,12,345,0,0.174158442817395,0,Low,United Kingdom,RFM 10-12 (mid-high)
15373.0,8,17,2881.74,169.51411764705884,702,36.125,578,5,5,5,15,555,0,0.1116280930877176,0,Low,United Kingdom,RFM 13-15 (high)
15374.0,129,2,307.32,153.66,290,495.0,495,3,2,2,7,322,1,0.6000301067769861,1,Medium,United Kingdom,RFM 7-9 (mid-low)
15375.0,690,1,60.96,60.96,84,,0,1,1,1,3,111,1,0.9044279863594455,1,High,United Kingdom,RFM 3-6 (low)
15376.0,40,3,1221.56,407.18666666666667,615,91.0,182,4,3,4,11,434,2,0.3891895454953203,0,Low,United Kingdom,RFM 10-12 (mid-high)
15377.0,383,4,1179.95,294.9875,249,10.666666666666666,32,2,3,3,8,233,1,0.7226534073438085,1,High,United Kingdom,RFM 7-9 (mid-low)
15378.0,463,2,246.5,123.25,130,39.0,39,1,2,1,4,121,1,0.8380467042177057,1,High,United Kingdom,RFM 3-6 (low)
15379.0,169,8,4806.4400000000005,600.8050000000001,2988,33.0,231,3,4,5,12,345,0,0.2715866707675811,0,Low,United Kingdom,RFM 10-12 (mid-high)
15380.0,9,11,3192.1000000000004,290.19090909090914,936,72.9,729,5,5,5,15,555,0,0.1078768515488385,0,Low,United Kingdom,RFM 13-15 (high)
15381.0,214,5,1887.62,377.524,801,92.25,369,2,4,4,10,244,1,0.4080559672797531,0,Medium,United Kingdom,RFM 10-12 (mid-high)
15382.0,15,12,13646.5,1137.2083333333333,9130,65.45454545454545,720,5,5,5,15,555,0,0.0634188237208805,0,Low,United Kingdom,RFM 13-15 (high)
15384.0,170,4,2021.14,505.285,1764,140.66666666666666,422,3,3,4,10,334,1,0.3939121805059761,0,Low,United Kingdom,RFM 10-12 (mid-high)
15385.0,40,3,942.08,314.0266666666667,428,318.5,637,4,3,3,10,433,2,0.5210702391183758,1,Medium,United Kingdom,RFM 10-12 (mid-high)
15386.0,186,1,394.14,394.14,446,,0,3,1,2,6,312,1,0.6723906912644608,1,Medium,United Kingdom,RFM 3-6 (low)
15387.0,492,1,468.65,468.65,335,,0,1,1,2,4,112,1,0.7696974364620579,1,High,United Kingdom,RFM 3-6 (low)
15388.0,270,1,140.54,140.54,88,,0,2,1,1,4,211,1,0.8348875031155728,1,High,Canada,RFM 3-6 (low)
15389.0,172,5,2733.8,546.76,3940,127.25,509,3,4,4,11,344,1,0.246077538979467,0,Low,United Kingdom,RFM 10-12 (mid-high)
15390.0,396,2,1216.66,608.33,894,12.0,12,2,2,4,8,224,1,0.6687419141134535,1,Medium,Canada,RFM 7-9 (mid-low)
15391.0,584,1,282.92,282.92,108,,0,1,1,2,4,112,1,0.8154924868894834,1,High,United Kingdom,RFM 3-6 (low)
15392.0,5,7,2891.82,413.1171428571429,2132,71.0,426,5,4,5,14,545,0,0.1025710305637505,0,Low,United Kingdom,RFM 13-15 (high)
15393.0,16,5,891.34,178.268,378,176.75,707,5,4,3,12,543,2,0.4442233784096647,0,Medium,United Kingdom,RFM 10-12 (mid-high)
15394.0,10,11,5251.4,477.4,2368,71.4,714,5,5,5,15,555,0,0.0518660432233724,0,Low,United Kingdom,RFM 13-15 (high)
15395.0,326,1,107.45,107.45,17,,0,2,1,1,4,211,1,0.8987272226470118,1,High,United Kingdom,RFM 3-6 (low)
15396.0,113,2,796.38,398.19,278,471.0,471,3,2,3,8,323,1,0.5931663600828945,1,Medium,United Kingdom,RFM 7-9 (mid-low)
15397.0,290,1,94.0,94.0,20,,0,2,1,1,4,211,1,0.8924991621639122,1,High,United Kingdom,RFM 3-6 (low)
15398.0,16,2,1339.63,669.815,767,62.0,62,5,2,4,11,524,2,0.2762124372958361,0,Low,United Kingdom,RFM 10-12 (mid-high)
15399.0,1,3,815.77,271.92333333333335,611,38.5,77,5,3,3,11,533,2,0.2884566631411668,0,Low,United Kingdom,RFM 10-12 (mid-high)
15400.0,92,8,1252.8,156.6,632,66.85714285714286,468,3,4,4,11,344,2,0.248578134686563,0,Low,United Kingdom,RFM 10-12 (mid-high)
15401.0,452,2,216.95,108.475,93,116.0,116,1,2,1,4,121,1,0.8085057335167629,1,High,United Kingdom,RFM 3-6 (low)
15402.0,149,6,1816.64,302.77333333333337,2032,88.6,443,3,4,4,11,344,2,0.2462450009796837,0,Low,United Kingdom,RFM 10-12 (mid-high)
15403.0,492,2,170.88,85.44,492,238.0,238,1,2,1,4,121,1,0.7140591328649741,1,High,United Kingdom,RFM 3-6 (low)
15404.0,376,1,257.06,257.06,334,,0,2,1,1,4,211,1,0.8206399928653699,1,High,United Kingdom,RFM 3-6 (low)
15405.0,189,2,659.84,329.92,348,386.0,386,2,2,3,7,223,1,0.6002268582517427,1,Medium,United Kingdom,RFM 7-9 (mid-low)
15406.0,31,4,891.77,222.9425,529,140.66666666666666,422,4,3,3,10,433,2,0.3467114494084257,0,Low,United Kingdom,RFM 10-12 (mid-high)
15407.0,34,4,1046.74,261.685,552,90.33333333333331,271,4,3,3,10,433,2,0.3561745539422227,0,Low,United Kingdom,RFM 10-12 (mid-high)
15408.0,264,1,267.18,267.18,106,,0,2,1,1,4,211,1,0.7237587097483261,1,High,United Kingdom,RFM 3-6 (low)
15409.0,721,1,117.2,117.2,54,,0,1,1,1,3,111,1,0.9030887566956904,1,High,United Kingdom,RFM 3-6 (low)
15410.0,84,10,4685.72,468.572,1902,57.22222222222222,515,3,5,5,13,355,0,0.1061894971852441,0,Low,United Kingdom,RFM 13-15 (high)
15411.0,26,4,1336.43,334.1075,527,52.0,156,4,3,4,11,434,2,0.2789691051576203,0,Low,United Kingdom,RFM 10-12 (mid-high)
15412.0,171,1,190.53,190.53,108,,0,3,1,1,5,311,1,0.7077106784070045,1,High,United Kingdom,RFM 3-6 (low)
15413.0,692,5,-2531.38,-506.276,2692,11.75,47,1,4,1,6,141,1,0.737349736944529,1,High,United Kingdom,RFM 3-6 (low)
15414.0,10,3,774.9000000000001,258.3,443,116.0,232,5,3,3,11,533,2,0.3761771490444752,0,Low,United Kingdom,RFM 10-12 (mid-high)
15415.0,313,1,559.61,559.61,551,,0,2,1,2,5,212,1,0.6933062625074288,1,Medium,United Kingdom,RFM 3-6 (low)
15416.0,65,7,4554.65,650.6642857142857,2418,101.83333333333331,611,3,4,5,12,345,0,0.1215841342364644,0,Low,United Kingdom,RFM 10-12 (mid-high)
15417.0,85,1,508.8,508.8,284,,0,3,1,2,6,312,1,0.6121851060998211,1,Medium,United Kingdom,RFM 3-6 (low)
15418.0,425,2,449.42,224.71,264,161.0,161,1,2,2,5,122,1,0.7759556868172933,1,High,United Kingdom,RFM 3-6 (low)
15419.0,25,1,135.86,135.86,230,,0,4,1,1,6,411,2,0.6381176976734173,1,Medium,United Kingdom,RFM 3-6 (low)
15420.0,434,6,743.0,123.83333333333331,844,60.0,300,1,4,3,8,143,1,0.6001050088896007,1,Medium,United Kingdom,RFM 7-9 (mid-low)
15421.0,59,10,3805.34,380.534,1927,74.77777777777777,673,3,5,5,13,355,0,0.0766110631119012,0,Low,United Kingdom,RFM 13-15 (high)
15422.0,323,7,1615.02,230.71714285714285,709,57.833333333333336,347,2,4,4,10,244,1,0.5474171720577297,1,Medium,United Kingdom,RFM 10-12 (mid-high)
15423.0,38,3,219.14,73.04666666666667,193,291.5,583,4,3,1,8,431,2,0.4952235333604124,0,Medium,United Kingdom,RFM 7-9 (mid-low)
15424.0,254,3,597.78,199.26,873,104.0,208,2,3,3,8,233,1,0.5393552920650684,1,Medium,United Kingdom,RFM 7-9 (mid-low)
15425.0,400,4,1941.12,485.28,1041,87.66666666666667,263,2,3,4,9,234,1,0.5857090363776485,1,Medium,United Kingdom,RFM 7-9 (mid-low)
15426.0,19,9,2138.86,237.6511111111112,1030,70.875,567,5,5,4,14,554,0,0.1476594626081059,0,Low,United Kingdom,RFM 13-15 (high)
15427.0,33,3,1430.54,476.8466666666666,967,6.5,13,4,3,4,11,434,2,0.330878301608154,0,Low,United Kingdom,RFM 10-12 (mid-high)
15428.0,15,4,762.75,190.6875,347,235.3333333333333,706,5,3,3,11,533,2,0.4703075462769396,0,Medium,United Kingdom,RFM 10-12 (mid-high)
15429.0,27,2,364.9,182.45,369,48.0,48,4,2,2,8,422,2,0.403891915471804,0,Medium,United Kingdom,RFM 7-9 (mid-low)
15430.0,468,2,903.75,451.875,301,60.0,60,1,2,3,6,123,1,0.7312010599507198,1,High,United Kingdom,RFM 3-6 (low)
15431.0,503,1,153.24,153.24,84,,0,1,1,1,3,111,1,0.9081788360237992,1,High,United Kingdom,RFM 3-6 (low)
15432.0,23,2,301.26,150.63,90,518.0,518,4,2,2,8,422,2,0.5756475236967727,1,Medium,United Kingdom,RFM 7-9 (mid-low)
15433.0,214,2,417.87,208.935,399,53.0,53,2,2,2,6,222,1,0.597020892724788,1,Medium,United Kingdom,RFM 3-6 (low)
15434.0,8,11,2517.11,228.82818181818183,1413,67.5,675,5,5,4,14,554,0,0.0620745192859314,0,Low,United Kingdom,RFM 13-15 (high)
15435.0,22,1,149.29,149.29,54,,0,4,1,1,6,411,2,0.5656945249832838,1,Medium,United Kingdom,RFM 3-6 (low)
15436.0,12,3,1067.75,355.9166666666667,574,110.5,221,5,3,3,11,533,2,0.3741980293182373,0,Low,United Kingdom,RFM 10-12 (mid-high)
15437.0,262,2,393.45,196.725,177,378.0,378,2,2,2,6,222,1,0.6257032967807865,1,Medium,United Kingdom,RFM 3-6 (low)
15438.0,131,1,156.57999999999998,156.57999999999998,59,,0,3,1,1,5,311,1,0.7848281019885188,1,High,United Kingdom,RFM 3-6 (low)
15439.0,405,4,1269.05,317.2625,572,82.66666666666667,248,2,3,4,9,234,1,0.63571447965724,1,Medium,United Kingdom,RFM 7-9 (mid-low)
15440.0,55,3,383.68,127.89333333333332,197,77.0,154,4,3,2,9,432,2,0.4973421976185593,0,Medium,United Kingdom,RFM 7-9 (mid-low)
15441.0,396,3,1254.21,418.07,587,167.0,334,2,3,4,9,234,1,0.6332042537783297,1,Medium,United Kingdom,RFM 7-9 (mid-low)
15442.0,249,1,594.0,594.0,120,,0,2,1,3,6,213,1,0.7275753016310023,1,High,United Kingdom,RFM 3-6 (low)
15443.0,2,14,5054.44,361.0314285714285,2660,49.23076923076923,640,5,5,5,15,555,0,0.0355918232222798,0,Low,United Kingdom,RFM 13-15 (high)
15444.0,9,2,1411.21,705.605,759,31.0,31,5,2,4,11,524,2,0.2926780057220348,0,Low,United Kingdom,RFM 10-12 (mid-high)
15445.0,264,2,284.5,142.25,118,326.0,326,2,2,2,6,222,1,0.6033457864841746,1,Medium,United Kingdom,RFM 3-6 (low)
15446.0,377,3,391.65,130.54999999999998,261,174.5,349,2,3,2,7,232,1,0.7313594932767664,1,High,United Kingdom,RFM 7-9 (mid-low)
15447.0,331,5,484.93,96.986,227,73.5,294,2,4,2,8,242,1,0.7058528347936579,1,High,United Kingdom,RFM 7-9 (mid-low)
15448.0,313,2,788.81,394.405,487,361.0,361,2,2,3,7,223,1,0.6397505672994805,1,Medium,United Kingdom,RFM 7-9 (mid-low)
15449.0,26,3,971.22,323.74,810,117.5,235,4,3,3,10,433,2,0.3515072473827211,0,Low,United Kingdom,RFM 10-12 (mid-high)
15450.0,30,1,429.84,429.84,376,,0,4,1,2,7,412,2,0.3900394011998318,0,Low,United Kingdom,RFM 7-9 (mid-low)
15451.0,434,2,226.86,113.43,76,164.0,164,1,2,1,4,121,1,0.8138356638688462,1,High,United Kingdom,RFM 3-6 (low)
15452.0,30,6,1785.11,297.5183333333334,1087,96.2,481,4,4,4,12,444,2,0.1645849421488538,0,Low,United Kingdom,RFM 10-12 (mid-high)
15453.0,2,7,1371.77,195.96714285714285,837,30.83333333333333,185,5,4,4,13,544,2,0.1552010162339605,0,Low,United Kingdom,RFM 13-15 (high)
15454.0,362,2,305.99,152.995,146,256.0,256,2,2,2,6,222,1,0.7587049131620027,1,High,United Kingdom,RFM 3-6 (low)
15455.0,598,1,38.25,38.25,3,,0,1,1,1,3,111,1,0.8808686266138328,1,High,United Kingdom,RFM 3-6 (low)
15456.0,283,10,2091.52,209.152,2727,49.77777777777778,448,2,5,4,11,254,1,0.4487494634427932,0,Medium,United Kingdom,RFM 10-12 (mid-high)
15457.0,262,1,237.07,237.07,132,,0,2,1,1,4,211,1,0.7535130925574961,1,High,United Kingdom,RFM 3-6 (low)
15458.0,25,2,370.44,185.22,300,376.0,376,4,2,2,8,422,2,0.6011885691093601,1,Medium,United Kingdom,RFM 7-9 (mid-low)
15459.0,417,2,202.83,101.415,121,80.0,80,1,2,1,4,121,1,0.8218381118634493,1,High,United Kingdom,RFM 3-6 (low)
15460.0,354,1,214.26,214.26,107,,0,2,1,1,4,211,1,0.8358174717567308,1,High,United Kingdom,RFM 3-6 (low)
15461.0,461,2,391.3,195.65,226,170.0,170,1,2,2,5,122,1,0.7611473419809185,1,High,United Kingdom,RFM 3-6 (low)
15462.0,94,4,737.05,184.2625,495,117.0,351,3,3,3,9,333,2,0.3979528115447529,0,Low,United Kingdom,RFM 7-9 (mid-low)
15463.0,29,1,126.14,126.14,106,,0,4,1,1,6,411,2,0.689447487554909,1,Medium,United Kingdom,RFM 3-6 (low)
15464.0,338,1,1044.65,1044.65,348,,0,2,1,3,6,213,1,0.7369896956402121,1,High,United Kingdom,RFM 3-6 (low)
15465.0,20,32,11670.9,364.715625,2596,22.90322580645161,710,4,5,5,14,455,0,0.0288419344718037,0,Low,United Kingdom,RFM 13-15 (high)
15466.0,85,4,1560.46,390.115,941,217.0,651,3,3,4,10,334,2,0.3990005567073093,0,Low,United Kingdom,RFM 10-12 (mid-high)
15467.0,9,3,511.88,170.6266666666667,306,71.0,142,5,3,2,10,532,2,0.3647677320268327,0,Low,United Kingdom,RFM 10-12 (mid-high)
15468.0,51,3,1387.48,462.4933333333333,1390,170.5,341,4,3,4,11,434,2,0.4170739699440807,0,Medium,United Kingdom,RFM 10-12 (mid-high)
15469.0,50,3,834.4,278.1333333333333,280,194.0,388,4,3,3,10,433,2,0.5437685389441755,1,Medium,United Kingdom,RFM 10-12 (mid-high)
15470.0,576,1,63.42,63.42,232,,0,1,1,1,3,111,1,0.8691096924573124,1,High,United Kingdom,RFM 3-6 (low)
15471.0,2,3,1292.01,430.67,670,274.0,548,5,3,4,12,534,2,0.436508348899933,0,Medium,United Kingdom,RFM 10-12 (mid-high)
15472.0,113,1,371.56,371.56,251,,0,3,1,2,6,312,1,0.6091670775764231,1,Medium,United Kingdom,RFM 3-6 (low)
15473.0,14,8,1740.0,217.5,656,61.42857142857143,430,5,4,4,13,544,2,0.1652650618196753,0,Low,United Kingdom,RFM 13-15 (high)
15474.0,596,1,150.35,150.35,55,,0,1,1,1,3,111,1,0.8923932767788405,1,High,United Kingdom,RFM 3-6 (low)
15475.0,77,1,454.11,454.11,319,,0,3,1,2,6,312,1,0.5871798575981582,1,Medium,United Kingdom,RFM 3-6 (low)
15476.0,380,4,2180.28,545.07,1168,20.666666666666668,62,2,3,4,9,234,1,0.6938011504978134,1,Medium,United Kingdom,RFM 7-9 (mid-low)
15477.0,650,1,368.4,368.4,216,,0,1,1,2,4,112,1,0.8323681900915425,1,High,United Kingdom,RFM 3-6 (low)
15478.0,40,3,1983.48,661.16,894,267.0,534,4,3,4,11,434,2,0.4245640813299641,0,Medium,United Kingdom,RFM 10-12 (mid-high)
15479.0,733,1,147.4,147.4,38,,0,1,1,1,3,111,1,0.8894825420497099,1,High,United Kingdom,RFM 3-6 (low)
15480.0,116,5,3592.25,718.45,1850,139.75,559,3,4,5,12,345,2,0.2253340814724712,0,Low,Malta,RFM 10-12 (mid-high)
15481.0,401,1,1993.34,1993.34,1450,,0,2,1,4,7,214,1,0.8047936028987008,1,High,Norway,RFM 7-9 (mid-low)
15482.0,16,19,7932.63,417.5068421052632,4493,40.05555555555556,721,5,5,5,15,555,0,0.0263615889824091,0,Low,United Kingdom,RFM 13-15 (high)
15483.0,161,10,817.8199999999999,81.782,905,58.0,522,3,5,3,11,353,2,0.2820984099469377,0,Low,United Kingdom,RFM 10-12 (mid-high)
15484.0,1,6,4620.9,770.15,4058,146.4,732,5,4,5,14,545,0,0.1109419590126407,0,Low,United Kingdom,RFM 13-15 (high)
15485.0,30,7,4663.92,666.2742857142857,2125,117.83333333333331,707,4,4,5,13,445,0,0.112469740911373,0,Low,United Kingdom,RFM 13-15 (high)
15486.0,527,1,102.0,102.0,40,,0,1,1,1,3,111,1,0.90503963925468,1,High,United Kingdom,RFM 3-6 (low)
15487.0,680,1,231.32,231.32,144,,0,1,1,1,3,111,1,0.8453799263272707,1,High,United Kingdom,RFM 3-6 (low)
15488.0,93,5,431.92,86.384,251,122.5,490,3,4,2,9,342,2,0.4135082340124303,0,Medium,United Kingdom,RFM 7-9 (mid-low)
15489.0,23,8,2327.36,290.92,1225,95.71428571428572,670,4,4,4,12,444,0,0.1250915456652648,0,Low,United Kingdom,RFM 10-12 (mid-high)
15490.0,430,1,181.35,181.35,72,,0,1,1,1,3,111,1,0.8882340690693036,1,High,United Kingdom,RFM 3-6 (low)
15491.0,95,6,3090.85,515.1416666666667,1624,28.0,140,3,4,5,12,345,2,0.1861719589824731,0,Low,United Kingdom,RFM 10-12 (mid-high)
15492.0,28,2,659.4599999999999,329.73,483,46.0,46,4,2,3,9,423,2,0.3186661327914926,0,Low,United Kingdom,RFM 7-9 (mid-low)
15493.0,33,9,4087.13,454.1255555555556,1201,77.75,622,4,5,5,14,455,0,0.09039018681482,0,Low,United Kingdom,RFM 13-15 (high)
15494.0,21,5,3693.5,738.7,3051,176.75,707,4,4,5,13,445,2,0.1480216888603936,0,Low,United Kingdom,RFM 13-15 (high)
15495.0,379,1,246.5,246.5,194,,0,2,1,1,4,211,1,0.8349238889364868,1,High,United Kingdom,RFM 3-6 (low)
15496.0,631,1,146.14,146.14,98,,0,1,1,1,3,111,1,0.8640998927862183,1,High,United Kingdom,RFM 3-6 (low)
15497.0,18,9,8643.46,960.3844444444444,2932,87.875,703,5,5,5,15,555,0,0.1025796314367668,0,Low,United Kingdom,RFM 13-15 (high)
15498.0,3,44,23075.09,524.4338636363636,12086,16.74418604651163,720,5,5,5,15,555,3,0.0212244098972567,0,Low,United Kingdom,RFM 13-15 (high)
15499.0,724,1,158.65,158.65,59,,0,1,1,1,3,111,1,0.8941105365541001,1,High,United Kingdom,RFM 3-6 (low)
15500.0,8,4,1131.56,282.89,572,24.33333333333333,73,5,3,3,11,533,2,0.2797498440667775,0,Low,United Kingdom,RFM 10-12 (mid-high)
15501.0,405,2,399.95,199.975,205,10.0,10,2,2,2,6,222,1,0.7093834965230937,1,High,United Kingdom,RFM 3-6 (low)
15502.0,16,14,8069.33,576.3807142857142,5132,41.46153846153846,539,5,5,5,15,555,0,0.0315082043465906,0,Low,United Kingdom,RFM 13-15 (high)
15503.0,363,2,257.3,128.65,130,363.0,363,2,2,1,5,221,1,0.7707777581440446,1,High,United Kingdom,RFM 3-6 (low)
15504.0,81,4,392.75,98.1875,140,194.66666666666663,584,3,3,2,8,332,2,0.4390511932553649,0,Medium,United Kingdom,RFM 7-9 (mid-low)
15505.0,53,5,3497.14,699.428,2348,25.5,102,4,4,5,13,445,2,0.1582139701977514,0,Low,United Kingdom,RFM 13-15 (high)
15506.0,23,6,2030.33,338.3883333333333,1637,90.8,454,4,4,4,12,444,2,0.150172764560552,0,Low,United Kingdom,RFM 10-12 (mid-high)
15507.0,172,1,475.86,475.86,160,,0,3,1,2,6,312,1,0.7150883564196241,1,High,United Kingdom,RFM 3-6 (low)
15508.0,189,6,1000.27,166.71166666666667,440,9.2,46,2,4,3,9,243,1,0.5216814833722558,1,Medium,United Kingdom,RFM 7-9 (mid-low)
15509.0,380,1,152.41,152.41,58,,0,2,1,1,4,211,1,0.8958108767364912,1,High,United Kingdom,RFM 3-6 (low)
15510.0,331,1,250.0,250.0,2,,0,2,1,1,4,211,1,0.8556251916089515,1,High,United Kingdom,RFM 3-6 (low)
15511.0,12,5,900.53,180.106,269,18.25,73,5,4,3,12,543,2,0.3789341710569529,0,Low,United Kingdom,RFM 10-12 (mid-high)
15512.0,156,4,331.58,82.895,235,173.33333333333334,520,3,3,2,8,332,1,0.4441583000672109,0,Medium,United Kingdom,RFM 7-9 (mid-low)
15513.0,33,35,25950.95,741.4557142857143,10261,19.44117647058824,661,4,5,5,14,455,3,0.0321418669385954,0,Low,United Kingdom,RFM 13-15 (high)
15514.0,12,18,5275.79,293.09944444444443,3750,42.47058823529412,722,5,5,5,15,555,0,0.0319800409858674,0,Low,United Kingdom,RFM 13-15 (high)
15515.0,387,1,171.81,171.81,131,,0,2,1,1,4,211,1,0.890486662786745,1,High,United Kingdom,RFM 3-6 (low)
15516.0,45,3,62.43,20.81,27,0.5,1,4,3,1,8,431,2,0.6075585964851137,1,Medium,United Kingdom,RFM 7-9 (mid-low)
15517.0,233,1,267.03,267.03,293,,0,2,1,1,4,211,1,0.7069585803107747,1,High,United Kingdom,RFM 3-6 (low)
15518.0,64,15,4074.83,271.6553333333333,2759,46.785714285714285,655,3,5,5,13,355,0,0.0538866751662714,0,Low,United Kingdom,RFM 13-15 (high)
15519.0,383,2,344.61,172.305,116,63.0,63,2,2,2,6,222,1,0.7836026102305013,1,High,United Kingdom,RFM 3-6 (low)
15520.0,2,1,343.5,343.5,314,,0,5,1,2,8,512,2,0.4504653365986052,0,Medium,United Kingdom,RFM 7-9 (mid-low)
15521.0,40,16,6665.99,416.624375,4341,44.2,663,4,5,5,14,455,0,0.0376808062204955,0,Low,United Kingdom,RFM 13-15 (high)
15522.0,33,2,397.99,198.995,572,54.0,54,4,2,2,8,422,2,0.3917853948135434,0,Low,United Kingdom,RFM 7-9 (mid-low)
15523.0,84,16,17119.24,1069.9525,15610,43.53333333333333,653,3,5,5,13,355,0,0.0913139039772384,0,Low,United Kingdom,RFM 13-15 (high)
15524.0,25,2,591.4,295.7,28,582.0,582,4,2,3,9,423,2,0.5180133009115856,1,Medium,United Kingdom,RFM 7-9 (mid-low)
15525.0,2,4,875.3199999999999,218.83,525,126.66666666666669,380,5,3,3,11,533,2,0.3274975138625614,0,Low,United Kingdom,RFM 10-12 (mid-high)
15526.0,33,2,148.44,74.22,24,0.0,0,4,2,1,7,421,2,0.6157614312345175,1,Medium,United Kingdom,RFM 7-9 (mid-low)
15527.0,19,23,5021.03,218.30565217391305,2084,32.04545454545455,705,5,5,5,15,555,0,0.0290546235813544,0,Low,United Kingdom,RFM 13-15 (high)
15528.0,254,1,229.33,229.33,123,,0,2,1,1,4,211,1,0.7511177584990576,1,High,United Kingdom,RFM 3-6 (low)
15529.0,23,12,4756.21,396.35083333333336,4264,33.72727272727273,371,4,5,5,14,455,0,0.0727831897170939,0,Low,United Kingdom,RFM 13-15 (high)
15530.0,22,5,1808.68,361.736,1328,122.75,491,4,4,4,12,444,2,0.1759009222818329,0,Low,United Kingdom,RFM 10-12 (mid-high)
15531.0,8,2,1972.39,986.195,1085,22.0,22,5,2,4,11,524,2,0.3423585456518437,0,Low,United Kingdom,RFM 10-12 (mid-high)
15532.0,25,10,3675.0,367.5,1324,58.11111111111112,523,4,5,5,14,455,0,0.0650786040379736,0,Low,United Kingdom,RFM 13-15 (high)
15533.0,19,3,746.92,248.97333333333333,256,34.5,69,5,3,3,11,533,2,0.3669484889495407,0,Low,United Kingdom,RFM 10-12 (mid-high)
15534.0,726,1,162.25,162.25,63,,0,1,1,1,3,111,1,0.8936128937624488,1,High,United Kingdom,RFM 3-6 (low)
15535.0,173,6,955.12,159.18666666666667,299,55.0,275,3,4,3,10,343,1,0.4883870354968698,0,Medium,United Kingdom,RFM 10-12 (mid-high)
15536.0,409,1,259.09,259.09,242,,0,2,1,1,4,211,1,0.8343351415082039,1,High,United Kingdom,RFM 3-6 (low)
15537.0,163,1,110.92,110.92,29,,0,3,1,1,5,311,1,0.8120189553976358,1,High,United Kingdom,RFM 3-6 (low)
15538.0,538,6,3036.1,506.01666666666665,989,25.0,125,1,4,5,10,145,1,0.7170181967785024,1,High,United Kingdom,RFM 10-12 (mid-high)
15539.0,7,1,538.46,538.46,410,,0,5,1,2,8,512,2,0.3401812184738998,0,Low,United Kingdom,RFM 7-9 (mid-low)
15540.0,11,2,460.68,230.34,444,364.0,364,5,2,2,9,522,2,0.5460891803444328,1,Medium,United Kingdom,RFM 7-9 (mid-low)
15541.0,114,1,85.13000000000001,85.13000000000001,49,,0,3,1,1,5,311,1,0.7641239750968475,1,High,United Kingdom,RFM 3-6 (low)
15542.0,512,3,833.16,277.72,401,112.5,225,1,3,3,7,133,1,0.6482913399744596,1,Medium,United Kingdom,RFM 7-9 (mid-low)
15543.0,288,2,242.26,121.13,167,171.0,171,2,2,1,5,221,1,0.7681242573485986,1,High,United Kingdom,RFM 3-6 (low)
15544.0,9,20,7779.58,388.979,6732,35.31578947368421,671,5,5,5,15,555,0,0.0201866598477074,0,Low,United Kingdom,RFM 13-15 (high)
15545.0,54,2,288.97,144.485,162,316.0,316,4,2,2,8,422,2,0.6021119014935866,1,Medium,United Kingdom,RFM 7-9 (mid-low)
15546.0,607,2,539.5500000000001,269.77500000000003,99,0.0,0,1,2,2,5,122,1,0.7006318099444432,1,High,United Kingdom,RFM 3-6 (low)
15547.0,7,26,10043.55,386.2903846153846,7276,29.0,725,5,5,5,15,555,0,0.0194722331208115,0,Low,United Kingdom,RFM 13-15 (high)
15548.0,596,1,158.09,158.09,64,,0,1,1,1,3,111,1,0.8936128937624488,1,High,United Kingdom,RFM 3-6 (low)
15549.0,77,8,2296.66,287.0825,926,88.57142857142857,620,3,4,4,11,344,2,0.205739695288079,0,Low,United Kingdom,RFM 10-12 (mid-high)
15550.0,4,12,1987.85,165.65416666666667,1131,66.54545454545455,732,5,5,4,14,554,0,0.1177413377989287,0,Low,United Kingdom,RFM 13-15 (high)
15551.0,37,7,1629.01,232.71571428571428,788,85.5,513,4,4,4,12,444,2,0.2443952201616444,0,Low,United Kingdom,RFM 10-12 (mid-high)
15552.0,217,2,252.52,126.26,166,405.0,405,2,2,1,5,221,1,0.6532220980869361,1,Medium,United Kingdom,RFM 3-6 (low)
15553.0,60,1,428.93,428.93,449,,0,3,1,2,6,312,2,0.5087684229533371,1,Medium,United Kingdom,RFM 3-6 (low)
15554.0,278,1,217.2,217.2,74,,0,2,1,1,4,211,1,0.839482705119516,1,High,United Kingdom,RFM 3-6 (low)
15555.0,12,36,10875.64,302.1011111111111,8206,20.6,721,5,5,5,15,555,0,0.0196167142589546,0,Low,United Kingdom,RFM 13-15 (high)
15556.0,24,1,279.77,279.77,236,,0,4,1,2,7,412,2,0.4175445933274351,0,Medium,United Kingdom,RFM 7-9 (mid-low)
15557.0,29,1,468.91,468.91,213,,0,4,1,2,7,412,2,0.4316488236186284,0,Medium,United Kingdom,RFM 7-9 (mid-low)
15558.0,639,1,131.88,131.88,49,,0,1,1,1,3,111,1,0.8932216749954511,1,High,United Kingdom,RFM 3-6 (low)
15559.0,568,1,1109.4,1109.4,526,,0,1,1,3,5,113,1,0.7849198293634855,1,High,United Kingdom,RFM 3-6 (low)
15560.0,398,2,153.52,76.76,72,0.0,0,2,2,1,5,221,1,0.7680695452715287,1,High,United Kingdom,RFM 3-6 (low)
15561.0,12,8,1856.54,232.0675,1323,93.0,651,5,4,4,13,544,0,0.1479360245597033,0,Low,United Kingdom,RFM 13-15 (high)
15562.0,352,3,671.4300000000001,223.81000000000003,560,187.0,374,2,3,3,8,233,1,0.6499253594380131,1,Medium,United Kingdom,RFM 7-9 (mid-low)
15563.0,22,7,2773.67,396.23857142857145,2952,109.66666666666669,658,4,4,4,12,444,2,0.0915428541704887,0,Low,United Kingdom,RFM 10-12 (mid-high)
15564.0,463,2,70.74000000000001,35.370000000000005,42,212.0,212,1,2,1,4,121,1,0.790308426027572,1,High,United Kingdom,RFM 3-6 (low)
15565.0,50,2,173.16,86.58,60,20.0,20,4,2,1,7,421,2,0.6235753483165042,1,Medium,United Kingdom,RFM 7-9 (mid-low)
15566.0,393,2,227.87,113.935,153,331.0,331,2,2,1,5,221,1,0.7494004641667238,1,High,United Kingdom,RFM 3-6 (low)
15567.0,19,1,186.01,186.01,223,,0,5,1,1,7,511,2,0.4959159341523892,0,Medium,United Kingdom,RFM 7-9 (mid-low)
15568.0,3,3,758.29,252.7633333333333,461,35.0,70,5,3,3,11,533,2,0.2850764290453207,0,Low,United Kingdom,RFM 10-12 (mid-high)
15569.0,104,10,3583.45,358.345,1734,60.55555555555556,545,3,5,5,13,355,0,0.1100244023235662,0,Low,United Kingdom,RFM 13-15 (high)
15570.0,7,25,8672.44,346.8976,4069,25.58333333333333,614,5,5,5,15,555,0,0.0186355493849839,0,Low,United Kingdom,RFM 13-15 (high)
15571.0,12,14,3892.35,278.025,2411,55.46153846153846,721,5,5,5,15,555,0,0.0495548401337871,0,Low,United Kingdom,RFM 13-15 (high)
15572.0,5,10,3965.2,396.52,2089,66.55555555555556,599,5,5,5,15,555,0,0.0635555643091028,0,Low,United Kingdom,RFM 13-15 (high)
15573.0,32,5,1188.42,237.68400000000003,770,174.25,697,4,4,4,12,444,2,0.3225738167204848,0,Low,United Kingdom,RFM 10-12 (mid-high)
15574.0,178,6,1059.44,176.57333333333335,650,57.2,286,3,4,3,10,343,1,0.4083921353131748,0,Medium,United Kingdom,RFM 10-12 (mid-high)
15575.0,620,1,30.1,30.1,6,,0,1,1,1,3,111,1,0.8770867392165844,1,High,United Kingdom,RFM 3-6 (low)
15576.0,38,1,921.37,921.37,394,,0,4,1,3,8,413,2,0.4431150968766594,0,Medium,United Kingdom,RFM 7-9 (mid-low)
15577.0,151,5,396.03,79.206,120,143.75,575,3,4,2,9,342,1,0.4450709549431449,0,Medium,United Kingdom,RFM 7-9 (mid-low)
15578.0,162,1,127.1,127.1,52,,0,3,1,1,5,311,1,0.804756523864181,1,High,United Kingdom,RFM 3-6 (low)
15579.0,69,5,1215.38,243.076,637,90.75,363,3,4,4,11,344,2,0.3185120023806082,0,Low,United Kingdom,RFM 10-12 (mid-high)
15580.0,377,8,1216.15,152.01875,902,41.85714285714285,293,2,4,4,10,244,1,0.6272153621883703,1,Medium,United Kingdom,RFM 10-12 (mid-high)
15581.0,121,38,5486.79,144.3892105263158,2966,16.64864864864865,616,3,5,5,13,355,0,0.1958984965815722,0,Low,United Kingdom,RFM 13-15 (high)
15582.0,25,3,682.9100000000001,227.63666666666668,453,97.5,195,4,3,3,10,433,2,0.3478889321173848,0,Low,United Kingdom,RFM 10-12 (mid-high)
15583.0,376,1,95.96,95.96,56,,0,2,1,1,4,211,1,0.9013014008591236,1,High,United Kingdom,RFM 3-6 (low)
15584.0,24,6,1265.7,210.95,481,129.2,646,4,4,4,12,444,2,0.3713671159602447,0,Low,United Kingdom,RFM 10-12 (mid-high)
15585.0,177,1,455.3,455.3,320,,0,3,1,2,6,312,1,0.6793840235345214,1,Medium,United Kingdom,RFM 3-6 (low)
15586.0,593,3,1128.66,376.22,1302,54.0,108,1,3,3,7,133,1,0.70114828875818,1,High,United Kingdom,RFM 7-9 (mid-low)
15587.0,50,7,1522.0800000000002,217.44000000000003,528,73.5,441,4,4,4,12,444,2,0.2575868530355301,0,Low,United Kingdom,RFM 10-12 (mid-high)
15588.0,678,1,579.6,579.6,96,,0,1,1,2,4,112,1,0.775762446826969,1,High,United Kingdom,RFM 3-6 (low)
15589.0,256,3,456.58,152.19333333333333,242,27.0,54,2,3,2,7,232,1,0.67745572170546,1,Medium,United Kingdom,RFM 7-9 (mid-low)
15590.0,382,5,1466.41,293.28200000000004,831,56.0,224,2,4,4,10,244,1,0.605262274400587,1,Medium,United Kingdom,RFM 10-12 (mid-high)
15591.0,583,3,217.9,72.63333333333334,58,45.5,91,1,3,1,5,131,1,0.8234275205356615,1,High,United Kingdom,RFM 3-6 (low)
15592.0,47,1,388.58,388.58,354,,0,4,1,2,7,412,2,0.5269768017862486,1,Medium,United Kingdom,RFM 7-9 (mid-low)
15593.0,71,1,199.8,199.8,60,,0,3,1,1,5,311,1,0.616202288845049,1,Medium,United Kingdom,RFM 3-6 (low)
15594.0,16,5,1767.53,353.506,982,54.5,218,5,4,4,13,544,2,0.1576345681183264,0,Low,United Kingdom,RFM 13-15 (high)
15595.0,488,1,357.6,357.6,144,,0,1,1,2,4,112,1,0.8440093087361775,1,High,United Kingdom,RFM 3-6 (low)
15596.0,101,9,2621.27,291.2522222222222,1185,49.75,398,3,5,4,12,354,0,0.129593611704061,0,Low,United Kingdom,RFM 10-12 (mid-high)
15597.0,35,2,554.52,277.26,390,540.0,540,4,2,2,8,422,2,0.5308930912775015,1,Medium,United Kingdom,RFM 7-9 (mid-low)
15598.0,53,2,543.02,271.51,400,374.0,374,4,2,2,8,422,2,0.556919027712706,1,Medium,United Kingdom,RFM 7-9 (mid-low)
15599.0,27,3,1250.06,416.68666666666667,1098,209.5,419,4,3,4,11,434,2,0.4051159320311461,0,Medium,United Kingdom,RFM 10-12 (mid-high)
15600.0,428,4,1178.71,294.6775,651,55.0,165,1,3,3,7,133,1,0.6833054548683607,1,Medium,United Kingdom,RFM 7-9 (mid-low)
15601.0,11,30,14150.84,471.69466666666665,10384,25.06896551724138,727,5,5,5,15,555,0,0.0211420795760025,0,Low,United Kingdom,RFM 13-15 (high)
15602.0,8,16,2883.42,180.21375,2140,48.6,729,5,5,5,15,555,0,0.0413631784198968,0,Low,United Kingdom,RFM 13-15 (high)
15603.0,79,2,74.73,37.365,117,569.0,569,3,2,1,6,321,2,0.585834122191668,1,Medium,United Kingdom,RFM 3-6 (low)
15604.0,52,1,216.39,216.39,159,,0,4,1,1,6,411,2,0.5260592476711146,1,Medium,United Kingdom,RFM 3-6 (low)
15605.0,36,9,1738.55,193.17222222222225,637,82.25,658,4,5,4,13,454,0,0.2803500550940262,0,Low,United Kingdom,RFM 13-15 (high)
15606.0,61,17,4733.47,278.4394117647059,1443,36.625,586,3,5,5,13,355,0,0.0513643162417905,0,Low,United Kingdom,RFM 13-15 (high)
15607.0,337,9,1578.57,175.39666666666665,1434,45.5,364,2,5,4,11,254,1,0.5125879443133159,1,Medium,United Kingdom,RFM 10-12 (mid-high)
15608.0,28,5,1785.98,357.196,1262,96.75,387,4,4,4,12,444,2,0.1620700051998626,0,Low,United Kingdom,RFM 10-12 (mid-high)
15609.0,184,1,270.03000000000003,270.03000000000003,145,,0,3,1,2,6,312,1,0.6817686482825697,1,Medium,United Kingdom,RFM 3-6 (low)
15610.0,52,1,112.46,112.46,66,,0,4,1,1,6,411,2,0.747118904716185,1,High,United Kingdom,RFM 3-6 (low)
15611.0,10,26,2858.37,109.93730769230768,722,26.92,673,5,5,5,15,555,0,0.1438414152454027,0,Low,United Kingdom,RFM 13-15 (high)
15612.0,36,2,195.15,97.575,52,25.0,25,4,2,1,7,421,2,0.5318975182789936,1,Medium,United Kingdom,RFM 7-9 (mid-low)
15613.0,610,1,433.72,433.72,700,,0,1,1,2,4,112,1,0.7774015800076692,1,High,United Kingdom,RFM 3-6 (low)
15614.0,438,4,3008.86,752.215,1606,62.66666666666666,188,1,3,5,9,135,1,0.6169304554765361,1,Medium,United Kingdom,RFM 7-9 (mid-low)
15615.0,10,47,21282.07,452.81,12055,15.782608695652174,726,5,5,5,15,555,3,0.0202358105388174,0,Low,United Kingdom,RFM 13-15 (high)
15616.0,438,1,317.11,317.11,137,,0,1,1,2,4,112,1,0.8168886653299888,1,High,United Kingdom,RFM 3-6 (low)
15617.0,396,3,828.5500000000001,276.18333333333334,485,55.5,111,2,3,3,8,233,1,0.6697002683996005,1,Medium,United Kingdom,RFM 7-9 (mid-low)
15618.0,33,4,747.031,186.75775,428,34.333333333333336,103,4,3,3,10,433,2,0.3194348323198512,0,Low,United Kingdom,RFM 10-12 (mid-high)
15619.0,11,1,336.40000000000003,336.40000000000003,136,,0,5,1,2,8,512,2,0.4261674310729813,0,Medium,United Kingdom,RFM 7-9 (mid-low)
15620.0,57,4,1909.93,477.4825,1228,117.66666666666669,353,4,3,4,11,434,2,0.3201919475000841,0,Low,United Kingdom,RFM 10-12 (mid-high)
15621.0,4,4,1158.77,289.6925,463,5.666666666666667,17,5,3,3,11,533,2,0.2712579578313187,0,Low,United Kingdom,RFM 10-12 (mid-high)
15622.0,43,17,7318.08,430.4752941176471,3961,37.625,602,4,5,5,14,455,0,0.0371664167253553,0,Low,United Kingdom,RFM 13-15 (high)
15623.0,141,8,2437.05,304.63125,1087,84.0,588,3,4,4,11,344,2,0.2009488171495536,0,Low,United Kingdom,RFM 10-12 (mid-high)
15624.0,117,4,588.13,147.0325,357,46.333333333333336,139,3,3,2,8,332,2,0.4349878894721488,0,Medium,United Kingdom,RFM 7-9 (mid-low)
15625.0,104,9,3203.25,355.9166666666667,2993,54.75,438,3,5,5,13,355,0,0.1134868904975982,0,Low,United Kingdom,RFM 13-15 (high)
15626.0,75,3,1049.37,349.79,1133,173.0,346,3,3,3,9,333,2,0.4136278235756553,0,Medium,United Kingdom,RFM 7-9 (mid-low)
15627.0,457,2,566.9,283.45,344,65.0,65,1,2,2,5,122,1,0.7135570427608452,1,High,United Kingdom,RFM 3-6 (low)
15628.0,5,17,5284.18,310.83411764705886,3547,45.0625,721,5,5,5,15,555,0,0.0342576395458396,0,Low,United Kingdom,RFM 13-15 (high)
15629.0,450,4,2240.9,560.225,1518,27.33333333333333,82,1,3,4,8,134,1,0.7176050682457942,1,High,United Kingdom,RFM 7-9 (mid-low)
15630.0,45,3,1475.45,491.81666666666666,986,299.5,599,4,3,4,11,434,2,0.4843955096870614,0,Medium,United Kingdom,RFM 10-12 (mid-high)
15631.0,642,1,596.67,596.67,525,,0,1,1,3,5,113,1,0.7491498400127697,1,High,United Kingdom,RFM 3-6 (low)
15632.0,16,8,3147.31,393.41375,2049,37.0,259,5,4,5,14,545,0,0.0923523198224364,0,Low,United Kingdom,RFM 13-15 (high)
15633.0,509,13,4156.91,319.7623076923077,2014,18.416666666666668,221,1,5,5,11,155,0,0.7290490296070818,1,High,United Kingdom,RFM 10-12 (mid-high)
15634.0,17,2,554.65,277.325,227,366.0,366,5,2,2,9,522,2,0.5599974164617812,1,Medium,United Kingdom,RFM 7-9 (mid-low)
15635.0,396,1,100.35,100.35,5,,0,2,1,1,4,211,1,0.8791418551665408,1,High,United Kingdom,RFM 3-6 (low)
15636.0,90,4,1444.58,361.145,560,159.66666666666666,479,3,3,4,10,334,2,0.4424036333092783,0,Medium,United Kingdom,RFM 10-12 (mid-high)
15637.0,53,5,797.59,159.518,651,167.75,671,4,4,3,11,443,2,0.3938553031288493,0,Low,United Kingdom,RFM 10-12 (mid-high)
15638.0,379,6,2137.2,356.2,1078,46.2,231,2,4,4,10,244,1,0.5956322250042763,1,Medium,United Kingdom,RFM 10-12 (mid-high)
15639.0,134,3,1028.33,342.77666666666664,832,235.5,471,3,3,3,9,333,1,0.4684116523132847,0,Medium,United Kingdom,RFM 7-9 (mid-low)
15640.0,4,29,23375.09,806.0375862068965,12087,25.714285714285715,720,5,5,5,15,555,3,0.0223779697721512,0,Low,United Kingdom,RFM 13-15 (high)
15641.0,105,12,5345.55,445.4625,4422,57.0,627,3,5,5,13,355,0,0.1229381976351603,0,Low,United Kingdom,RFM 13-15 (high)
15642.0,730,1,105.78000000000002,105.78000000000002,270,,0,1,1,1,3,111,1,0.8742386499056068,1,High,United Kingdom,RFM 3-6 (low)
15643.0,192,3,647.4,215.8,242,45.0,90,2,3,3,8,233,1,0.6270405740485951,1,Medium,United Kingdom,RFM 7-9 (mid-low)
15644.0,166,4,803.54,200.885,550,31.33333333333333,94,3,3,3,9,333,1,0.505173732947056,1,Medium,United Kingdom,RFM 7-9 (mid-low)
15645.0,19,3,1042.57,347.5233333333333,390,203.0,406,5,3,3,11,533,2,0.4898097251241685,0,Medium,United Kingdom,RFM 10-12 (mid-high)
15646.0,158,5,762.3100000000001,152.46200000000002,815,63.0,252,3,4,3,10,343,1,0.3874906240934416,0,Low,United Kingdom,RFM 10-12 (mid-high)
15647.0,415,1,169.0,169.0,124,,0,1,1,1,3,111,1,0.8937744572000035,1,High,United Kingdom,RFM 3-6 (low)
15648.0,204,2,582.0500000000001,291.02500000000003,210,62.0,62,2,2,2,6,222,1,0.6184067679484289,1,Medium,United Kingdom,RFM 3-6 (low)
15649.0,336,4,1660.35,415.0875,365,16.666666666666668,50,2,3,4,9,234,1,0.6708656645494375,1,Medium,United Kingdom,RFM 7-9 (mid-low)
15650.0,522,2,539.03,269.515,207,106.0,106,1,2,2,5,122,1,0.7532634285625748,1,High,United Kingdom,RFM 3-6 (low)
15651.0,37,5,1259.06,251.812,871,139.75,559,4,4,4,12,444,2,0.2805534806014286,0,Low,United Kingdom,RFM 10-12 (mid-high)
15652.0,91,5,1397.44,279.488,655,98.25,393,3,4,4,11,344,2,0.2770951645518391,0,Low,United Kingdom,RFM 10-12 (mid-high)
15653.0,93,2,877.4399999999999,438.72,1200,23.0,23,3,2,3,8,323,1,0.4155595529315443,0,Medium,United Kingdom,RFM 7-9 (mid-low)
15654.0,9,2,922.53,461.265,475,16.0,16,5,2,3,10,523,2,0.3403107488570739,0,Low,United Kingdom,RFM 10-12 (mid-high)
15655.0,243,1,511.32,511.32,319,,0,2,1,2,5,212,1,0.686391830363557,1,Medium,United Kingdom,RFM 3-6 (low)
15656.0,45,4,748.5,187.125,343,79.33333333333333,238,4,3,3,10,433,2,0.3722089487787366,0,Low,United Kingdom,RFM 10-12 (mid-high)
15657.0,23,1,30.0,30.0,24,,0,4,1,1,6,411,2,0.6055585298755323,1,Medium,United Kingdom,RFM 3-6 (low)
15658.0,190,8,1964.14,245.5175,600,78.0,546,2,4,4,10,244,1,0.3851397107381863,0,Low,United Kingdom,RFM 10-12 (mid-high)
15659.0,44,3,532.49,177.49666666666667,161,304.5,609,4,3,2,9,432,2,0.506116793189167,1,Medium,United Kingdom,RFM 7-9 (mid-low)
15660.0,25,15,2554.84,170.32266666666666,1770,46.21428571428572,647,4,5,4,13,454,0,0.0508258888326359,0,Low,United Kingdom,RFM 13-15 (high)
15661.0,317,8,1215.95,151.99375,779,37.285714285714285,261,2,4,4,10,244,1,0.6261588518200334,1,Medium,United Kingdom,RFM 10-12 (mid-high)
15662.0,661,2,283.73,141.865,145,77.0,77,1,2,2,5,122,1,0.7961559982041184,1,High,United Kingdom,RFM 3-6 (low)
15663.0,106,1,138.14,138.14,106,,0,3,1,1,5,311,1,0.7105068547833819,1,High,United Kingdom,RFM 3-6 (low)
15664.0,51,4,1212.35,303.0875,511,199.3333333333333,598,4,3,4,11,434,2,0.4840287958577164,0,Medium,United Kingdom,RFM 10-12 (mid-high)
15665.0,168,5,3987.07,797.414,2777,116.5,466,3,4,5,12,345,1,0.2124122333726485,0,Low,United Kingdom,RFM 10-12 (mid-high)
15666.0,472,2,632.9399999999999,316.47,469,23.0,23,1,2,3,6,123,1,0.7022145602091873,1,High,United Kingdom,RFM 3-6 (low)
15667.0,40,1,301.32,301.32,240,,0,4,1,2,7,412,2,0.4224469575215211,0,Medium,United Kingdom,RFM 7-9 (mid-low)
15668.0,218,1,76.32000000000001,76.32000000000001,72,,0,2,1,1,4,211,1,0.8612958775689793,1,High,United Kingdom,RFM 3-6 (low)
15669.0,40,4,677.69,169.4225,339,74.33333333333333,223,4,3,3,10,433,2,0.3624235333857311,0,Low,United Kingdom,RFM 10-12 (mid-high)
15670.0,297,2,315.2,157.6,124,259.0,259,2,2,2,6,222,1,0.7487806463465227,1,High,United Kingdom,RFM 3-6 (low)
15671.0,19,7,2635.49,376.4985714285714,1681,42.0,252,5,4,4,13,544,2,0.0940535849141294,0,Low,United Kingdom,RFM 13-15 (high)
15672.0,725,1,45.3,45.3,10,,0,1,1,1,3,111,1,0.8875584822175366,1,High,United Kingdom,RFM 3-6 (low)
15673.0,88,9,6199.37,688.8188888888889,3273,70.875,567,3,5,5,13,355,0,0.1037617098766792,0,Low,United Kingdom,RFM 13-15 (high)
15674.0,73,13,6217.85,478.29615384615386,3444,54.75,657,3,5,5,13,355,0,0.0561697048791009,0,Low,United Kingdom,RFM 13-15 (high)
15675.0,81,4,542.04,135.51,624,107.33333333333331,322,3,3,2,8,332,2,0.4134162027639722,0,Medium,United Kingdom,RFM 7-9 (mid-low)
15676.0,19,3,3324.09,1108.03,2231,132.5,265,5,3,5,13,535,2,0.3293957954948,0,Low,United Kingdom,RFM 13-15 (high)
15677.0,49,3,1305.63,435.21,675,207.0,414,4,3,4,11,434,2,0.5198356532963634,1,Medium,United Kingdom,RFM 10-12 (mid-high)
15678.0,53,3,1825.94,608.6466666666666,1022,234.5,469,4,3,4,11,434,2,0.4549934917724655,0,Medium,United Kingdom,RFM 10-12 (mid-high)
15679.0,24,4,781.28,195.32,1170,52.66666666666666,158,4,3,3,10,433,2,0.2585234593512011,0,Low,United Kingdom,RFM 10-12 (mid-high)
15680.0,9,10,3985.59,398.559,2733,80.88888888888889,728,5,5,5,15,555,0,0.0735660267852426,0,Low,United Kingdom,RFM 13-15 (high)
15681.0,25,14,2480.2,177.15714285714284,1126,41.46153846153846,539,4,5,4,13,454,0,0.0786669083673006,0,Low,United Kingdom,RFM 13-15 (high)
15682.0,599,2,316.99,158.495,221,88.0,88,1,2,2,5,122,1,0.7924697239490085,1,High,United Kingdom,RFM 3-6 (low)
15683.0,117,2,524.54,262.27,332,356.0,356,3,2,2,7,322,1,0.5496369389647361,1,Medium,United Kingdom,RFM 7-9 (mid-low)
15684.0,547,3,147.8,49.26666666666667,72,94.0,188,1,3,1,5,131,1,0.7648607953395063,1,High,United Kingdom,RFM 3-6 (low)
15685.0,450,1,55.98,55.98,36,,0,1,1,1,3,111,1,0.8950071219763842,1,High,United Kingdom,RFM 3-6 (low)
15686.0,420,1,90.0,90.0,72,,0,1,1,1,3,111,1,0.9068643002963724,1,High,United Kingdom,RFM 3-6 (low)
15687.0,9,9,2981.5,331.27777777777777,1308,40.125,321,5,5,5,15,555,0,0.073346235880732,0,Low,United Kingdom,RFM 13-15 (high)
15688.0,419,1,190.57,190.57,95,,0,1,1,1,3,111,1,0.8507576643065025,1,High,United Kingdom,RFM 3-6 (low)
15689.0,120,3,521.03,173.67666666666665,207,248.5,497,3,3,2,8,332,1,0.5230152828403021,1,Medium,United Kingdom,RFM 7-9 (mid-low)
15690.0,4,2,239.76,119.88,408,96.0,96,5,2,1,8,521,2,0.4476717776510573,0,Medium,United Kingdom,RFM 7-9 (mid-low)
15691.0,252,4,511.8,127.95,202,160.0,480,2,3,2,7,232,1,0.4971477821874779,0,Medium,United Kingdom,RFM 7-9 (mid-low)
15692.0,28,1,191.04,191.04,138,,0,4,1,1,6,411,2,0.4758586909967645,0,Medium,United Kingdom,RFM 3-6 (low)
15693.0,659,1,37.5,37.5,30,,0,1,1,1,3,111,1,0.8872983645683231,1,High,United Kingdom,RFM 3-6 (low)
15694.0,1,24,9734.13,405.58875,2424,31.782608695652176,731,5,5,5,15,555,0,0.025960078812261,0,Low,United Kingdom,RFM 13-15 (high)
15695.0,267,4,1131.04,282.76,484,138.0,414,2,3,3,8,233,1,0.5000946981527434,1,Medium,United Kingdom,RFM 7-9 (mid-low)
15696.0,33,13,3732.12,287.0861538461538,1370,54.16666666666666,650,4,5,5,14,455,0,0.0590066885763006,0,Low,United Kingdom,RFM 13-15 (high)
15697.0,690,1,246.75,246.75,127,,0,1,1,1,3,111,1,0.8439425704752985,1,High,United Kingdom,RFM 3-6 (low)
15698.0,624,1,46.2,46.2,60,,0,1,1,1,3,111,1,0.904237710785011,1,High,United Kingdom,RFM 3-6 (low)
15699.0,18,1,309.65,309.65,113,,0,5,1,2,8,512,2,0.4120844316710629,0,Medium,United Kingdom,RFM 7-9 (mid-low)
15700.0,172,2,664.03,332.015,328,1.0,1,3,2,3,8,323,1,0.5634247201291199,1,Medium,United Kingdom,RFM 7-9 (mid-low)
15701.0,2,4,1529.0,382.25,912,36.0,108,5,3,4,12,534,2,0.1988100724283263,0,Low,United Kingdom,RFM 10-12 (mid-high)
15702.0,476,1,112.57,112.57,102,,0,1,1,1,3,111,1,0.886279642576946,1,High,Nigeria,RFM 3-6 (low)
15703.0,265,1,211.5,211.5,66,,0,2,1,1,4,211,1,0.8114185518942917,1,High,United Kingdom,RFM 3-6 (low)
15704.0,140,6,3660.88,610.1466666666666,1684,88.4,442,3,4,5,12,345,2,0.2143426658419006,0,Low,United Kingdom,RFM 10-12 (mid-high)
15705.0,201,1,143.1,143.1,62,,0,2,1,1,4,211,1,0.8182974247275827,1,High,United Kingdom,RFM 3-6 (low)
15706.0,64,4,1001.81,250.4525,305,17.333333333333332,52,3,3,3,9,333,2,0.3631847386476894,0,Low,United Kingdom,RFM 7-9 (mid-low)
15707.0,35,4,916.98,229.245,594,17.0,51,4,3,3,10,433,2,0.2932029165658729,0,Low,United Kingdom,RFM 10-12 (mid-high)
15708.0,41,9,3840.73,426.7477777777778,1454,48.0,384,4,5,5,14,455,0,0.0841991986838189,0,Low,United Kingdom,RFM 13-15 (high)
15709.0,284,2,327.85,163.925,169,305.0,305,2,2,2,6,222,1,0.7520026254589977,1,High,United Kingdom,RFM 3-6 (low)
15710.0,417,1,898.87,898.87,641,,0,1,1,3,5,113,1,0.7437174530542585,1,High,United Kingdom,RFM 3-6 (low)
15711.0,557,2,420.25,210.125,199,128.0,128,1,2,2,5,122,1,0.773154702399959,1,High,United Kingdom,RFM 3-6 (low)
15712.0,9,12,3467.46,288.955,1276,66.27272727272727,729,5,5,5,15,555,0,0.062646250822594,0,Low,United Kingdom,RFM 13-15 (high)
15713.0,143,4,814.84,203.71,447,193.3333333333333,580,3,3,3,9,333,1,0.5023494613789513,1,Medium,United Kingdom,RFM 7-9 (mid-low)
15714.0,12,5,783.96,156.792,361,135.75,543,5,4,3,12,543,2,0.3892417965486999,0,Low,United Kingdom,RFM 10-12 (mid-high)
15715.0,556,5,658.02,131.60399999999998,246,15.75,63,1,4,3,8,143,1,0.7725943698922559,1,High,United Kingdom,RFM 7-9 (mid-low)
15716.0,146,11,2485.26,225.9327272727273,1379,58.6,586,3,5,4,12,354,0,0.1676381471423112,0,Low,United Kingdom,RFM 10-12 (mid-high)
15717.0,234,5,607.0,121.4,224,89.5,358,2,4,3,9,243,1,0.5725951394848879,1,Medium,United Kingdom,RFM 7-9 (mid-low)
15718.0,540,1,293.79,293.79,95,,0,1,1,2,4,112,1,0.8327622932363228,1,High,United Kingdom,RFM 3-6 (low)
15719.0,33,31,10118.87,326.4151612903226,5343,23.5,705,4,5,5,14,455,0,0.0228981416652972,0,Low,United Kingdom,RFM 13-15 (high)
15720.0,24,2,739.22,369.61,327,525.0,525,4,2,3,9,423,2,0.5410090139676428,1,Medium,United Kingdom,RFM 7-9 (mid-low)
15721.0,12,1,471.4,471.4,388,,0,5,1,2,8,512,2,0.3433486259686072,0,Low,United Kingdom,RFM 7-9 (mid-low)
15722.0,36,11,5095.95,463.2681818181818,2259,60.4,604,4,5,5,14,455,0,0.0597910159222123,0,Low,United Kingdom,RFM 13-15 (high)
15723.0,365,4,930.7,232.675,427,69.66666666666667,209,2,3,3,8,233,1,0.6301331435668525,1,Medium,United Kingdom,RFM 7-9 (mid-low)
15724.0,201,3,299.8,99.93333333333334,114,99.5,199,2,3,2,7,232,1,0.5687365644119555,1,Medium,United Kingdom,RFM 7-9 (mid-low)
15725.0,15,1,415.25,415.25,221,,0,5,1,2,8,512,2,0.4126642474123554,0,Medium,United Kingdom,RFM 7-9 (mid-low)
15726.0,390,1,321.91,321.91,123,,0,2,1,2,5,212,1,0.8046812492850444,1,High,United Kingdom,RFM 3-6 (low)
15727.0,17,15,9371.71,624.7806666666667,5908,47.71428571428572,668,5,5,5,15,555,0,0.0349933304045197,0,Low,United Kingdom,RFM 13-15 (high)
15728.0,380,2,409.80000000000007,204.90000000000003,98,64.0,64,2,2,2,6,222,1,0.7718371882827461,1,High,United Kingdom,RFM 3-6 (low)
15729.0,213,3,154.70000000000002,51.56666666666667,40,95.0,190,2,3,1,6,231,1,0.5873606005949905,1,Medium,United Kingdom,RFM 3-6 (low)
15730.0,66,5,1708.18,341.636,1053,91.25,365,3,4,4,11,344,2,0.2047028082457082,0,Low,United Kingdom,RFM 10-12 (mid-high)
15731.0,554,1,125.3,125.3,122,,0,1,1,1,3,111,1,0.8843657643932968,1,High,United Kingdom,RFM 3-6 (low)
15732.0,212,10,1499.42,149.942,1255,51.22222222222222,461,2,5,4,11,254,1,0.3660210359270736,0,Low,United Kingdom,RFM 10-12 (mid-high)
15733.0,283,1,162.3,162.3,62,,0,2,1,1,4,211,1,0.9065972737420988,1,High,United Kingdom,RFM 3-6 (low)
15734.0,115,4,2263.3,565.825,516,144.0,432,3,3,4,10,334,2,0.4441423138508906,0,Medium,United Kingdom,RFM 10-12 (mid-high)
15735.0,421,1,327.68,327.68,206,,0,1,1,2,4,112,1,0.8148590078652425,1,High,United Kingdom,RFM 3-6 (low)
15736.0,435,2,1668.67,834.335,1199,0.0,0,1,2,4,7,124,1,0.7120744782198173,1,High,United Kingdom,RFM 7-9 (mid-low)
15737.0,15,8,1121.21,140.15125,584,32.57142857142857,228,5,4,3,12,543,2,0.2955493166498037,0,Low,United Kingdom,RFM 10-12 (mid-high)
15738.0,19,41,13015.42,317.4492682926829,9010,17.75,710,5,5,5,15,555,0,0.0219506433271291,0,Low,United Kingdom,RFM 13-15 (high)
15739.0,66,1,449.12,449.12,472,,0,3,1,2,6,312,2,0.5488356160579027,1,Medium,United Kingdom,RFM 3-6 (low)
15740.0,49,1,154.88,154.88,152,,0,4,1,1,6,411,2,0.6521721537418641,1,Medium,United Kingdom,RFM 3-6 (low)
15741.0,458,2,208.62,104.31,70,160.0,160,1,2,1,4,121,1,0.8120537264607286,1,High,United Kingdom,RFM 3-6 (low)
15742.0,619,1,156.87,156.87,51,,0,1,1,1,3,111,1,0.8942051054833378,1,High,United Kingdom,RFM 3-6 (low)
15743.0,16,4,775.96,193.99,214,56.0,168,5,3,3,11,533,2,0.3638536438775502,0,Low,United Kingdom,RFM 10-12 (mid-high)
15744.0,78,1,34.8,34.8,120,,0,3,1,1,5,311,1,0.6944010131019955,1,Medium,United Kingdom,RFM 3-6 (low)
15745.0,19,4,1071.24,267.81,412,72.33333333333333,217,5,3,3,11,533,2,0.3357851522921409,0,Low,United Kingdom,RFM 10-12 (mid-high)
15746.0,134,1,182.96,182.96,130,,0,3,1,1,5,311,1,0.7320255414869368,1,High,United Kingdom,RFM 3-6 (low)
15747.0,13,9,2497.86,277.54,1343,84.75,678,5,5,4,14,554,0,0.1075375372816162,0,Low,United Kingdom,RFM 13-15 (high)
15748.0,40,3,609.8100000000001,203.27,261,204.0,408,4,3,3,10,433,2,0.5264058912278642,1,Medium,United Kingdom,RFM 10-12 (mid-high)
15749.0,235,3,21535.9,7178.633333333334,9014,48.5,97,2,3,5,10,235,0,0.5695700725923316,1,Medium,United Kingdom,RFM 10-12 (mid-high)
15750.0,3,18,6362.601000000001,353.47783333333336,4260,43.23529411764706,735,5,5,5,15,555,0,0.0252236783702763,0,Low,United Kingdom,RFM 13-15 (high)
15751.0,461,11,1318.84,119.89454545454544,437,27.2,272,1,5,4,10,154,1,0.6454731914421433,1,Medium,United Kingdom,RFM 10-12 (mid-high)
15752.0,40,9,3916.46,435.1622222222222,2787,52.125,417,4,5,5,14,455,0,0.0774659752507818,0,Low,United Kingdom,RFM 13-15 (high)
15753.0,305,1,79.2,79.2,144,,0,2,1,1,4,211,1,0.8661422416284303,1,High,United Kingdom,RFM 3-6 (low)
15754.0,51,9,3001.86,333.54,1755,75.5,604,4,5,5,14,455,0,0.0737984527834871,0,Low,United Kingdom,RFM 13-15 (high)
15755.0,10,17,5936.95,349.2323529411765,3999,45.3125,725,5,5,5,15,555,0,0.0347333233929196,0,Low,United Kingdom,RFM 13-15 (high)
15756.0,61,4,528.01,132.0025,241,62.333333333333336,187,3,3,2,8,332,2,0.4488569901322419,0,Medium,United Kingdom,RFM 7-9 (mid-low)
15757.0,66,6,2940.36,490.06,1757,96.2,481,3,4,5,12,345,2,0.1247112485774374,0,Low,United Kingdom,RFM 10-12 (mid-high)
15758.0,25,1,205.25,205.25,47,,0,4,1,1,6,411,2,0.508920912716486,1,Medium,United Kingdom,RFM 3-6 (low)
15759.0,218,7,810.98,115.85428571428572,518,86.5,519,2,4,3,9,243,1,0.4590362500975695,0,Medium,United Kingdom,RFM 7-9 (mid-low)
15760.0,631,2,-5795.87,-2897.935,-1,0.0,0,1,2,1,4,121,1,0.7352635241021431,1,High,Norway,RFM 3-6 (low)
15761.0,443,1,143.05,143.05,31,,0,1,1,1,3,111,1,0.8832315702543571,1,High,United Kingdom,RFM 3-6 (low)
15762.0,65,2,583.75,291.875,251,12.0,12,3,2,2,7,322,2,0.4682556645972585,0,Medium,United Kingdom,RFM 7-9 (mid-low)
15763.0,32,2,1048.67,524.335,268,45.0,45,4,2,3,9,423,2,0.392129049077851,0,Low,United Kingdom,RFM 7-9 (mid-low)
15764.0,88,8,4453.28,556.66,2925,55.71428571428572,390,3,4,5,12,345,0,0.1307708430598384,0,Low,United Kingdom,RFM 10-12 (mid-high)
15765.0,667,1,370.63,370.63,335,,0,1,1,2,4,112,1,0.8382724825806328,1,High,United Kingdom,RFM 3-6 (low)
15766.0,64,3,799.66,266.55333333333334,330,309.0,618,3,3,3,9,333,2,0.5386366132670726,1,Medium,United Kingdom,RFM 7-9 (mid-low)
15768.0,116,34,15267.26,449.03705882352943,4212,18.78787878787879,620,3,5,5,13,355,0,0.1337526636466098,0,Low,United Kingdom,RFM 13-15 (high)
15769.0,7,46,84177.58,1829.947391304348,47054,16.022222222222222,721,5,5,5,15,555,3,0.0247102545936726,0,Low,United Kingdom,RFM 13-15 (high)
15770.0,613,1,321.45,321.45,67,,0,1,1,2,4,112,1,0.8570663132921045,1,High,United Kingdom,RFM 3-6 (low)
15771.0,604,3,1006.54,335.5133333333333,512,44.5,89,1,3,3,7,133,1,0.7021862575567013,1,High,United Kingdom,RFM 7-9 (mid-low)
15772.0,418,1,280.88,280.88,110,,0,1,1,2,4,112,1,0.8099456699618334,1,High,United Kingdom,RFM 3-6 (low)
15773.0,6,2,774.52,387.26,410,403.0,403,5,2,3,10,523,2,0.5436716570624458,1,Medium,United Kingdom,RFM 10-12 (mid-high)
15774.0,69,6,1282.6,213.76666666666665,464,117.4,587,3,4,4,11,344,2,0.366657883645088,0,Low,United Kingdom,RFM 10-12 (mid-high)
15775.0,245,2,150.5,75.25,260,386.0,386,2,2,1,5,221,1,0.6507342767932801,1,Medium,United Kingdom,RFM 3-6 (low)
15776.0,133,1,241.62,241.62,138,,0,3,1,1,5,311,1,0.6977963467290803,1,Medium,United Kingdom,RFM 3-6 (low)
15777.0,241,7,1732.16,247.4514285714285,595,54.5,327,2,4,4,10,244,1,0.5095783143672328,1,Medium,United Kingdom,RFM 10-12 (mid-high)
15778.0,431,1,307.95,307.95,101,,0,1,1,2,4,112,1,0.8202529212399399,1,High,United Kingdom,RFM 3-6 (low)
15779.0,463,2,124.08,62.040000000000006,20,69.0,69,1,2,1,4,121,1,0.8180026624679344,1,High,United Kingdom,RFM 3-6 (low)
15780.0,184,3,475.28,158.42666666666668,220,87.0,174,3,3,2,8,332,1,0.5437583860635113,1,Medium,United Kingdom,RFM 7-9 (mid-low)
15781.0,25,3,333.56,111.18666666666668,178,140.0,280,4,3,2,9,432,2,0.483448128465322,0,Medium,United Kingdom,RFM 7-9 (mid-low)
15782.0,10,4,3985.65,996.4125,1842,140.0,420,5,3,5,13,535,2,0.1951530552915805,0,Low,United Kingdom,RFM 13-15 (high)
15783.0,11,1,246.3,246.3,212,,0,5,1,1,7,511,2,0.4463029896359939,0,Medium,United Kingdom,RFM 7-9 (mid-low)
15784.0,468,2,848.3299999999999,424.165,381,204.0,204,1,2,3,6,123,1,0.6728525315985294,1,Medium,United Kingdom,RFM 3-6 (low)
15785.0,33,16,5825.33,364.083125,4427,46.06666666666667,691,4,5,5,14,455,0,0.0348492211276854,0,Low,United Kingdom,RFM 13-15 (high)
15786.0,46,5,8379.65,1675.9299999999998,5869,122.5,490,4,4,5,13,445,0,0.1148331616021449,0,Low,United Kingdom,RFM 13-15 (high)
15787.0,26,3,933.26,311.08666666666664,534,17.5,35,4,3,3,10,433,2,0.2973102348693666,0,Low,United Kingdom,RFM 10-12 (mid-high)
15788.0,509,1,215.53,215.53,112,,0,1,1,1,3,111,1,0.8504888855918122,1,High,United Kingdom,RFM 3-6 (low)
15789.0,358,6,1932.01,322.00166666666667,2475,53.0,265,2,4,4,10,244,1,0.5339611081765547,1,Medium,United Kingdom,RFM 10-12 (mid-high)
15790.0,10,1,218.75,218.75,113,,0,5,1,1,7,511,2,0.4356267334732058,0,Medium,United Kingdom,RFM 7-9 (mid-low)
15791.0,44,5,3541.79,708.358,1949,149.5,598,4,4,5,13,445,2,0.1688571894027563,0,Low,United Kingdom,RFM 13-15 (high)
15792.0,400,2,933.84,466.92,606,218.0,218,2,2,3,7,223,1,0.6467221037219106,1,Medium,United Kingdom,RFM 7-9 (mid-low)
15793.0,15,8,2382.92,297.865,1684,103.28571428571428,723,5,4,4,13,544,0,0.1186833903325297,0,Low,United Kingdom,RFM 13-15 (high)
15794.0,736,2,777.0,388.5,288,0.0,0,1,2,3,6,123,1,0.7187838248201024,1,High,United Kingdom,RFM 3-6 (low)
15795.0,150,8,1979.87,247.48375,1411,77.14285714285714,540,3,4,4,11,344,2,0.2006476252666389,0,Low,United Kingdom,RFM 10-12 (mid-high)
15796.0,1,17,5015.75,295.04411764705884,1713,38.5625,617,5,5,5,15,555,0,0.0288330998742638,0,Low,United Kingdom,RFM 13-15 (high)
15797.0,113,6,2821.08,470.18,1281,113.6,568,3,4,4,11,344,2,0.1504651582343447,0,Low,United Kingdom,RFM 10-12 (mid-high)
15798.0,493,3,1535.37,511.79,915,94.0,188,1,3,4,8,134,1,0.6464661821985922,1,Medium,United Kingdom,RFM 7-9 (mid-low)
15799.0,76,4,1421.34,355.335,1341,114.0,342,3,3,4,10,334,2,0.2670092218476959,0,Low,United Kingdom,RFM 10-12 (mid-high)
15800.0,107,7,1227.07,175.29571428571427,575,85.16666666666667,511,3,4,4,11,344,2,0.3376590934738189,0,Low,United Kingdom,RFM 10-12 (mid-high)
15801.0,46,3,1042.19,347.3966666666667,562,31.5,63,4,3,3,10,433,2,0.3787660955441497,0,Low,United Kingdom,RFM 10-12 (mid-high)
15802.0,143,1,-451.42,-451.42,-1,,0,3,1,1,5,311,1,0.829793985111231,1,High,United Kingdom,RFM 3-6 (low)
15803.0,51,4,1929.66,482.415,1030,208.0,624,4,3,4,11,434,2,0.3860920439481368,0,Low,United Kingdom,RFM 10-12 (mid-high)
15804.0,1,13,3848.55,296.0423076923077,2515,16.5,198,5,5,5,15,555,0,0.0738007624813882,0,Low,United Kingdom,RFM 13-15 (high)
15805.0,23,30,9668.62,322.2873333333334,6087,24.344827586206897,706,4,5,5,14,455,0,0.021383522787621,0,Low,United Kingdom,RFM 13-15 (high)
15806.0,46,3,784.58,261.5266666666667,602,115.0,230,4,3,3,10,433,2,0.4386730762579077,0,Medium,United Kingdom,RFM 10-12 (mid-high)
15807.0,50,5,1807.57,361.514,1531,153.75,615,4,4,4,12,444,2,0.2303986554055189,0,Low,United Kingdom,RFM 10-12 (mid-high)
15808.0,306,21,17038.95,811.3785714285715,6726,21.55,431,2,5,5,12,255,0,0.5033447597184191,1,Medium,United Kingdom,RFM 10-12 (mid-high)
15809.0,36,7,862.88,123.26857142857143,649,83.16666666666667,499,4,4,3,11,443,2,0.3162340610431238,0,Low,United Kingdom,RFM 10-12 (mid-high)
15810.0,79,8,2724.8,340.6,1510,84.85714285714286,594,3,4,4,11,344,2,0.136073077009885,0,Low,United Kingdom,RFM 10-12 (mid-high)
15811.0,22,7,3438.85,491.2642857142857,1771,60.833333333333336,365,4,4,5,13,445,0,0.1046662895008736,0,Low,United Kingdom,RFM 13-15 (high)
15812.0,107,12,5186.17,432.1808333333333,3432,56.09090909090909,617,3,5,5,13,355,0,0.1166422762266604,0,Low,United Kingdom,RFM 13-15 (high)
15813.0,208,2,1303.91,651.9549999999999,603,31.0,31,2,2,4,8,224,1,0.555521012328273,1,Medium,United Kingdom,RFM 7-9 (mid-low)
15814.0,17,6,2531.84,421.97333333333336,1704,117.2,586,5,4,4,13,544,2,0.1119626442112763,0,Low,United Kingdom,RFM 13-15 (high)
15815.0,64,5,2100.6,420.12,1856,49.0,196,3,4,4,11,344,2,0.1493261167737873,0,Low,United Kingdom,RFM 10-12 (mid-high)
15816.0,542,2,93.3,46.65,51,0.0,0,1,2,1,4,121,1,0.7648842706478723,1,High,United Kingdom,RFM 3-6 (low)
15817.0,421,3,2766.4,922.1333333333332,1596,61.0,122,1,3,4,8,134,1,0.7069142457532519,1,High,United Kingdom,RFM 7-9 (mid-low)
15818.0,588,1,340.5,340.5,284,,0,1,1,2,4,112,1,0.8340067108598125,1,High,United Kingdom,RFM 3-6 (low)
15819.0,49,10,3911.28,391.128,2913,64.66666666666667,582,4,5,5,14,455,0,0.0724003310283197,0,Low,United Kingdom,RFM 13-15 (high)
15820.0,320,1,206.98,206.98,128,,0,2,1,1,4,211,1,0.8383130887298271,1,High,United Kingdom,RFM 3-6 (low)
15821.0,44,2,570.96,285.48,202,17.0,17,4,2,2,8,422,2,0.4435379783013652,0,Medium,United Kingdom,RFM 7-9 (mid-low)
15822.0,3,6,1777.91,296.3183333333333,938,145.8,729,5,4,4,13,544,2,0.2310169730115187,0,Low,United Kingdom,RFM 13-15 (high)
15823.0,372,3,3018.86,1006.2866666666667,1486,179.0,358,2,3,5,10,235,1,0.5748174635772754,1,Medium,United Kingdom,RFM 10-12 (mid-high)
15824.0,453,2,890.94,445.47,478,78.0,78,1,2,3,6,123,1,0.7135310256834128,1,High,United Kingdom,RFM 3-6 (low)
15825.0,172,1,532.94,532.94,220,,0,3,1,2,6,312,1,0.7106863861181325,1,High,United Kingdom,RFM 3-6 (low)
15826.0,56,4,2583.13,645.7825,1811,170.33333333333334,511,4,3,4,11,434,2,0.22959325986425,0,Low,United Kingdom,RFM 10-12 (mid-high)
15827.0,73,28,3240.03,115.71535714285714,1640,23.22222222222222,627,3,5,5,13,355,0,0.0683005624573897,0,Low,United Kingdom,RFM 13-15 (high)
15828.0,375,1,1108.82,1108.82,367,,0,2,1,3,6,213,1,0.7382217244864466,1,High,United Kingdom,RFM 3-6 (low)
15829.0,99,2,636.14,318.07,996,41.0,41,3,2,3,8,323,1,0.3987518084153797,0,Low,United Kingdom,RFM 7-9 (mid-low)
15830.0,38,1,547.7,547.7,409,,0,4,1,2,7,412,2,0.3948414011532667,0,Low,United Kingdom,RFM 7-9 (mid-low)
15831.0,58,3,740.64,246.88,1084,132.5,265,4,3,3,10,433,2,0.4007489900641806,0,Medium,United Kingdom,RFM 10-12 (mid-high)
15832.0,254,1,836.79,836.79,465,,0,2,1,3,6,213,1,0.7209952341717341,1,High,United Kingdom,RFM 3-6 (low)
15833.0,738,1,80.4,80.4,24,,0,1,1,1,3,111,1,0.89949568352578,1,High,United Kingdom,RFM 3-6 (low)
15834.0,70,7,3615.54,516.5057142857142,1811,59.0,354,3,4,5,12,345,0,0.119689108104344,0,Low,United Kingdom,RFM 10-12 (mid-high)
15835.0,44,4,954.09,238.5225,439,95.33333333333331,286,4,3,3,10,433,2,0.3696282129161903,0,Low,United Kingdom,RFM 10-12 (mid-high)
15836.0,50,1,117.47,117.47,24,,0,4,1,1,6,411,2,0.7094030953087244,1,High,United Kingdom,RFM 3-6 (low)
15837.0,65,2,777.01,388.505,405,420.0,420,3,2,3,8,323,2,0.5745523250611166,1,Medium,United Kingdom,RFM 7-9 (mid-low)
15838.0,11,34,72727.41,2139.041470588236,54634,21.60606060606061,713,5,5,5,15,555,3,0.0270661847738764,0,Low,United Kingdom,RFM 13-15 (high)
15839.0,33,3,1020.74,340.24666666666667,670,57.0,114,4,3,3,10,433,2,0.2903391015189248,0,Low,United Kingdom,RFM 10-12 (mid-high)
15840.0,59,2,345.66,172.83,394,113.0,113,3,2,2,7,322,2,0.4713240256884622,0,Medium,United Kingdom,RFM 7-9 (mid-low)
15841.0,73,9,2716.5,301.8333333333333,2374,82.125,657,3,5,4,12,354,0,0.0971221942000251,0,Low,United Kingdom,RFM 10-12 (mid-high)
15842.0,393,2,528.75,264.375,288,134.0,134,2,2,2,6,222,1,0.6786153178230094,1,Medium,United Kingdom,RFM 3-6 (low)
15843.0,304,1,118.95000000000002,118.95000000000002,27,,0,2,1,1,4,211,1,0.8935493495676728,1,High,United Kingdom,RFM 3-6 (low)
15844.0,46,1,130.73999999999998,130.73999999999998,134,,0,4,1,1,6,411,2,0.7039206914037159,1,High,United Kingdom,RFM 3-6 (low)
15845.0,18,11,4273.65,388.5136363636364,2085,66.4,664,5,5,5,15,555,0,0.0631614403962112,0,Low,United Kingdom,RFM 13-15 (high)
15846.0,385,1,107.01,107.01,79,,0,2,1,1,4,211,1,0.9037034168980368,1,High,United Kingdom,RFM 3-6 (low)
15847.0,38,5,822.57,164.514,643,150.75,603,4,4,3,11,443,2,0.4236848785581331,0,Medium,United Kingdom,RFM 10-12 (mid-high)
15848.0,622,1,137.99,137.99,45,,0,1,1,1,3,111,1,0.8906759975736608,1,High,United Kingdom,RFM 3-6 (low)
15850.0,19,6,1006.75,167.79166666666666,1334,141.4,707,5,4,3,12,543,2,0.2944328032632892,0,Low,United Kingdom,RFM 10-12 (mid-high)
15851.0,527,1,109.73,109.73,67,,0,1,1,1,3,111,1,0.913213047173906,1,High,United Kingdom,RFM 3-6 (low)
15852.0,187,3,257.26,85.75333333333333,60,170.0,340,3,3,1,7,331,1,0.5447135152250252,1,Medium,United Kingdom,RFM 7-9 (mid-low)
15853.0,52,1,110.8,110.8,135,,0,4,1,1,6,411,2,0.707723856287744,1,High,United Kingdom,RFM 3-6 (low)
15854.0,4,21,5578.28,265.6323809523809,1691,36.25,725,5,5,5,15,555,0,0.0275219574434975,0,Low,United Kingdom,RFM 13-15 (high)
15855.0,137,6,1052.72,175.45333333333335,712,67.8,339,3,4,3,10,343,2,0.3491083583527482,0,Low,United Kingdom,RFM 10-12 (mid-high)
15856.0,4,52,31873.05,612.9432692307693,19450,14.352941176470589,732,5,5,5,15,555,3,0.0207674453736755,0,Low,United Kingdom,RFM 13-15 (high)
15857.0,19,2,570.48,285.24,584,411.0,411,5,2,2,9,522,2,0.5243723029851016,1,Medium,United Kingdom,RFM 7-9 (mid-low)
15858.0,16,13,3509.91,269.9930769230769,2709,59.5,714,5,5,5,15,555,0,0.0460974340610031,0,Low,United Kingdom,RFM 13-15 (high)
15859.0,432,1,438.46,438.46,174,,0,1,1,2,4,112,1,0.7718236307609747,1,High,United Kingdom,RFM 3-6 (low)
15860.0,41,17,2361.3,138.9,1259,43.25,692,4,5,4,13,454,0,0.0815223988816687,0,Low,United Kingdom,RFM 13-15 (high)
15861.0,12,12,4185.4,348.7833333333333,3824,60.63636363636363,667,5,5,5,15,555,0,0.0438259602745617,0,Low,United Kingdom,RFM 13-15 (high)
15862.0,8,13,2512.29,193.2530769230769,1520,59.5,714,5,5,4,14,554,0,0.053808849711618,0,Low,United Kingdom,RFM 13-15 (high)
15863.0,26,5,355.1,71.02000000000001,162,174.25,697,4,4,2,10,442,2,0.4388332081155935,0,Medium,United Kingdom,RFM 10-12 (mid-high)
15864.0,22,7,2014.22,287.7457142857143,1338,59.66666666666666,358,4,4,4,12,444,2,0.1207325506462821,0,Low,United Kingdom,RFM 10-12 (mid-high)
15865.0,41,5,2241.42,448.284,1141,165.5,662,4,4,4,12,444,2,0.2194467816588339,0,Low,United Kingdom,RFM 10-12 (mid-high)
15866.0,101,1,211.89,211.89,124,,0,3,1,1,5,311,1,0.6054982144518672,1,Medium,United Kingdom,RFM 3-6 (low)
15867.0,5,31,8834.2,284.9741935483871,5050,23.966666666666665,719,5,5,5,15,555,0,0.0186933119848235,0,Low,United Kingdom,RFM 13-15 (high)
15868.0,583,1,94.53,94.53,57,,0,1,1,1,3,111,1,0.9066850531579992,1,High,United Kingdom,RFM 3-6 (low)
15869.0,277,3,321.11,107.03666666666668,273,174.5,349,2,3,2,7,232,1,0.702537693811069,1,High,United Kingdom,RFM 7-9 (mid-low)
15870.0,33,4,857.46,214.365,504,137.66666666666666,413,4,3,3,10,433,2,0.3562309946755353,0,Low,United Kingdom,RFM 10-12 (mid-high)
15871.0,437,1,33.099999999999994,33.099999999999994,5,,0,1,1,1,3,111,1,0.8791964207639539,1,High,United Kingdom,RFM 3-6 (low)
15872.0,15,4,729.25,182.3125,467,178.33333333333334,535,5,3,3,11,533,2,0.4381877094391807,0,Medium,United Kingdom,RFM 10-12 (mid-high)
15873.0,500,4,138.23999999999998,34.559999999999995,576,0.3333333333333333,1,1,3,1,5,131,1,0.6941425530516899,1,Medium,United Kingdom,RFM 3-6 (low)
15874.0,64,21,11135.0,530.2380952380952,5054,31.85,637,3,5,5,13,355,0,0.0415047470799403,0,Low,United Kingdom,RFM 13-15 (high)
15875.0,646,1,108.52,108.52,74,,0,1,1,1,3,111,1,0.9078706321406708,1,High,United Kingdom,RFM 3-6 (low)
15876.0,409,2,1449.14,724.5699999999999,886,39.0,39,2,2,4,8,224,1,0.6578889063084279,1,Medium,United Kingdom,RFM 7-9 (mid-low)
15877.0,2,2,437.83,218.915,243,16.0,16,5,2,2,9,522,2,0.3698075370561169,0,Low,United Kingdom,RFM 7-9 (mid-low)
15878.0,562,2,330.77,165.385,243,171.0,171,1,2,2,5,122,1,0.7588720363945769,1,High,United Kingdom,RFM 3-6 (low)
15879.0,404,4,1137.8,284.45,639,105.66666666666669,317,2,3,3,8,233,1,0.6173040579648285,1,Medium,United Kingdom,RFM 7-9 (mid-low)
15880.0,369,1,299.03,299.03,178,,0,2,1,2,5,212,1,0.8005099916327594,1,High,United Kingdom,RFM 3-6 (low)
15881.0,312,5,438.24,87.648,199,13.0,52,2,4,2,8,242,1,0.7748457509781163,1,High,United Kingdom,RFM 7-9 (mid-low)
15882.0,199,8,1098.59,137.32375000000002,637,75.71428571428571,530,2,4,3,9,243,1,0.4294252779213394,0,Medium,United Kingdom,RFM 7-9 (mid-low)
15883.0,2,2,396.48,198.24,223,31.0,31,5,2,2,9,522,2,0.4088379103600087,0,Medium,United Kingdom,RFM 7-9 (mid-low)
15884.0,432,2,238.65000000000003,119.32500000000002,151,303.0,303,1,2,1,4,121,1,0.7648776105232473,1,High,United Kingdom,RFM 3-6 (low)
15885.0,93,15,1737.57,115.838,597,42.42857142857143,594,3,5,4,12,354,0,0.2628748084542542,0,Low,United Kingdom,RFM 10-12 (mid-high)
15886.0,60,4,1052.87,263.21750000000003,667,179.0,537,3,3,3,9,333,2,0.4142127103779737,0,Medium,United Kingdom,RFM 7-9 (mid-low)
15887.0,407,3,1027.15,342.3833333333334,605,74.0,148,2,3,3,8,233,1,0.6577985428367639,1,Medium,United Kingdom,RFM 7-9 (mid-low)
15888.0,81,3,402.12,134.04,123,223.0,446,3,3,2,8,332,2,0.5189343090432981,1,Medium,United Kingdom,RFM 7-9 (mid-low)
15889.0,157,8,1417.15,177.14375,793,81.71428571428571,572,3,4,4,11,344,2,0.3189144867144026,0,Low,United Kingdom,RFM 10-12 (mid-high)
15890.0,395,5,535.65,107.13,119,52.5,210,2,4,2,8,242,1,0.7301600818390813,1,High,United Kingdom,RFM 7-9 (mid-low)
15891.0,227,1,511.68,511.68,418,,0,2,1,2,5,212,1,0.6656467438831735,1,Medium,United Kingdom,RFM 3-6 (low)
15892.0,669,1,128.2,128.2,46,,0,1,1,1,3,111,1,0.9014065140673772,1,High,United Kingdom,RFM 3-6 (low)
15893.0,482,1,305.28000000000003,305.28000000000003,288,,0,1,1,2,4,112,1,0.818177309181316,1,High,United Kingdom,RFM 3-6 (low)
15894.0,253,2,258.25,129.125,164,115.0,115,2,2,1,5,221,1,0.6532034493298273,1,Medium,United Kingdom,RFM 3-6 (low)
15895.0,150,1,179.17,179.17,94,,0,3,1,1,5,311,1,0.7634223183536251,1,High,United Kingdom,RFM 3-6 (low)
15897.0,194,2,208.59,104.295,223,0.0,0,2,2,1,5,221,1,0.6582120474678363,1,Medium,United Kingdom,RFM 3-6 (low)
15898.0,1,25,4934.5,197.38,2143,30.25,726,5,5,5,15,555,0,0.025555951195088,0,Low,United Kingdom,RFM 13-15 (high)
15899.0,369,1,56.25,56.25,39,,0,2,1,1,4,211,1,0.8980651781770966,1,High,United Kingdom,RFM 3-6 (low)
15900.0,24,4,876.67,219.1675,654,179.66666666666666,539,4,3,3,10,433,2,0.3920616796890054,0,Low,United Kingdom,RFM 10-12 (mid-high)
15901.0,17,7,668.73,95.53285714285714,693,87.83333333333333,527,5,4,3,12,543,2,0.3331357223239984,0,Low,United Kingdom,RFM 10-12 (mid-high)
15902.0,380,1,145.01,145.01,124,,0,2,1,1,4,211,1,0.8620279324514919,1,High,United Kingdom,RFM 3-6 (low)
15903.0,10,12,8859.82,738.3183333333333,3917,62.18181818181818,684,5,5,5,15,555,0,0.0374124460554196,0,Low,United Kingdom,RFM 13-15 (high)
15904.0,8,1,164.68,164.68,84,,0,5,1,1,7,511,2,0.5298224274473415,1,Medium,United Kingdom,RFM 7-9 (mid-low)
15905.0,543,1,114.69,114.69,82,,0,1,1,1,3,111,1,0.9082398320967938,1,High,United Kingdom,RFM 3-6 (low)
15906.0,20,10,2442.44,244.244,740,47.888888888888886,431,4,5,4,13,454,0,0.1087020824628603,0,Low,United Kingdom,RFM 13-15 (high)
15907.0,4,3,882.72,294.24,478,103.0,206,5,3,3,11,533,2,0.3489501368404953,0,Low,United Kingdom,RFM 10-12 (mid-high)
15908.0,491,2,758.62,379.31,173,21.0,21,1,2,3,6,123,1,0.7690340169652953,1,High,United Kingdom,RFM 3-6 (low)
15909.0,174,1,191.94,191.94,98,,0,3,1,1,5,311,1,0.6861734844932584,1,Medium,United Kingdom,RFM 3-6 (low)
15910.0,1,15,2661.17,177.41133333333337,2158,49.0,686,5,5,4,14,554,0,0.0419515456079721,0,Low,United Kingdom,RFM 13-15 (high)
15911.0,624,8,1399.45,174.93125,808,15.142857142857142,106,1,4,4,9,144,1,0.6870995368321993,1,Medium,United Kingdom,RFM 7-9 (mid-low)
15912.0,178,9,1074.7,119.41111111111113,759,68.875,551,3,5,3,11,353,2,0.312816416383035,0,Low,United Kingdom,RFM 10-12 (mid-high)
15913.0,534,1,6.300000000000001,6.300000000000001,3,,0,1,1,1,3,111,1,0.8733608756840842,1,High,United Kingdom,RFM 3-6 (low)
15914.0,378,2,205.99,102.995,149,0.0,0,2,2,1,5,221,1,0.7653016821117404,1,High,United Kingdom,RFM 3-6 (low)
15915.0,402,1,364.45,364.45,414,,0,2,1,2,5,212,1,0.8034739759036473,1,High,United Kingdom,RFM 3-6 (low)
15916.0,16,13,3014.04,231.8492307692308,1600,59.333333333333336,712,5,5,5,15,555,0,0.0550884262574168,0,Low,United Kingdom,RFM 13-15 (high)
15917.0,248,5,530.17,106.034,248,122.25,489,2,4,2,8,242,1,0.4864968646265041,0,Medium,United Kingdom,RFM 7-9 (mid-low)
15918.0,191,3,582.88,194.2933333333333,240,220.5,441,2,3,2,7,232,1,0.5388435059781082,1,Medium,United Kingdom,RFM 7-9 (mid-low)
15919.0,20,2,525.69,262.845,385,349.0,349,4,2,2,8,422,2,0.4832755271620757,0,Medium,United Kingdom,RFM 7-9 (mid-low)
15920.0,154,9,569.14,63.23777777777778,238,71.375,571,3,5,2,10,352,2,0.4241497721693921,0,Medium,United Kingdom,RFM 10-12 (mid-high)
15921.0,173,4,775.26,193.815,335,156.0,468,3,3,3,9,333,1,0.4580002537169344,0,Medium,United Kingdom,RFM 7-9 (mid-low)
15922.0,373,1,363.6,363.6,136,,0,2,1,2,5,212,1,0.8146034417460122,1,High,United Kingdom,RFM 3-6 (low)
15923.0,373,1,127.08,127.08,122,,0,2,1,1,4,211,1,0.8688204056244626,1,High,United Kingdom,RFM 3-6 (low)
15924.0,731,1,102.82,102.82,103,,0,1,1,1,3,111,1,0.8823539205212347,1,High,United Kingdom,RFM 3-6 (low)
15925.0,194,1,207.15,207.15,93,,0,2,1,1,4,211,1,0.7252768273299008,1,High,United Kingdom,RFM 3-6 (low)
15926.0,542,1,134.44,134.44,155,,0,1,1,1,3,111,1,0.8734286036535704,1,High,United Kingdom,RFM 3-6 (low)
15927.0,647,1,106.54,106.54,66,,0,1,1,1,3,111,1,0.907775327404052,1,High,United Kingdom,RFM 3-6 (low)
15928.0,656,1,293.53,293.53,164,,0,1,1,2,4,112,1,0.8177990894247368,1,High,United Kingdom,RFM 3-6 (low)
15929.0,644,1,594.0,594.0,120,,0,1,1,3,5,113,1,0.7710312372663188,1,High,United Kingdom,RFM 3-6 (low)
15930.0,67,1,426.63,426.63,139,,0,3,1,2,6,312,2,0.5721077011957161,1,Medium,United Kingdom,RFM 3-6 (low)
15931.0,428,1,239.9,239.9,118,,0,1,1,1,3,111,1,0.8364331988738871,1,High,United Kingdom,RFM 3-6 (low)
15932.0,4,8,2461.85,307.73125,2311,40.71428571428572,285,5,4,4,13,544,0,0.0892266425658744,0,Low,United Kingdom,RFM 13-15 (high)
15933.0,21,3,1107.46,369.15333333333336,885,32.5,65,4,3,3,10,433,2,0.2594064991853033,0,Low,United Kingdom,RFM 10-12 (mid-high)
15934.0,418,2,2190.66,1095.33,2166,11.0,11,1,2,4,7,124,1,0.7203510993476729,1,High,United Kingdom,RFM 7-9 (mid-low)
15935.0,239,2,108.04,54.02,-171,2.0,2,2,2,1,5,221,1,0.7142967023757467,1,High,United Kingdom,RFM 3-6 (low)
15936.0,379,2,282.79,141.395,211,88.0,88,2,2,2,6,222,1,0.7936030062825847,1,High,United Kingdom,RFM 3-6 (low)
15937.0,64,1,145.35,145.35,73,,0,3,1,1,5,311,2,0.7106358123885766,1,High,United Kingdom,RFM 3-6 (low)
15938.0,112,9,734.81,81.64555555555555,449,55.5,444,3,5,3,11,353,2,0.2791928420564574,0,Low,United Kingdom,RFM 10-12 (mid-high)
15939.0,90,16,9047.64,565.4775,6257,18.933333333333334,284,3,5,5,13,355,0,0.1093951417519358,0,Low,United Kingdom,RFM 13-15 (high)
15940.0,311,1,-3.552713678800501e-15,-3.552713678800501e-15,-1,,0,2,1,1,4,211,1,0.890592543147335,1,High,United Kingdom,RFM 3-6 (low)
15941.0,637,1,230.6,230.6,28,,0,1,1,1,3,111,1,0.8719232901313612,1,High,United Kingdom,RFM 3-6 (low)
15942.0,134,1,337.44,337.44,232,,0,3,1,2,6,312,1,0.694885953036669,1,Medium,United Kingdom,RFM 3-6 (low)
15943.0,650,2,271.29,135.64499999999998,183,28.0,28,1,2,2,5,122,1,0.7930336294104309,1,High,United Kingdom,RFM 3-6 (low)
15944.0,277,4,2164.24,541.06,859,149.66666666666666,449,2,3,4,9,234,1,0.5350182796857095,1,Medium,United Kingdom,RFM 7-9 (mid-low)
15945.0,365,4,646.27,161.5675,345,124.0,372,2,3,3,8,233,1,0.6040725097914914,1,Medium,United Kingdom,RFM 7-9 (mid-low)
15946.0,503,3,2304.18,768.06,1614,65.5,131,1,3,4,8,134,1,0.6835725030249339,1,Medium,United Kingdom,RFM 7-9 (mid-low)
15947.0,83,1,1708.24,1708.24,898,,0,3,1,4,8,314,1,0.6858839092667232,1,Medium,United Kingdom,RFM 7-9 (mid-low)
15948.0,8,3,1509.09,503.03,852,208.0,416,5,3,4,12,534,2,0.4236332585723799,0,Medium,United Kingdom,RFM 10-12 (mid-high)
15949.0,17,2,364.72,182.36,284,54.0,54,5,2,2,9,522,2,0.4194070886503838,0,Medium,United Kingdom,RFM 7-9 (mid-low)
15950.0,32,10,6878.71,687.871,3300,72.22222222222223,650,4,5,5,14,455,0,0.0520829625426037,0,Low,United Kingdom,RFM 13-15 (high)
15951.0,9,3,974.52,324.84,413,186.0,372,5,3,3,11,533,2,0.4770934761744329,0,Medium,United Kingdom,RFM 10-12 (mid-high)
15952.0,34,4,781.91,195.4775,391,63.66666666666666,191,4,4,3,11,443,2,0.3204769982001174,0,Low,United Kingdom,RFM 10-12 (mid-high)
15953.0,15,18,3295.49,183.08277777777772,1638,42.41176470588236,721,5,5,5,15,555,0,0.0390925814161698,0,Low,United Kingdom,RFM 13-15 (high)
15954.0,589,1,190.75,190.75,119,,0,1,1,1,3,111,1,0.847323021233112,1,High,United Kingdom,RFM 3-6 (low)
15955.0,24,22,8050.23,365.9195454545455,3952,29.95238095238096,629,4,5,5,14,455,0,0.0225238591051311,0,Low,United Kingdom,RFM 13-15 (high)
15956.0,551,2,617.6,308.8,278,175.0,175,1,2,3,6,123,1,0.712953913570226,1,High,United Kingdom,RFM 3-6 (low)
15957.0,32,3,921.25,307.0833333333333,453,194.5,389,4,3,3,10,433,2,0.4927265180539077,0,Medium,United Kingdom,RFM 10-12 (mid-high)
15958.0,74,4,462.12,115.53,154,158.66666666666666,476,3,4,2,9,342,2,0.4480597494219758,0,Medium,United Kingdom,RFM 7-9 (mid-low)
15959.0,682,3,542.89,180.9633333333333,269,0.0,0,1,3,2,6,132,1,0.7456353613891327,1,High,United Kingdom,RFM 3-6 (low)
15960.0,374,4,394.0,98.5,257,20.33333333333333,61,2,4,2,8,242,1,0.8110713585432507,1,High,United Kingdom,RFM 7-9 (mid-low)
15961.0,379,1,451.29,451.29,154,,0,2,1,2,5,212,1,0.7412602698200924,1,High,United Kingdom,RFM 3-6 (low)
15962.0,449,1,289.48,289.48,228,,0,1,1,2,4,112,1,0.8235900429440572,1,High,United Kingdom,RFM 3-6 (low)
15963.0,20,2,470.76,235.38,298,25.0,25,4,2,2,8,422,2,0.3517621640635167,0,Low,United Kingdom,RFM 7-9 (mid-low)
15964.0,663,1,269.21000000000004,269.21000000000004,93,,0,1,1,2,4,112,1,0.8253163727584132,1,High,United Kingdom,RFM 3-6 (low)
15965.0,17,13,2758.19,212.1684615384616,1308,59.91666666666666,719,5,5,4,14,554,0,0.0528331290801558,0,Low,United Kingdom,RFM 13-15 (high)
15966.0,451,1,399.58,399.58,268,,0,1,1,2,4,112,1,0.8208777106099747,1,High,United Kingdom,RFM 3-6 (low)
15967.0,23,12,2943.6,245.3,1179,65.0,715,4,5,5,14,455,0,0.0692434688501105,0,Low,United Kingdom,RFM 13-15 (high)
15968.0,388,1,404.55,404.55,247,,0,2,1,2,5,212,1,0.774919681252981,1,High,United Kingdom,RFM 3-6 (low)
15969.0,3,5,1043.85,208.77,219,129.75,519,5,4,3,12,543,2,0.3741445247141955,0,Low,United Kingdom,RFM 10-12 (mid-high)
15970.0,304,2,1017.32,508.66,498,295.0,295,2,2,3,7,223,1,0.6473321652951691,1,Medium,United Kingdom,RFM 7-9 (mid-low)
15971.0,18,18,4930.43,273.9127777777778,1955,42.0,714,5,5,5,15,555,0,0.03403317100302,0,Low,United Kingdom,RFM 13-15 (high)
15972.0,456,5,1769.33,353.866,468,35.75,143,1,4,4,9,144,1,0.6599291313797834,1,Medium,United Kingdom,RFM 7-9 (mid-low)
15973.0,367,3,472.57,157.52333333333334,176,31.0,62,2,3,2,7,232,1,0.7439121882452084,1,High,United Kingdom,RFM 7-9 (mid-low)
15974.0,39,7,3429.55,489.9357142857143,2256,41.5,249,4,4,5,13,445,0,0.1168305003711953,0,Low,United Kingdom,RFM 13-15 (high)
15975.0,84,1,371.01,371.01,243,,0,3,1,2,6,312,1,0.6229505907150574,1,Medium,United Kingdom,RFM 3-6 (low)
15976.0,165,6,1694.41,282.4016666666667,1053,77.0,385,3,4,4,11,344,1,0.2468705890572048,0,Low,United Kingdom,RFM 10-12 (mid-high)
15977.0,17,2,1054.73,527.365,1016,21.0,21,5,2,3,10,523,2,0.2690337529960028,0,Low,United Kingdom,RFM 10-12 (mid-high)
15978.0,77,3,3272.62,1090.8733333333332,2440,283.5,567,3,3,5,11,335,2,0.3396481933116797,0,Low,United Kingdom,RFM 10-12 (mid-high)
15979.0,603,1,329.22,329.22,450,,0,1,1,2,4,112,1,0.8247054396106637,1,High,United Kingdom,RFM 3-6 (low)
15980.0,89,7,6496.28,928.04,4786,77.83333333333333,467,3,4,5,12,345,0,0.1312097308643785,0,Low,United Kingdom,RFM 10-12 (mid-high)
15981.0,25,21,9268.07,441.3366666666666,4778,29.75,595,4,5,5,14,455,0,0.0246625206828512,0,Low,United Kingdom,RFM 13-15 (high)
15982.0,605,1,324.51,324.51,131,,0,1,1,2,4,112,1,0.8196890987407016,1,High,United Kingdom,RFM 3-6 (low)
15983.0,22,8,3110.37,388.79625,1872,101.57142857142856,711,4,4,5,13,445,0,0.1042417941777581,0,Low,United Kingdom,RFM 13-15 (high)
15984.0,3,30,8304.82,276.82733333333334,5710,25.344827586206897,735,5,5,5,15,555,0,0.0186933119848235,0,Low,United Kingdom,RFM 13-15 (high)
15985.0,123,7,2610.28,372.8971428571429,2500,73.0,438,3,4,4,11,344,2,0.1724282938173283,0,Low,United Kingdom,RFM 10-12 (mid-high)
15986.0,30,2,354.42,177.21,368,351.0,351,4,2,2,8,422,2,0.554958382668781,1,Medium,United Kingdom,RFM 7-9 (mid-low)
15987.0,12,8,1535.99,191.99875,1599,52.42857142857143,367,5,4,4,13,544,2,0.1228547301572619,0,Low,United Kingdom,RFM 13-15 (high)
15988.0,19,3,738.89,246.29666666666665,476,318.5,637,5,3,3,11,533,2,0.4934282402864911,0,Medium,United Kingdom,RFM 10-12 (mid-high)
15989.0,376,2,368.31,184.155,169,361.0,361,2,2,2,6,222,1,0.7448535594265755,1,High,United Kingdom,RFM 3-6 (low)
15990.0,44,7,1997.75,285.3928571428572,1086,100.83333333333331,605,4,4,4,12,444,2,0.1654545844197152,0,Low,United Kingdom,RFM 10-12 (mid-high)
15991.0,534,1,150.55,150.55,41,,0,1,1,1,3,111,1,0.8962073664386986,1,High,United Kingdom,RFM 3-6 (low)
15992.0,4,3,896.6,298.8666666666667,514,224.5,449,5,3,3,11,533,2,0.4681915829449734,0,Medium,United Kingdom,RFM 10-12 (mid-high)
15993.0,9,7,2736.92,390.98857142857145,2028,5.833333333333333,35,5,4,4,13,544,0,0.1270466891681994,0,Low,United Kingdom,RFM 13-15 (high)
15994.0,55,3,1172.34,390.78,460,290.5,581,4,3,3,10,433,2,0.5362938761709644,1,Medium,United Kingdom,RFM 10-12 (mid-high)
15995.0,414,1,694.54,694.54,352,,0,1,1,3,5,113,1,0.6982386856659882,1,Medium,United Kingdom,RFM 3-6 (low)
15996.0,88,7,1370.5,195.78571428571428,641,51.333333333333336,308,3,4,4,11,344,2,0.2320039272349353,0,Low,United Kingdom,RFM 10-12 (mid-high)
15998.0,37,16,8186.19,511.636875,5331,46.8,702,4,5,5,14,455,0,0.0410746792004887,0,Low,United Kingdom,RFM 13-15 (high)
15999.0,736,1,20.4,20.4,24,,0,1,1,1,3,111,1,0.8598150216229569,1,High,United Kingdom,RFM 3-6 (low)
16000.0,3,3,12393.7,4131.233333333334,5110,0.0,0,5,3,5,13,535,0,0.4852639764152853,0,Medium,United Kingdom,RFM 13-15 (high)
16001.0,381,1,519.06,519.06,305,,0,2,1,2,5,212,1,0.7048860091690452,1,High,United Kingdom,RFM 3-6 (low)
16002.0,625,1,169.21,169.21,70,,0,1,1,1,3,111,1,0.8990585218592279,1,High,United Kingdom,RFM 3-6 (low)
16003.0,30,10,5613.83,561.383,2210,78.44444444444444,706,4,5,5,14,455,0,0.0819835409916611,0,Low,United Kingdom,RFM 13-15 (high)
16004.0,475,5,2146.39,429.278,1076,52.0,208,1,4,4,9,144,1,0.6046259585038813,1,Medium,United Kingdom,RFM 7-9 (mid-low)
16005.0,12,10,2333.04,233.304,1258,48.66666666666666,438,5,5,4,14,554,0,0.0846301231701834,0,Low,United Kingdom,RFM 13-15 (high)
16006.0,211,2,332.82,166.41,205,176.0,176,2,2,2,6,222,1,0.604129212239448,1,Medium,United Kingdom,RFM 3-6 (low)
16007.0,48,7,3053.06,436.1514285714285,2631,82.5,495,4,4,5,13,445,2,0.1094306751892716,0,Low,United Kingdom,RFM 13-15 (high)
16008.0,24,15,5339.13,355.942,3237,43.285714285714285,606,4,5,5,14,455,0,0.0293555169559768,0,Low,United Kingdom,RFM 13-15 (high)
16009.0,22,4,972.11,243.0275,366,45.66666666666666,137,4,4,3,11,443,2,0.3118355317806633,0,Low,United Kingdom,RFM 10-12 (mid-high)
16010.0,246,11,1692.91,153.9009090909091,918,16.5,165,2,5,4,11,254,1,0.6239145676527849,1,Medium,United Kingdom,RFM 10-12 (mid-high)
16011.0,8,29,5587.56,192.6744827586207,3320,26.071428571428573,730,5,5,5,15,555,0,0.0198825494432231,0,Low,United Kingdom,RFM 13-15 (high)
16012.0,35,5,2978.59,595.7180000000001,1760,123.5,494,4,4,5,13,445,2,0.1677222422699566,0,Low,United Kingdom,RFM 13-15 (high)
16013.0,4,84,51420.92,612.1538095238095,23511,8.771084337349398,728,5,5,5,15,555,3,0.0243594351971524,0,Low,United Kingdom,RFM 13-15 (high)
16014.0,38,5,1091.03,218.206,458,159.75,639,4,4,3,11,443,2,0.3847241444005362,0,Low,United Kingdom,RFM 10-12 (mid-high)
16015.0,4,3,689.6999999999999,229.9,904,22.5,45,5,3,3,11,533,2,0.268330834856593,0,Low,United Kingdom,RFM 10-12 (mid-high)
16016.0,3,11,2053.0,186.63636363636363,876,39.9,399,5,5,4,14,554,0,0.1173101297159088,0,Low,United Kingdom,RFM 13-15 (high)
16017.0,47,5,1545.58,309.116,635,164.0,656,4,4,4,12,444,2,0.3701899442412349,0,Low,United Kingdom,RFM 10-12 (mid-high)
16018.0,39,4,698.13,174.5325,503,231.0,693,4,4,3,11,443,2,0.4857079202375148,0,Medium,United Kingdom,RFM 10-12 (mid-high)
16019.0,47,27,16503.46,611.2392592592593,6610,26.07692307692308,678,4,5,5,14,455,0,0.037463632479924,0,Low,United Kingdom,RFM 13-15 (high)
16020.0,17,3,851.01,283.67,487,24.0,48,5,3,3,11,533,2,0.3105730863459849,0,Low,United Kingdom,RFM 10-12 (mid-high)
16021.0,395,2,487.03,243.515,276,149.0,149,2,2,2,6,222,1,0.7369327375696811,1,High,United Kingdom,RFM 3-6 (low)
16022.0,260,1,602.63,602.63,255,,0,2,1,3,6,213,1,0.7207551554826053,1,High,United Kingdom,RFM 3-6 (low)
16023.0,46,3,719.81,239.93666666666664,358,110.0,220,4,3,3,10,433,2,0.4298928410185963,0,Medium,United Kingdom,RFM 10-12 (mid-high)
16024.0,12,3,483.99,161.33,504,199.5,399,5,3,2,10,532,2,0.4905740308377577,0,Medium,United Kingdom,RFM 10-12 (mid-high)
16025.0,30,1,439.66,439.66,338,,0,4,1,2,7,412,2,0.4213340631486138,0,Medium,United Kingdom,RFM 7-9 (mid-low)
16026.0,43,1,236.09,236.09,243,,0,4,1,1,6,411,2,0.4669403841093302,0,Medium,United Kingdom,RFM 3-6 (low)
16027.0,92,15,1799.84,119.98933333333336,2020,43.42857142857143,608,3,5,4,12,354,0,0.1460940810794078,0,Low,United Kingdom,RFM 10-12 (mid-high)
16028.0,596,1,82.2,82.2,18,,0,1,1,1,3,111,1,0.8992321079271868,1,High,United Kingdom,RFM 3-6 (low)
16029.0,39,107,89705.47,838.3688785046729,47913,6.528301886792453,692,4,5,5,14,455,3,0.0505408802033304,0,Low,United Kingdom,RFM 13-15 (high)
16030.0,310,1,331.24,331.24,283,,0,2,1,2,5,212,1,0.8053161516697197,1,High,United Kingdom,RFM 3-6 (low)
16031.0,92,2,547.9,273.95,421,154.0,154,3,2,2,7,322,1,0.4503934715983525,0,Medium,United Kingdom,RFM 7-9 (mid-low)
16032.0,456,6,1965.72,327.62,1467,13.4,67,1,4,4,9,144,1,0.696681713285517,1,Medium,United Kingdom,RFM 7-9 (mid-low)
16033.0,6,27,10465.07,387.5951851851852,4164,18.423076923076923,479,5,5,5,15,555,0,0.0287257860333078,0,Low,United Kingdom,RFM 13-15 (high)
16034.0,196,6,908.37,151.395,584,42.6,213,2,4,3,9,243,1,0.5858045808513475,1,Medium,United Kingdom,RFM 7-9 (mid-low)
16035.0,560,1,217.73,217.73,33,,0,1,1,1,3,111,1,0.8704106036982644,1,High,United Kingdom,RFM 3-6 (low)
16036.0,87,4,2556.84,639.21,1369,177.66666666666666,533,3,4,4,11,344,2,0.3114850525328959,0,Low,United Kingdom,RFM 10-12 (mid-high)
16037.0,270,5,1489.44,297.88800000000003,764,94.5,378,2,4,4,10,244,1,0.4581773532833487,0,Medium,United Kingdom,RFM 10-12 (mid-high)
16038.0,8,3,454.33,151.44333333333336,241,97.0,194,5,3,2,10,532,2,0.4360572109706654,0,Medium,United Kingdom,RFM 10-12 (mid-high)
16039.0,424,2,449.65,224.825,408,204.0,204,1,2,2,5,122,1,0.6897877131430447,1,Medium,United Kingdom,RFM 3-6 (low)
16040.0,65,7,2383.7000000000003,340.52857142857147,1161,90.66666666666669,544,3,4,4,11,344,2,0.1411792221417143,0,Low,United Kingdom,RFM 10-12 (mid-high)
16041.0,31,3,3166.4,1055.4666666666667,1584,55.0,110,4,3,5,12,435,2,0.3040389434219029,0,Low,United Kingdom,RFM 10-12 (mid-high)
16042.0,22,8,2183.1,272.8875,1417,61.57142857142857,431,4,4,4,12,444,0,0.1075209333819006,0,Low,United Kingdom,RFM 10-12 (mid-high)
16043.0,38,8,1856.59,232.07375,1011,63.42857142857143,444,4,4,4,12,444,2,0.144742898425898,0,Low,United Kingdom,RFM 10-12 (mid-high)
16044.0,435,1,340.84000000000003,340.84000000000003,170,,0,1,1,2,4,112,1,0.8330055086293546,1,High,United Kingdom,RFM 3-6 (low)
16045.0,120,8,3187.03,398.37875,1942,54.0,378,3,4,5,12,345,0,0.151289504919108,0,Low,United Kingdom,RFM 10-12 (mid-high)
16046.0,562,1,235.78,235.78,248,,0,1,1,1,3,111,1,0.8434727687897037,1,High,United Kingdom,RFM 3-6 (low)
16048.0,373,4,800.09,200.0225,423,58.66666666666666,176,2,4,3,9,243,1,0.6507699398435122,1,Medium,United Kingdom,RFM 7-9 (mid-low)
16049.0,40,6,1852.15,308.69166666666666,1132,95.0,475,4,4,4,12,444,2,0.1628835826367086,0,Low,United Kingdom,RFM 10-12 (mid-high)
16050.0,174,3,300.7,100.23333333333332,388,113.5,227,3,3,2,8,332,1,0.4994976199428175,0,Medium,United Kingdom,RFM 7-9 (mid-low)
16051.0,682,1,188.44,188.44,80,,0,1,1,1,3,111,1,0.8689891114450148,1,High,United Kingdom,RFM 3-6 (low)
16052.0,54,1,362.06,362.06,282,,0,4,1,2,7,412,2,0.539651890307525,1,Medium,United Kingdom,RFM 7-9 (mid-low)
16053.0,33,6,3606.14,601.0233333333333,3061,115.6,578,4,4,5,13,445,2,0.1029647408463644,0,Low,United Kingdom,RFM 13-15 (high)
16054.0,145,4,2090.68,522.67,779,157.0,471,3,4,4,11,344,1,0.4861709553094626,0,Medium,United Kingdom,RFM 10-12 (mid-high)
16055.0,221,1,134.8,134.8,22,,0,2,1,1,4,211,1,0.837756278553762,1,High,United Kingdom,RFM 3-6 (low)
16056.0,45,1,650.75,650.75,345,,0,4,1,3,8,413,2,0.4482196195920829,0,Medium,United Kingdom,RFM 7-9 (mid-low)
16057.0,16,10,3202.07,320.207,1432,76.0,684,5,5,5,15,555,0,0.0618063270271965,0,Low,United Kingdom,RFM 13-15 (high)
16058.0,406,1,62.7,62.7,18,,0,2,1,1,4,211,1,0.8945602384010221,1,High,United Kingdom,RFM 3-6 (low)
16059.0,66,12,3053.57,254.46416666666667,1431,45.72727272727273,503,3,5,5,13,355,0,0.0701753183081023,0,Low,United Kingdom,RFM 13-15 (high)
16060.0,401,3,541.95,180.65,243,46.5,93,2,3,2,7,232,1,0.7589681328067722,1,High,United Kingdom,RFM 7-9 (mid-low)
16061.0,431,1,44.95,44.95,13,,0,1,1,1,3,111,1,0.8902088380869645,1,High,United Kingdom,RFM 3-6 (low)
16062.0,10,8,2863.45,357.93125,2035,75.14285714285714,526,5,4,5,14,545,0,0.0706822989710087,0,Low,United Kingdom,RFM 13-15 (high)
16063.0,260,1,335.32,335.32,262,,0,2,1,2,5,212,1,0.7381162604162497,1,High,United Kingdom,RFM 3-6 (low)
16064.0,725,1,109.31,109.31,55,,0,1,1,1,3,111,1,0.906471769207047,1,High,United Kingdom,RFM 3-6 (low)
16065.0,365,8,1975.13,246.89125,1205,13.857142857142858,97,2,5,4,11,254,1,0.7123251151502258,1,High,United Kingdom,RFM 10-12 (mid-high)
16066.0,17,5,1521.04,304.208,935,26.75,107,5,4,4,13,544,2,0.1826043049756828,0,Low,United Kingdom,RFM 13-15 (high)
16067.0,563,3,2900.01,966.67,1166,56.0,112,1,3,5,9,135,1,0.6968984573355441,1,Medium,United Kingdom,RFM 7-9 (mid-low)
16068.0,594,1,115.73,115.73,48,,0,1,1,1,3,111,1,0.9009917203414952,1,High,United Kingdom,RFM 3-6 (low)
16069.0,418,1,457.7,457.7,138,,0,1,1,2,4,112,1,0.7543701156823961,1,High,United Kingdom,RFM 3-6 (low)
16070.0,22,2,852.15,426.075,457,9.0,9,4,2,3,9,423,2,0.3380648166978651,0,Low,United Kingdom,RFM 7-9 (mid-low)
16071.0,45,4,1076.8,269.2,697,203.3333333333333,610,4,4,3,11,443,2,0.4241770940171737,0,Medium,United Kingdom,RFM 10-12 (mid-high)
16072.0,288,4,4180.09,1045.0225,1580,86.66666666666667,260,2,4,5,11,245,1,0.5363015898946223,1,Medium,United Kingdom,RFM 10-12 (mid-high)
16073.0,297,1,94.35,94.35,37,,0,2,1,1,4,211,1,0.8888418015896811,1,High,United Kingdom,RFM 3-6 (low)
16074.0,390,1,252.5,252.5,38,,0,2,1,1,4,211,1,0.8622272422296922,1,High,United Kingdom,RFM 3-6 (low)
16075.0,503,2,726.98,363.49,270,61.0,61,1,2,3,6,123,1,0.7662011980831896,1,High,United Kingdom,RFM 3-6 (low)
16076.0,3,10,2173.53,217.353,1363,22.77777777777778,205,5,5,4,14,554,0,0.1050733333131155,0,Low,United Kingdom,RFM 13-15 (high)
16077.0,626,1,600.0,600.0,528,,0,1,1,3,5,113,1,0.7471693174068771,1,High,United Kingdom,RFM 3-6 (low)
16078.0,284,2,362.99,181.495,200,385.0,385,2,2,2,6,222,1,0.7480078434003885,1,High,United Kingdom,RFM 3-6 (low)
16079.0,17,3,1352.0,450.6666666666667,864,11.5,23,5,3,4,12,534,2,0.2814896073165402,0,Low,United Kingdom,RFM 10-12 (mid-high)
16080.0,82,4,472.9,118.225,256,122.66666666666669,368,3,4,2,9,342,2,0.4879494418065806,0,Medium,United Kingdom,RFM 7-9 (mid-low)
16081.0,56,8,4278.96,534.87,2177,88.28571428571429,618,4,5,5,14,455,0,0.1473123719400269,0,Low,United Kingdom,RFM 13-15 (high)
16082.0,670,1,106.75,106.75,39,,0,1,1,1,3,111,1,0.9032517429155,1,High,United Kingdom,RFM 3-6 (low)
16083.0,101,4,2351.42,587.855,1514,95.66666666666669,287,3,4,4,11,344,2,0.3184045676182891,0,Low,United Kingdom,RFM 10-12 (mid-high)
16084.0,299,1,436.18,436.18,216,,0,2,1,2,5,212,1,0.7517481567038153,1,High,United Kingdom,RFM 3-6 (low)
16085.0,23,12,2335.23,194.6025,1380,60.36363636363637,664,4,5,4,13,454,0,0.0725747833987842,0,Low,United Kingdom,RFM 13-15 (high)
16086.0,59,10,2685.65,268.565,1449,75.22222222222223,677,3,5,4,12,354,0,0.079271999042226,0,Low,United Kingdom,RFM 10-12 (mid-high)
16087.0,389,5,1739.92,347.98400000000004,664,75.0,300,2,4,4,10,244,1,0.5382133950730669,1,Medium,United Kingdom,RFM 10-12 (mid-high)
16088.0,576,2,1437.43,718.715,373,15.0,15,1,2,4,7,124,1,0.6968253287401533,1,Medium,United Kingdom,RFM 7-9 (mid-low)
16089.0,386,2,263.49,131.745,119,122.0,122,2,2,1,5,221,1,0.7918164396402445,1,High,United Kingdom,RFM 3-6 (low)
16090.0,624,1,180.56,180.56,58,,0,1,1,1,3,111,1,0.8870566551028672,1,High,United Kingdom,RFM 3-6 (low)
16091.0,155,2,315.06,157.53,154,43.0,43,3,2,2,7,322,1,0.6417912911796787,1,Medium,United Kingdom,RFM 7-9 (mid-low)
16092.0,115,6,1515.49,252.58166666666668,1151,92.8,464,3,4,4,11,344,2,0.2053678050235829,0,Low,United Kingdom,RFM 10-12 (mid-high)
16093.0,107,1,17.0,17.0,20,,0,3,1,1,5,311,1,0.7000617644562209,1,High,United Kingdom,RFM 3-6 (low)
16094.0,12,11,3599.16,327.1963636363636,1992,59.0,590,5,5,5,15,555,0,0.0538215626580443,0,Low,United Kingdom,RFM 13-15 (high)
16095.0,456,1,447.05,447.05,265,,0,1,1,2,4,112,1,0.7978892048860906,1,High,United Kingdom,RFM 3-6 (low)
16096.0,264,4,1584.97,396.2425,700,126.66666666666669,380,2,4,4,10,244,1,0.4835680015842865,0,Medium,United Kingdom,RFM 10-12 (mid-high)
16097.0,240,1,185.05,185.05,87,,0,2,1,1,4,211,1,0.7855199162821475,1,High,United Kingdom,RFM 3-6 (low)
16098.0,88,14,4010.7,286.4785714285714,2008,49.0,637,3,5,5,13,355,0,0.0942837756090993,0,Low,United Kingdom,RFM 13-15 (high)
16099.0,50,7,1568.25,224.03571428571428,959,99.33333333333331,596,4,4,4,12,444,2,0.2342841663109234,0,Low,United Kingdom,RFM 10-12 (mid-high)
16100.0,463,1,582.64,582.64,438,,0,1,1,2,4,112,1,0.7523031169679842,1,High,United Kingdom,RFM 3-6 (low)
16101.0,71,4,3167.42,791.855,1823,163.33333333333334,490,3,4,5,12,345,2,0.243410052742165,0,Low,United Kingdom,RFM 10-12 (mid-high)
16102.0,42,3,1842.14,614.0466666666667,942,43.0,86,4,3,4,11,434,2,0.3454689566533231,0,Low,United Kingdom,RFM 10-12 (mid-high)
16103.0,7,22,6002.76,272.8527272727273,2606,33.0,693,5,5,5,15,555,0,0.0239394105001426,0,Low,United Kingdom,RFM 13-15 (high)
16104.0,62,9,2511.21,279.0233333333333,1008,83.875,671,3,5,4,12,354,0,0.1378012078045494,0,Low,United Kingdom,RFM 10-12 (mid-high)
16105.0,249,5,2386.19,477.238,2125,88.75,355,2,4,4,10,244,1,0.3970975656470944,0,Low,United Kingdom,RFM 10-12 (mid-high)
16106.0,66,1,108.38,108.38,74,,0,3,1,1,5,311,2,0.7588778655833778,1,High,United Kingdom,RFM 3-6 (low)
16107.0,18,7,3204.1600000000003,457.7371428571429,1176,27.5,165,5,4,5,14,545,0,0.1320537752224721,0,Low,United Kingdom,RFM 13-15 (high)
16108.0,85,4,2171.93,542.9825,1446,182.0,546,3,4,4,11,344,2,0.3882968142550871,0,Low,United Kingdom,RFM 10-12 (mid-high)
16109.0,219,3,923.58,307.86,1090,239.5,479,2,3,3,8,233,1,0.4910167674950731,0,Medium,United Kingdom,RFM 7-9 (mid-low)
16110.0,45,4,1781.59,445.3975,880,159.0,477,4,4,4,12,444,2,0.3394879186686794,0,Low,United Kingdom,RFM 10-12 (mid-high)
16111.0,428,1,549.33,549.33,233,,0,1,1,2,4,112,1,0.7517316168720752,1,High,United Kingdom,RFM 3-6 (low)
16112.0,143,4,195.74,48.935,574,65.0,195,3,4,1,8,341,1,0.5248198271253309,1,Medium,United Kingdom,RFM 7-9 (mid-low)
16113.0,183,1,161.38,161.38,176,,0,3,1,1,5,311,1,0.796485077952334,1,High,United Kingdom,RFM 3-6 (low)
16114.0,171,1,135.75000000000003,135.75000000000003,43,,0,3,1,1,5,311,1,0.8033431533932094,1,High,United Kingdom,RFM 3-6 (low)
16115.0,10,12,2553.8,212.8166666666667,1589,51.27272727272727,564,5,5,4,14,554,0,0.0527997104541912,0,Low,United Kingdom,RFM 13-15 (high)
16116.0,212,1,592.88,592.88,246,,0,2,1,3,6,213,1,0.7139379821463113,1,High,United Kingdom,RFM 3-6 (low)
16117.0,190,3,650.05,216.6833333333333,318,200.5,401,2,3,3,8,233,1,0.5472857727977485,1,Medium,United Kingdom,RFM 7-9 (mid-low)
16118.0,653,1,4255.43,4255.43,2822,,0,1,1,5,7,115,1,0.7762114983083308,1,High,United Kingdom,RFM 7-9 (mid-low)
16119.0,8,8,1720.81,215.10125,811,102.14285714285714,715,5,5,4,14,554,0,0.2221341836929013,0,Low,United Kingdom,RFM 13-15 (high)
16120.0,59,6,2952.51,492.085,2149,72.4,362,3,4,5,12,345,2,0.1347891786195127,0,Low,United Kingdom,RFM 10-12 (mid-high)
16121.0,57,5,1430.14,286.028,877,127.0,508,4,4,4,12,444,2,0.2834136918080419,0,Low,United Kingdom,RFM 10-12 (mid-high)
16122.0,73,6,895.62,149.27,1280,70.4,352,3,4,3,10,343,2,0.2265027556173155,0,Low,United Kingdom,RFM 10-12 (mid-high)
16123.0,52,1,307.78,307.78,170,,0,4,1,2,7,412,2,0.4878449680200675,0,Medium,United Kingdom,RFM 7-9 (mid-low)
16124.0,317,4,1709.39,427.3475,789,138.33333333333334,415,2,4,4,10,244,1,0.5562944957122746,1,Medium,United Kingdom,RFM 10-12 (mid-high)
16125.0,367,14,4292.35,306.5964285714286,1819,27.53846153846154,358,2,5,5,12,255,0,0.6532598535646185,1,Medium,United Kingdom,RFM 10-12 (mid-high)
16126.0,29,15,14644.6,976.3066666666668,6152,50.57142857142857,708,4,5,5,14,455,0,0.0425545031388094,0,Low,United Kingdom,RFM 13-15 (high)
16127.0,39,2,801.31,400.655,391,687.0,687,4,2,3,9,423,2,0.5748989058999576,1,Medium,United Kingdom,RFM 7-9 (mid-low)
16128.0,18,11,3748.4,340.76363636363635,2419,49.3,493,5,5,5,15,555,0,0.0615658356871581,0,Low,United Kingdom,RFM 13-15 (high)
16129.0,407,3,1396.05,465.35,1261,50.0,100,2,3,4,9,234,1,0.6633144831288469,1,Medium,United Kingdom,RFM 7-9 (mid-low)
16130.0,422,4,987.48,246.87,296,65.0,195,1,4,3,8,143,1,0.6638234504774286,1,Medium,United Kingdom,RFM 7-9 (mid-low)
16131.0,52,12,9866.27,822.1891666666667,4753,62.36363636363637,686,4,5,5,14,455,0,0.0584615588652046,0,Low,United Kingdom,RFM 13-15 (high)
16132.0,544,2,664.1999999999999,332.1,280,83.0,83,1,2,3,6,123,1,0.7506200773285248,1,High,United Kingdom,RFM 3-6 (low)
16133.0,4,56,22228.88,396.94428571428574,13454,11.163636363636364,614,5,5,5,15,555,3,0.021342094468588,0,Low,United Kingdom,RFM 13-15 (high)
16134.0,22,5,2119.99,423.99799999999993,1622,129.75,519,4,4,4,12,444,2,0.1833338315537953,0,Low,United Kingdom,RFM 10-12 (mid-high)
16135.0,263,2,819.45,409.725,395,321.0,321,2,2,3,7,223,1,0.5695319121687535,1,Medium,United Kingdom,RFM 7-9 (mid-low)
16136.0,60,4,921.08,230.27,622,201.0,603,3,4,3,10,343,2,0.455143630110595,0,Medium,United Kingdom,RFM 10-12 (mid-high)
16137.0,680,1,422.7,422.7,210,,0,1,1,2,4,112,1,0.7545746346566442,1,High,United Kingdom,RFM 3-6 (low)
16138.0,379,3,902.4,300.8,773,106.0,212,2,3,3,8,233,1,0.6598138914205823,1,Medium,United Kingdom,RFM 7-9 (mid-low)
16139.0,19,5,1111.15,222.23,602,179.25,717,5,4,3,12,543,2,0.4093385791443929,0,Medium,United Kingdom,RFM 10-12 (mid-high)
16140.0,66,3,1412.05,470.6833333333333,1269,188.0,376,3,3,4,10,334,2,0.4652970204017899,0,Medium,United Kingdom,RFM 10-12 (mid-high)
16141.0,88,2,955.94,477.97,410,328.0,328,3,2,3,8,323,2,0.5915873742288785,1,Medium,United Kingdom,RFM 7-9 (mid-low)
16142.0,250,1,535.34,535.34,422,,0,2,1,2,5,212,1,0.6729590112189915,1,Medium,United Kingdom,RFM 3-6 (low)
16143.0,3,12,4511.13,375.9275,1849,66.0,726,5,5,5,15,555,0,0.0545667057472064,0,Low,United Kingdom,RFM 13-15 (high)
16144.0,247,1,175.2,175.2,16,,0,2,1,1,4,211,1,0.8959899346792802,1,High,United Kingdom,RFM 3-6 (low)
16145.0,9,19,6693.6,352.2947368421053,5183,31.944444444444443,575,5,5,5,15,555,0,0.0200883544397135,0,Low,United Kingdom,RFM 13-15 (high)
16146.0,157,4,946.38,236.595,544,97.0,291,3,4,3,10,343,1,0.469678716864746,0,Medium,United Kingdom,RFM 10-12 (mid-high)
16147.0,134,5,2367.02,473.404,1322,134.5,538,3,4,4,11,344,2,0.286533022655964,0,Low,United Kingdom,RFM 10-12 (mid-high)
16148.0,296,2,370.37,185.185,247,140.0,140,2,2,2,6,222,1,0.7655768699091119,1,High,United Kingdom,RFM 3-6 (low)
16149.0,5,3,422.22,140.74,598,212.0,424,5,3,2,10,532,2,0.4984014337719026,0,Medium,United Kingdom,RFM 10-12 (mid-high)
16150.0,43,10,3761.27,376.127,1924,75.44444444444444,679,4,5,5,14,455,0,0.0685848667720637,0,Low,United Kingdom,RFM 13-15 (high)
16152.0,269,1,1829.04,1829.04,642,,0,2,1,4,7,214,1,0.7558541181830885,1,High,United Kingdom,RFM 7-9 (mid-low)
16153.0,50,11,5037.51,457.9554545454546,3656,51.2,512,4,5,5,14,455,0,0.0572749796309051,0,Low,United Kingdom,RFM 13-15 (high)
16155.0,382,5,781.05,156.20999999999998,482,39.5,158,2,4,3,9,243,1,0.6743025250407869,1,Medium,United Kingdom,RFM 7-9 (mid-low)
16156.0,9,20,5923.39,296.1695,3008,38.31578947368421,728,5,5,5,15,555,0,0.0218989443523963,0,Low,United Kingdom,RFM 13-15 (high)
16157.0,16,3,644.24,214.74666666666667,344,28.0,56,5,3,3,11,533,2,0.3346861325741792,0,Low,United Kingdom,RFM 10-12 (mid-high)
16158.0,522,9,611.32,67.92444444444445,180,26.375,211,1,5,3,9,153,1,0.7526087653197525,1,High,United Kingdom,RFM 7-9 (mid-low)
16159.0,282,4,1230.29,307.5725,633,151.66666666666666,455,2,4,4,10,244,1,0.6221588955494896,1,Medium,United Kingdom,RFM 10-12 (mid-high)
16160.0,65,2,1009.45,504.725,1153,20.0,20,3,2,3,8,323,2,0.4000210525340048,0,Medium,United Kingdom,RFM 7-9 (mid-low)
16161.0,2,43,12236.22,284.56325581395345,6141,15.904761904761903,668,5,5,5,15,555,0,0.0191999362241931,0,Low,United Kingdom,RFM 13-15 (high)
16162.0,252,1,37.4,37.4,4,,0,2,1,1,4,211,1,0.8793696958573669,1,High,United Kingdom,RFM 3-6 (low)
16163.0,232,6,1822.03,303.6716666666667,549,101.0,505,2,4,4,10,244,1,0.4637290873011235,0,Medium,United Kingdom,RFM 10-12 (mid-high)
16164.0,17,3,802.53,267.51,432,12.5,25,5,3,3,11,533,2,0.315387118904964,0,Low,United Kingdom,RFM 10-12 (mid-high)
16165.0,505,1,79.9,79.9,2,,0,1,1,1,3,111,1,0.8716873731023767,1,High,United Kingdom,RFM 3-6 (low)
16166.0,428,2,327.48,163.74,156,263.0,263,1,2,2,5,122,1,0.7496739697914994,1,High,United Kingdom,RFM 3-6 (low)
16167.0,414,5,1149.87,229.974,1459,81.0,324,1,4,3,8,143,1,0.5687989887484449,1,Medium,United Kingdom,RFM 7-9 (mid-low)
16168.0,11,66,10279.02,155.74272727272728,4956,11.169230769230769,726,5,5,5,15,555,0,0.0292823267814627,0,Low,United Kingdom,RFM 13-15 (high)
16169.0,8,4,1822.97,455.7425,1325,22.33333333333333,67,5,4,4,13,544,2,0.1895279294619545,0,Low,United Kingdom,RFM 13-15 (high)
16170.0,51,20,6813.67,340.6835,6031,32.0,608,4,5,5,14,455,0,0.0362297518999185,0,Low,United Kingdom,RFM 13-15 (high)
16171.0,59,1,73.2,73.2,24,,0,3,1,1,5,311,2,0.7600982000424753,1,High,United Kingdom,RFM 3-6 (low)
16172.0,95,8,1884.55,235.56875,1419,59.57142857142857,417,3,5,4,12,354,2,0.1352108360370255,0,Low,United Kingdom,RFM 10-12 (mid-high)
16173.0,16,6,1406.57,234.4283333333333,571,16.4,82,5,4,4,13,544,2,0.2350609239875329,0,Low,United Kingdom,RFM 13-15 (high)
16174.0,126,7,2246.75,320.9642857142857,1431,79.33333333333333,476,3,4,4,11,344,2,0.1718204007606724,0,Low,United Kingdom,RFM 10-12 (mid-high)
16175.0,94,7,1836.44,262.34857142857146,932,78.16666666666667,469,3,4,4,11,344,2,0.1710491246071027,0,Low,United Kingdom,RFM 10-12 (mid-high)
16176.0,421,4,1964.04,491.01,913,66.0,198,1,4,4,9,144,1,0.6064405866529279,1,Medium,United Kingdom,RFM 7-9 (mid-low)
16177.0,50,8,2141.61,267.70125,1001,85.14285714285714,596,4,5,4,13,454,2,0.2067671544533447,0,Low,United Kingdom,RFM 13-15 (high)
16178.0,138,2,612.6,306.3,304,263.0,263,3,2,3,8,323,1,0.5617098978186061,1,Medium,United Kingdom,RFM 7-9 (mid-low)
16179.0,61,1,215.83,215.83,99,,0,3,1,1,5,311,2,0.5234949228603126,1,Medium,United Kingdom,RFM 3-6 (low)
16180.0,100,13,16170.27,1243.866923076923,9785,36.16666666666666,434,3,5,5,13,355,0,0.1267207953824095,0,Low,United Kingdom,RFM 13-15 (high)
16181.0,73,1,305.54,305.54,152,,0,3,1,2,6,312,1,0.5427420623522015,1,Medium,United Kingdom,RFM 3-6 (low)
16182.0,72,9,9971.65,1107.961111111111,5887,71.0,568,3,5,5,13,355,0,0.0832928914609507,0,Low,United Kingdom,RFM 13-15 (high)
16183.0,67,4,1077.81,269.4525,351,113.33333333333331,340,3,4,3,10,343,2,0.4110765493835046,0,Medium,United Kingdom,RFM 10-12 (mid-high)
16184.0,64,6,1155.54,192.59,560,29.4,147,3,4,3,10,343,2,0.297875811744734,0,Low,United Kingdom,RFM 10-12 (mid-high)
16185.0,17,3,644.72,214.90666666666667,321,273.5,547,5,3,3,11,533,2,0.5062637187100869,1,Medium,United Kingdom,RFM 10-12 (mid-high)
16186.0,23,26,8676.23,333.70115384615383,6566,28.28,707,4,5,5,14,455,0,0.0219503045920541,0,Low,United Kingdom,RFM 13-15 (high)
16187.0,32,15,6841.24,456.0826666666666,5004,18.0,252,4,5,5,14,455,0,0.063695153740557,0,Low,United Kingdom,RFM 13-15 (high)
16188.0,45,5,1077.71,215.542,837,91.0,364,4,4,3,11,443,2,0.2838350912410838,0,Low,United Kingdom,RFM 10-12 (mid-high)
16189.0,16,2,215.48,107.74,134,69.0,69,5,2,1,8,521,2,0.4683712969914245,0,Medium,United Kingdom,RFM 7-9 (mid-low)
16190.0,40,8,2723.55,340.44375,1231,97.85714285714286,685,4,5,4,13,454,0,0.1197178728215989,0,Low,United Kingdom,RFM 13-15 (high)
16191.0,3,24,15151.92,631.33,9142,31.52173913043478,725,5,5,5,15,555,0,0.0213997937930787,0,Low,United Kingdom,RFM 13-15 (high)
16192.0,736,1,351.3,351.3,208,,0,1,1,2,4,112,1,0.8316276747613627,1,High,United Kingdom,RFM 3-6 (low)
16193.0,237,2,630.43,315.215,379,174.0,174,2,2,3,7,223,1,0.5642233758722155,1,Medium,United Kingdom,RFM 7-9 (mid-low)
16194.0,375,1,308.6,308.6,140,,0,2,1,2,5,212,1,0.8028267781937675,1,High,United Kingdom,RFM 3-6 (low)
16195.0,723,1,323.25,323.25,123,,0,1,1,2,4,112,1,0.8226946725944118,1,High,United Kingdom,RFM 3-6 (low)
16196.0,489,1,93.3,93.3,26,,0,1,1,1,3,111,1,0.9039912454226292,1,High,United Kingdom,RFM 3-6 (low)
16197.0,469,9,2016.71,224.07888888888888,1420,31.75,254,1,5,4,10,154,1,0.5579634270233572,1,Medium,United Kingdom,RFM 10-12 (mid-high)
16198.0,75,2,1030.0410000000002,515.0205000000001,384,362.0,362,3,2,3,8,323,2,0.6107436888994338,1,Medium,United Kingdom,RFM 7-9 (mid-low)
16199.0,392,7,942.75,134.67857142857142,321,39.66666666666666,238,2,4,3,9,243,1,0.6645862718472308,1,Medium,United Kingdom,RFM 7-9 (mid-low)
16200.0,4,12,5594.6,466.2166666666667,3066,66.54545454545455,732,5,5,5,15,555,0,0.0447414854134718,0,Low,United Kingdom,RFM 13-15 (high)
16201.0,3,5,2070.17,414.034,1402,103.0,412,5,4,4,13,544,2,0.1386657915218121,0,Low,United Kingdom,RFM 13-15 (high)
16202.0,361,9,2467.04,274.11555555555555,1282,47.0,376,2,5,4,11,254,1,0.4359817814260849,0,Medium,United Kingdom,RFM 10-12 (mid-high)
16203.0,59,6,940.09,156.68166666666667,536,89.0,445,3,4,3,10,343,2,0.3782464777633735,0,Low,United Kingdom,RFM 10-12 (mid-high)
16204.0,23,3,913.71,304.57,667,353.5,707,4,3,3,10,433,2,0.4549746869424584,0,Medium,United Kingdom,RFM 10-12 (mid-high)
16205.0,31,7,1820.11,260.0157142857143,1452,85.16666666666667,511,4,4,4,12,444,2,0.1423960516022025,0,Low,United Kingdom,RFM 10-12 (mid-high)
16206.0,55,13,2584.92,198.84,1378,52.41666666666666,629,4,5,4,13,454,0,0.0645017400278786,0,Low,United Kingdom,RFM 13-15 (high)
16207.0,25,1,394.38,394.38,140,,0,4,1,2,7,412,2,0.4598333808679319,0,Medium,United Kingdom,RFM 7-9 (mid-low)
16208.0,45,10,3440.45,344.045,1541,67.55555555555556,608,4,5,5,14,455,0,0.0743036532002468,0,Low,United Kingdom,RFM 13-15 (high)
16209.0,89,9,4146.78,460.7533333333333,1895,57.25,458,3,5,5,13,355,0,0.1087752699162492,0,Low,United Kingdom,RFM 13-15 (high)
16210.0,2,35,33565.52,959.0148571428572,12366,21.61764705882353,735,5,5,5,15,555,3,0.0228925893558895,0,Low,United Kingdom,RFM 13-15 (high)
16211.0,89,3,1086.34,362.1133333333333,518,174.5,349,3,3,3,9,333,2,0.4978455850520303,0,Medium,United Kingdom,RFM 7-9 (mid-low)
16212.0,19,4,1284.56,321.14,568,216.66666666666663,650,5,4,4,13,544,2,0.4523436934119819,0,Medium,United Kingdom,RFM 13-15 (high)
16213.0,79,1,159.0,159.0,48,,0,3,1,1,5,311,1,0.7006560466893488,1,High,United Kingdom,RFM 3-6 (low)
16214.0,171,4,2038.25,509.5625,1308,88.0,264,3,4,4,11,344,1,0.3961622432597423,0,Low,United Kingdom,RFM 10-12 (mid-high)
16215.0,81,1,242.35,242.35,104,,0,3,1,1,5,311,1,0.6119467807998654,1,Medium,United Kingdom,RFM 3-6 (low)
16216.0,267,1,914.93,914.93,254,,0,2,1,3,6,213,1,0.7476144749721625,1,High,United Kingdom,RFM 3-6 (low)
16217.0,235,2,259.39000000000004,129.69500000000002,76,46.0,46,2,2,1,5,221,1,0.7080342862942826,1,High,United Kingdom,RFM 3-6 (low)
16218.0,30,13,3872.3,297.8692307692308,2754,44.25,531,4,5,5,14,455,0,0.0441975433407778,0,Low,United Kingdom,RFM 13-15 (high)
16219.0,501,1,40.8,40.8,48,,0,1,1,1,3,111,1,0.9034228025069656,1,High,United Kingdom,RFM 3-6 (low)
16221.0,37,9,2013.42,223.7133333333333,1447,56.125,449,4,5,4,13,454,0,0.1042025224558188,0,Low,United Kingdom,RFM 13-15 (high)
16222.0,318,2,1272.05,636.025,463,402.0,402,2,2,4,8,224,1,0.6754147705583203,1,Medium,United Kingdom,RFM 7-9 (mid-low)
16223.0,375,2,1087.05,543.525,643,20.0,20,2,2,3,7,223,1,0.6895365233042523,1,Medium,United Kingdom,RFM 7-9 (mid-low)
16224.0,57,5,1616.54,323.308,1555,82.5,330,4,4,4,12,444,2,0.1768440661700751,0,Low,United Kingdom,RFM 10-12 (mid-high)
16225.0,45,15,2813.81,187.58733333333333,1275,44.642857142857146,625,4,5,4,13,454,0,0.0592103931439428,0,Low,United Kingdom,RFM 13-15 (high)
16226.0,203,5,672.1700000000001,134.43400000000003,521,52.5,210,2,4,3,9,243,1,0.5625287517221325,1,Medium,United Kingdom,RFM 7-9 (mid-low)
16227.0,225,3,948.82,316.27333333333337,382,155.0,310,2,3,3,8,233,1,0.5396859724280312,1,Medium,United Kingdom,RFM 7-9 (mid-low)
16228.0,385,3,881.0600000000001,293.68666666666667,554,7.0,14,2,3,3,8,233,1,0.6269804258305278,1,Medium,United Kingdom,RFM 7-9 (mid-low)
16229.0,87,6,2835.36,472.56,1286,95.4,477,3,4,4,11,344,2,0.134989257272184,0,Low,United Kingdom,RFM 10-12 (mid-high)
16230.0,190,2,542.03,271.015,365,30.0,30,2,2,2,6,222,1,0.51924675386188,1,Medium,United Kingdom,RFM 3-6 (low)
16231.0,379,4,1074.47,268.6175,563,72.66666666666667,218,2,4,3,9,243,1,0.6421136078399914,1,Medium,United Kingdom,RFM 7-9 (mid-low)
16232.0,44,7,2692.02,384.57428571428574,1836,84.33333333333333,506,4,4,4,12,444,2,0.1192373479131109,0,Low,United Kingdom,RFM 10-12 (mid-high)
16233.0,71,9,1671.31,185.70111111111112,665,83.25,666,3,5,4,12,354,2,0.2555411084652045,0,Low,United Kingdom,RFM 10-12 (mid-high)
16234.0,476,3,312.78,104.26,162,42.5,85,1,3,2,6,132,1,0.8266001450794388,1,High,United Kingdom,RFM 3-6 (low)
16235.0,41,9,1990.61,221.1788888888889,780,53.625,429,4,5,4,13,454,0,0.1551304561635529,0,Low,United Kingdom,RFM 13-15 (high)
16236.0,78,1,432.2,432.2,184,,0,3,1,2,6,312,1,0.6113863589657655,1,Medium,United Kingdom,RFM 3-6 (low)
16237.0,437,1,136.65,136.65,57,,0,1,1,1,3,111,1,0.8960540818752203,1,High,United Kingdom,RFM 3-6 (low)
16238.0,423,1,63.66,63.66,85,,0,1,1,1,3,111,1,0.8993543326146205,1,High,United Kingdom,RFM 3-6 (low)
16239.0,57,6,1450.9,241.8166666666667,682,81.2,406,4,4,4,12,444,2,0.2253301582795686,0,Low,United Kingdom,RFM 10-12 (mid-high)
16240.0,24,2,3693.81,1846.905,1634,53.0,53,4,2,5,11,425,2,0.3942384338120877,0,Low,United Kingdom,RFM 10-12 (mid-high)
16241.0,10,16,3992.86,249.55375,2258,26.666666666666668,400,5,5,5,15,555,0,0.0535087737111749,0,Low,United Kingdom,RFM 13-15 (high)
16242.0,8,14,7370.5,526.4642857142857,3913,48.07692307692308,625,5,5,5,15,555,0,0.0335280321255201,0,Low,United Kingdom,RFM 13-15 (high)
16243.0,34,2,409.1,204.55,110,21.0,21,4,2,2,8,422,2,0.399399381421635,0,Low,United Kingdom,RFM 7-9 (mid-low)
16244.0,212,2,1522.75,761.375,855,160.0,160,2,2,4,8,224,1,0.5007875963604144,1,Medium,United Kingdom,RFM 7-9 (mid-low)
16245.0,24,3,1352.36,450.7866666666667,1008,116.5,233,4,3,4,11,434,2,0.3101078999828275,0,Low,United Kingdom,RFM 10-12 (mid-high)
16246.0,460,2,821.35,410.675,336,209.0,209,1,2,3,6,123,1,0.6854957191951679,1,Medium,United Kingdom,RFM 3-6 (low)
16247.0,170,1,114.56,114.56,182,,0,3,1,1,5,311,1,0.781705770117128,1,High,United Kingdom,RFM 3-6 (low)
16248.0,62,1,152.94,152.94,78,,0,3,1,1,5,311,2,0.6848708757317,1,Medium,United Kingdom,RFM 3-6 (low)
16249.0,53,5,1800.07,360.014,950,46.5,186,4,4,4,12,444,2,0.1696972223169399,0,Low,United Kingdom,RFM 10-12 (mid-high)
16250.0,261,3,565.24,188.41333333333333,268,62.5,125,2,3,2,7,232,1,0.6476675640382707,1,Medium,United Kingdom,RFM 7-9 (mid-low)
16251.0,512,1,128.31,128.31,44,,0,1,1,1,3,111,1,0.904715514815204,1,High,United Kingdom,RFM 3-6 (low)
16252.0,383,1,2.664535259100376e-15,2.664535259100376e-15,0,,0,2,1,1,4,211,1,0.8906838998544541,1,High,United Kingdom,RFM 3-6 (low)
16253.0,67,7,7238.96,1034.1371428571429,5933,110.66666666666669,664,3,4,5,12,345,0,0.1164050382985652,0,Low,United Kingdom,RFM 10-12 (mid-high)
16254.0,378,3,967.44,322.48,543,126.5,253,2,3,3,8,233,1,0.6360671228571699,1,Medium,United Kingdom,RFM 7-9 (mid-low)
16255.0,17,15,4457.59,297.17266666666666,2841,47.71428571428572,668,5,5,5,15,555,0,0.0420164961448001,0,Low,United Kingdom,RFM 13-15 (high)
16256.0,267,3,1609.57,536.5233333333333,1586,165.5,331,2,3,4,9,234,1,0.5140504695839593,1,Medium,United Kingdom,RFM 7-9 (mid-low)
16257.0,177,1,46.95,46.95,2,,0,3,1,1,5,311,1,0.8314416388056456,1,High,United Kingdom,RFM 3-6 (low)
16258.0,45,15,11833.52,788.9013333333334,7180,42.35714285714285,593,4,5,5,14,455,0,0.0477096294960648,0,Low,United Kingdom,RFM 13-15 (high)
16259.0,410,3,340.94,113.64666666666666,143,97.0,194,1,3,2,6,132,1,0.7458367946864317,1,High,United Kingdom,RFM 3-6 (low)
16260.0,51,1,1035.45,1035.45,311,,0,4,1,3,8,413,2,0.5782317349573983,1,Medium,United Kingdom,RFM 7-9 (mid-low)
16261.0,17,6,1041.16,173.52666666666667,454,85.0,425,5,4,3,12,543,2,0.3096184812899409,0,Low,United Kingdom,RFM 10-12 (mid-high)
16262.0,378,1,677.78,677.78,429,,0,2,1,3,6,213,1,0.6821257003793274,1,Medium,United Kingdom,RFM 3-6 (low)
16263.0,423,1,348.16,348.16,197,,0,1,1,2,4,112,1,0.8304208839869266,1,High,United Kingdom,RFM 3-6 (low)
16264.0,438,2,823.53,411.765,616,7.0,7,1,2,3,6,123,1,0.6699351908178157,1,Medium,United Kingdom,RFM 3-6 (low)
16265.0,9,12,6893.62,574.4683333333334,3189,36.18181818181818,398,5,5,5,15,555,0,0.0541588408912611,0,Low,United Kingdom,RFM 13-15 (high)
16266.0,74,14,1757.95,125.56785714285716,791,46.07692307692308,599,3,5,4,12,354,0,0.198430258106014,0,Low,United Kingdom,RFM 10-12 (mid-high)
16267.0,591,1,186.66,186.66,198,,0,1,1,1,3,111,1,0.8380941283837255,1,High,United Kingdom,RFM 3-6 (low)
16268.0,71,2,667.65,333.825,533,0.0,0,3,2,3,8,323,2,0.4660295382280503,0,Medium,United Kingdom,RFM 7-9 (mid-low)
16269.0,438,1,714.59,714.59,577,,0,1,1,3,5,113,1,0.7200176753557548,1,High,United Kingdom,RFM 3-6 (low)
16270.0,353,1,1141.24,1141.24,688,,0,2,1,3,6,213,1,0.7019784845442986,1,High,United Kingdom,RFM 3-6 (low)
16271.0,3,10,3391.87,339.187,2358,71.11111111111111,640,5,5,5,15,555,0,0.0546350031746536,0,Low,United Kingdom,RFM 13-15 (high)
16272.0,117,1,411.7,411.7,224,,0,3,1,2,6,312,1,0.6260871736147208,1,Medium,United Kingdom,RFM 3-6 (low)
16273.0,648,2,318.34000000000003,159.17000000000002,40,7.0,7,1,2,2,5,122,1,0.724444506669736,1,High,United Kingdom,RFM 3-6 (low)
16274.0,373,1,351.75,351.75,153,,0,2,1,2,5,212,1,0.811672947595843,1,High,United Kingdom,RFM 3-6 (low)
16275.0,197,3,2151.11,717.0366666666667,1268,222.0,444,2,3,4,9,234,1,0.4804632104209296,0,Medium,United Kingdom,RFM 7-9 (mid-low)
16276.0,177,3,2629.3900000000003,876.4633333333335,1467,215.0,430,3,3,4,10,334,1,0.400903318352217,0,Medium,United Kingdom,RFM 10-12 (mid-high)
16277.0,734,1,188.69,188.69,33,,0,1,1,1,3,111,1,0.8721465045550643,1,High,United Kingdom,RFM 3-6 (low)
16278.0,100,3,1056.59,352.19666666666666,327,199.5,399,3,3,3,9,333,2,0.5251282434065916,1,Medium,United Kingdom,RFM 7-9 (mid-low)
16279.0,21,9,5685.38,631.7088888888889,3681,71.875,575,4,5,5,14,455,0,0.0476241285823778,0,Low,United Kingdom,RFM 13-15 (high)
16280.0,725,1,238.05,238.05,101,,0,1,1,1,3,111,1,0.8423172815378746,1,High,United Kingdom,RFM 3-6 (low)
16281.0,72,3,3416.52,1138.84,1568,305.0,610,3,3,5,11,335,2,0.3493520195392722,0,Low,United Kingdom,RFM 10-12 (mid-high)
16282.0,340,3,1307.58,435.86,790,189.0,378,2,3,4,9,234,1,0.6244601915677452,1,Medium,United Kingdom,RFM 7-9 (mid-low)
16283.0,6,8,4257.87,532.23375,2842,91.85714285714286,643,5,5,5,15,555,0,0.113826239214402,0,Low,United Kingdom,RFM 13-15 (high)
16284.0,31,3,1018.48,339.49333333333334,674,181.0,362,4,3,3,10,433,2,0.442312288149448,0,Medium,United Kingdom,RFM 10-12 (mid-high)
16285.0,646,1,176.9,176.9,60,,0,1,1,1,3,111,1,0.903293892744921,1,High,United Kingdom,RFM 3-6 (low)
16286.0,477,2,263.65,131.825,87,146.0,146,1,2,1,4,121,1,0.7846179856802664,1,High,United Kingdom,RFM 3-6 (low)
16287.0,170,5,1006.98,201.396,1426,129.75,519,3,4,3,10,343,1,0.333436573647435,0,Low,United Kingdom,RFM 10-12 (mid-high)
16288.0,470,1,129.85,129.85,19,,0,1,1,1,3,111,1,0.899888355609723,1,High,United Kingdom,RFM 3-6 (low)
16289.0,462,1,98.81,98.81,87,,0,1,1,1,3,111,1,0.8899997303134424,1,High,United Kingdom,RFM 3-6 (low)
16290.0,465,4,1957.7,489.425,957,33.666666666666664,101,1,4,4,9,144,1,0.6886622455140564,1,Medium,United Kingdom,RFM 7-9 (mid-low)
16292.0,122,5,1171.46,234.292,680,120.5,482,3,4,3,10,343,2,0.3223135174821411,0,Low,United Kingdom,RFM 10-12 (mid-high)
16293.0,22,15,4253.45,283.56333333333333,1824,50.5,707,4,5,5,14,455,0,0.0453221088817924,0,Low,United Kingdom,RFM 13-15 (high)
16294.0,477,1,126.05,126.05,54,,0,1,1,1,3,111,1,0.9059328542667764,1,High,United Kingdom,RFM 3-6 (low)
16295.0,10,4,1328.55,332.1375,841,18.0,54,5,4,4,13,544,2,0.2017715424746048,0,Low,United Kingdom,RFM 13-15 (high)
16296.0,626,4,1245.97,311.4925,632,31.666666666666668,95,1,4,4,9,144,1,0.6781994427404306,1,Medium,United Kingdom,RFM 7-9 (mid-low)
16297.0,269,1,275.4,275.4,180,,0,2,1,2,5,212,1,0.7140560939637034,1,High,United Kingdom,RFM 3-6 (low)
16298.0,23,7,1080.0,154.28571428571428,306,69.83333333333333,419,4,4,3,11,443,2,0.2821633194536639,0,Low,United Kingdom,RFM 10-12 (mid-high)
16299.0,477,1,178.65,178.65,103,,0,1,1,1,3,111,1,0.8693008208098878,1,High,United Kingdom,RFM 3-6 (low)
16300.0,430,3,1367.32,455.7733333333333,643,122.5,245,1,3,4,8,134,1,0.6328872361452678,1,Medium,United Kingdom,RFM 7-9 (mid-low)
16301.0,737,1,107.33,107.33,41,,0,1,1,1,3,111,1,0.904996463842164,1,High,United Kingdom,RFM 3-6 (low)
16302.0,127,1,212.82,212.82,134,,0,3,1,1,5,311,1,0.6693246019742618,1,Medium,United Kingdom,RFM 3-6 (low)
16303.0,26,7,7823.72,1117.6742857142858,3816,100.83333333333331,605,4,4,5,13,445,0,0.0886319364935777,0,Low,United Kingdom,RFM 13-15 (high)
16304.0,695,1,381.66,381.66,228,,0,1,1,2,4,112,1,0.817067253414679,1,High,United Kingdom,RFM 3-6 (low)
16305.0,139,1,361.22,361.22,256,,0,3,1,2,6,312,1,0.708466253934983,1,High,United Kingdom,RFM 3-6 (low)
16306.0,214,7,1094.72,156.38857142857142,696,36.833333333333336,221,2,4,3,9,243,1,0.5422695336290037,1,Medium,United Kingdom,RFM 7-9 (mid-low)
16307.0,429,3,1194.92,398.3066666666667,1123,73.5,147,1,3,4,8,134,1,0.6801914085766583,1,Medium,United Kingdom,RFM 7-9 (mid-low)
16308.0,38,7,5120.0,731.4285714285714,16000,114.33333333333331,686,4,4,5,13,445,0,0.1020345516606439,0,Low,United Kingdom,RFM 13-15 (high)
16309.0,106,2,686.67,343.335,465,134.0,134,3,2,3,8,323,1,0.4507594505454337,0,Medium,United Kingdom,RFM 7-9 (mid-low)
16310.0,414,2,460.08,230.04,270,227.0,227,1,2,2,5,122,1,0.7284603334801787,1,High,United Kingdom,RFM 3-6 (low)
16311.0,18,2,616.26,308.13,394,31.0,31,5,2,3,10,523,2,0.3365821839155991,0,Low,United Kingdom,RFM 10-12 (mid-high)
16312.0,432,1,171.15,171.15,53,,0,1,1,1,3,111,1,0.9147892094524868,1,High,United Kingdom,RFM 3-6 (low)
16313.0,3,2,274.15000000000003,137.07500000000002,165,46.0,46,5,2,2,9,522,2,0.4414334031451082,0,Medium,United Kingdom,RFM 7-9 (mid-low)
16314.0,390,3,1491.4,497.1333333333334,636,41.5,83,2,3,4,9,234,1,0.6774453226822317,1,Medium,United Kingdom,RFM 7-9 (mid-low)
16315.0,331,2,402.71,201.355,143,205.0,205,2,2,2,6,222,1,0.744349462176584,1,High,United Kingdom,RFM 3-6 (low)
16316.0,64,13,5533.31,425.6392307692308,3034,35.666666666666664,428,3,5,5,13,355,0,0.0607137949436415,0,Low,United Kingdom,RFM 13-15 (high)
16317.0,120,5,2179.76,435.95200000000006,1235,116.25,465,3,4,4,11,344,2,0.1944384810103681,0,Low,United Kingdom,RFM 10-12 (mid-high)
16318.0,35,1,328.15,328.15,199,,0,4,1,2,7,412,2,0.4093120234646785,0,Medium,United Kingdom,RFM 7-9 (mid-low)
16319.0,218,1,404.4,404.4,72,,0,2,1,2,5,212,1,0.7630299996773918,1,High,United Kingdom,RFM 3-6 (low)
16320.0,172,6,4428.849999999999,738.1416666666665,3306,101.8,509,3,4,5,12,345,2,0.1994760351610343,0,Low,Unknown/Other,RFM 10-12 (mid-high)
16321.0,72,7,265.5,37.92857142857143,102,111.0,666,3,4,1,8,341,2,0.4315349360267684,0,Medium,Australia,RFM 7-9 (mid-low)
16322.0,1,2,326.75,163.375,231,35.0,35,5,2,2,9,522,2,0.4172935004628937,0,Medium,United Kingdom,RFM 7-9 (mid-low)
16323.0,196,2,353.66,176.83,146,381.0,381,2,2,2,6,222,1,0.6778740540576835,1,Medium,United Kingdom,RFM 3-6 (low)
16324.0,128,3,408.59,136.1966666666667,270,24.0,48,3,3,2,8,332,1,0.6187585275119986,1,Medium,United Kingdom,RFM 7-9 (mid-low)
16325.0,47,12,3463.84,288.65333333333336,2417,62.54545454545455,688,4,5,5,14,455,0,0.0580822481249868,0,Low,United Kingdom,RFM 13-15 (high)
16326.0,6,24,4601.25,191.71875,1062,29.30434782608696,674,5,5,5,15,555,0,0.0706927383686146,0,Low,United Kingdom,RFM 13-15 (high)
16327.0,14,16,10133.82,633.36375,8111,47.4,711,5,5,5,15,555,0,0.0326272561690343,0,Low,United Kingdom,RFM 13-15 (high)
16328.0,563,1,310.83,310.83,141,,0,1,1,2,4,112,1,0.82010488698158,1,High,United Kingdom,RFM 3-6 (low)
16329.0,428,4,1664.92,416.23,797,103.66666666666669,311,1,4,4,9,144,1,0.5900505028375151,1,Medium,United Kingdom,RFM 7-9 (mid-low)
16330.0,18,7,615.68,87.9542857142857,324,107.33333333333331,644,5,4,3,12,543,2,0.3996423503168623,0,Low,United Kingdom,RFM 10-12 (mid-high)
16331.0,432,6,2037.7,339.6166666666667,756,42.0,210,1,4,4,9,144,1,0.6194080611047628,1,Medium,United Kingdom,RFM 7-9 (mid-low)
16332.0,28,11,1979.57,179.9609090909091,1084,56.1,561,4,5,4,13,454,0,0.126968484358888,0,Low,United Kingdom,RFM 13-15 (high)
16333.0,8,22,26626.8,1210.3090909090909,32184,14.38095238095238,302,5,5,5,15,555,3,0.0606910219647132,0,Low,United Kingdom,RFM 13-15 (high)
16334.0,492,1,263.73,263.73,206,,0,1,1,1,3,111,1,0.8322439621901719,1,High,United Kingdom,RFM 3-6 (low)
16335.0,552,7,2726.52,389.5028571428571,1000,30.666666666666668,184,1,4,4,9,144,1,0.6336580278903114,1,Medium,United Kingdom,RFM 7-9 (mid-low)
16336.0,421,4,3517.69,879.4225,1473,70.33333333333333,211,1,4,5,10,145,1,0.6007829655771428,1,Medium,United Kingdom,RFM 10-12 (mid-high)
16337.0,37,1,151.05,151.05,87,,0,4,1,1,6,411,2,0.5883217646709104,1,Medium,United Kingdom,RFM 3-6 (low)
16338.0,157,1,214.8,214.8,94,,0,3,1,1,5,311,1,0.7188020110922241,1,High,United Kingdom,RFM 3-6 (low)
16339.0,284,1,94.05,94.05,21,,0,2,1,1,4,211,1,0.8920683811589505,1,High,United Kingdom,RFM 3-6 (low)
16340.0,107,3,1496.24,498.7466666666666,1319,222.0,444,3,3,4,10,334,2,0.5232124725275886,1,Medium,United Kingdom,RFM 10-12 (mid-high)
16341.0,25,7,3832.29,547.47,3006,97.33333333333331,584,4,4,5,13,445,0,0.0995568908276243,0,Low,United Kingdom,RFM 13-15 (high)
16342.0,75,4,322.41,80.6025,157,34.666666666666664,104,3,4,2,9,342,2,0.4900733679135356,0,Medium,United Kingdom,RFM 7-9 (mid-low)
16343.0,16,3,614.12,204.70666666666668,345,195.5,391,5,3,3,11,533,2,0.4977723862264892,0,Medium,United Kingdom,RFM 10-12 (mid-high)
16344.0,158,4,842.42,210.605,706,170.0,510,3,4,3,10,343,1,0.4175284933009933,0,Medium,United Kingdom,RFM 10-12 (mid-high)
16345.0,44,2,1178.79,589.395,611,438.0,438,4,2,3,9,423,2,0.5845530483749484,1,Medium,United Kingdom,RFM 7-9 (mid-low)
16346.0,385,1,224.51,224.51,289,,0,2,1,1,4,211,1,0.8283180753479816,1,High,United Kingdom,RFM 3-6 (low)
16347.0,11,11,3415.56,310.50545454545454,1709,62.6,626,5,5,5,15,555,0,0.052307093876502,0,Low,United Kingdom,RFM 13-15 (high)
16348.0,32,8,1744.42,218.0525,1164,56.85714285714285,398,4,5,4,13,454,2,0.1210935462868119,0,Low,United Kingdom,RFM 13-15 (high)
16349.0,291,1,53.5,53.5,9,,0,2,1,1,4,211,1,0.8861044133124081,1,High,United Kingdom,RFM 3-6 (low)
16350.0,21,9,2222.49,246.9433333333333,1072,50.75,406,4,5,4,13,454,0,0.1174632694273232,0,Low,United Kingdom,RFM 13-15 (high)
16351.0,333,13,3279.13,252.24076923076925,2121,33.5,402,2,5,5,12,255,0,0.4672360818809357,0,Medium,United Kingdom,RFM 10-12 (mid-high)
16352.0,18,2,494.44,247.22,300,20.0,20,5,2,2,9,522,2,0.345530854940861,0,Low,United Kingdom,RFM 7-9 (mid-low)
16353.0,4,38,9781.93,257.4192105263158,3478,19.67567567567568,728,5,5,5,15,555,0,0.0185866955661171,0,Low,United Kingdom,RFM 13-15 (high)
16354.0,63,5,1119.46,223.892,592,132.0,528,3,4,3,10,343,2,0.3745570463641472,0,Low,United Kingdom,RFM 10-12 (mid-high)
16355.0,375,1,349.2,349.2,145,,0,2,1,2,5,212,1,0.8158963332433296,1,High,United Kingdom,RFM 3-6 (low)
16356.0,198,6,414.42,69.07000000000001,189,70.8,354,2,4,2,8,242,1,0.5796502724004372,1,Medium,United Kingdom,RFM 7-9 (mid-low)
16357.0,33,4,868.37,217.0925,389,115.66666666666669,347,4,4,3,11,443,2,0.3633492341539682,0,Low,United Kingdom,RFM 10-12 (mid-high)
16358.0,1,5,2917.1,583.42,2064,98.25,393,5,4,5,14,545,2,0.1232224128994214,0,Low,United Kingdom,RFM 13-15 (high)
16359.0,7,16,2379.4,148.7125,1731,43.6,654,5,5,4,14,554,0,0.0757331090876912,0,Low,United Kingdom,RFM 13-15 (high)
16360.0,5,6,3349.57,558.2616666666667,2094,16.6,83,5,4,5,14,545,0,0.1211195847578535,0,Low,United Kingdom,RFM 13-15 (high)
16361.0,10,4,891.21,222.8025,418,20.33333333333333,61,5,4,3,12,543,2,0.2918417656764218,0,Low,United Kingdom,RFM 10-12 (mid-high)
16362.0,32,6,816.96,136.16,435,81.0,405,4,4,3,11,443,2,0.3133758323777946,0,Low,United Kingdom,RFM 10-12 (mid-high)
16363.0,53,1,109.36,109.36,52,,0,4,1,1,6,411,2,0.7283047840999521,1,High,United Kingdom,RFM 3-6 (low)
16364.0,12,2,705.79,352.895,279,125.0,125,5,2,3,10,523,2,0.4032696539109941,0,Medium,United Kingdom,RFM 10-12 (mid-high)
16365.0,18,15,3156.94,210.46266666666668,1018,50.71428571428572,710,5,5,5,15,555,0,0.0837606912313513,0,Low,United Kingdom,RFM 13-15 (high)
16366.0,19,4,1548.13,387.0325,882,234.66666666666663,704,5,4,4,13,544,2,0.3601944808501578,0,Low,United Kingdom,RFM 13-15 (high)
16367.0,37,3,1350.48,450.16,1103,172.5,345,4,3,4,11,434,2,0.3977909952954436,0,Low,United Kingdom,RFM 10-12 (mid-high)
16368.0,2,3,621.44,207.14666666666668,307,216.5,433,5,3,3,11,533,2,0.4716826101830824,0,Medium,United Kingdom,RFM 10-12 (mid-high)
16369.0,18,7,2656.56,379.5085714285714,1589,98.66666666666669,592,5,4,4,13,544,2,0.0913342683682695,0,Low,United Kingdom,RFM 13-15 (high)
16370.0,82,4,1301.91,325.4775,640,47.333333333333336,142,3,4,4,11,344,2,0.319160158402041,0,Low,United Kingdom,RFM 10-12 (mid-high)
16371.0,449,1,157.2,157.2,108,,0,1,1,1,3,111,1,0.8917668354426475,1,High,United Kingdom,RFM 3-6 (low)
16372.0,33,5,1260.31,252.062,698,143.25,573,4,4,4,12,444,2,0.3105476994544737,0,Low,United Kingdom,RFM 10-12 (mid-high)
16373.0,382,2,309.49,154.745,119,29.0,29,2,2,2,6,222,1,0.796930428398707,1,High,United Kingdom,RFM 3-6 (low)
16374.0,66,5,1723.4,344.68,771,130.5,522,3,4,4,11,344,2,0.2578208517723206,0,Low,United Kingdom,RFM 10-12 (mid-high)
16375.0,470,2,104.0,52.0,74,0.0,0,1,2,1,4,121,1,0.7770929302817886,1,High,United Kingdom,RFM 3-6 (low)
16376.0,9,2,965.47,482.735,686,8.0,8,5,2,3,10,523,2,0.2892214896281239,0,Low,United Kingdom,RFM 10-12 (mid-high)
16377.0,267,2,1308.48,654.24,2928,350.0,350,2,2,4,8,224,1,0.5491013701321196,1,Medium,United Kingdom,RFM 7-9 (mid-low)
16378.0,247,3,362.95,120.98333333333332,267,31.5,63,2,3,2,7,232,1,0.6989736558008893,1,Medium,United Kingdom,RFM 7-9 (mid-low)
16379.0,4,4,2131.9,532.975,1408,24.666666666666668,74,5,4,4,13,544,2,0.201149427313646,0,Low,United Kingdom,RFM 13-15 (high)
16380.0,61,1,1743.15,1743.15,1428,,0,3,1,4,8,314,2,0.6373985768843157,1,Medium,United Kingdom,RFM 7-9 (mid-low)
16381.0,396,2,247.85,123.925,108,22.0,22,2,2,1,5,221,1,0.8042849180815348,1,High,United Kingdom,RFM 3-6 (low)
16382.0,408,2,353.1,176.55,167,142.0,142,2,2,2,6,222,1,0.7644295459294626,1,High,United Kingdom,RFM 3-6 (low)
16383.0,75,7,2832.69,404.67,1588,99.66666666666669,598,3,4,4,11,344,2,0.1156998154064007,0,Low,United Kingdom,RFM 10-12 (mid-high)
16384.0,90,4,1358.95,339.7375,861,166.66666666666666,500,3,4,4,11,344,2,0.3532838326150444,0,Low,United Kingdom,RFM 10-12 (mid-high)
16385.0,60,5,881.35,176.27,476,142.75,571,3,4,3,10,343,2,0.4290202322309864,0,Medium,United Kingdom,RFM 10-12 (mid-high)
16386.0,29,3,1068.16,356.05333333333334,700,179.5,359,4,3,3,10,433,2,0.4264702900611333,0,Medium,United Kingdom,RFM 10-12 (mid-high)
16387.0,323,5,882.46,176.49200000000002,448,78.75,315,2,4,3,9,243,1,0.6340299503876103,1,Medium,United Kingdom,RFM 7-9 (mid-low)
16388.0,654,1,186.05,186.05,83,,0,1,1,1,3,111,1,0.8817839398102848,1,High,United Kingdom,RFM 3-6 (low)
16389.0,53,4,1362.27,340.5675,1230,76.33333333333333,229,4,4,4,12,444,2,0.2636044546000849,0,Low,United Kingdom,RFM 10-12 (mid-high)
16390.0,537,3,467.5,155.83333333333334,122,71.0,142,1,3,2,6,132,1,0.7548677875264066,1,High,United Kingdom,RFM 3-6 (low)
16391.0,401,4,1052.26,263.065,715,53.66666666666666,161,2,4,3,9,243,1,0.6695217677328723,1,Medium,United Kingdom,RFM 7-9 (mid-low)
16392.0,270,3,756.7,252.2333333333333,604,146.0,292,2,3,3,8,233,1,0.5283417506136974,1,Medium,United Kingdom,RFM 7-9 (mid-low)
16393.0,2,23,5192.61,225.76565217391305,2954,33.45454545454545,736,5,5,5,15,555,0,0.0223129058921395,0,Low,United Kingdom,RFM 13-15 (high)
16394.0,57,5,1412.06,282.412,2317,58.0,232,4,4,4,12,444,2,0.1874774571262808,0,Low,United Kingdom,RFM 10-12 (mid-high)
16395.0,61,14,3439.51,245.67928571428573,2881,51.76923076923077,673,3,5,5,13,355,0,0.0580886537141548,0,Low,United Kingdom,RFM 13-15 (high)
16396.0,476,1,102.7,102.7,46,,0,1,1,1,3,111,1,0.908312115551916,1,High,United Kingdom,RFM 3-6 (low)
16397.0,628,1,123.13,123.13,43,,0,1,1,1,3,111,1,0.9030887566956904,1,High,United Kingdom,RFM 3-6 (low)
16398.0,154,2,1631.15,815.575,745,99.0,99,3,2,4,9,324,1,0.4777927067989936,0,Medium,United Kingdom,RFM 7-9 (mid-low)
16399.0,19,3,630.22,210.07333333333327,452,185.0,370,5,3,3,11,533,2,0.4796114942926268,0,Medium,United Kingdom,RFM 10-12 (mid-high)
16400.0,95,9,3059.85,339.9833333333333,2066,79.5,636,3,5,5,13,355,0,0.1275658342489862,0,Low,United Kingdom,RFM 13-15 (high)
16401.0,1,23,6628.99,288.2169565217391,5910,25.181818181818183,554,5,5,5,15,555,0,0.0188806978464279,0,Low,United Kingdom,RFM 13-15 (high)
16402.0,265,2,293.45,146.725,146,104.0,104,2,2,2,6,222,1,0.653364409638629,1,Medium,United Kingdom,RFM 3-6 (low)
16403.0,312,1,161.04999999999998,161.04999999999998,103,,0,2,1,1,4,211,1,0.885817706976418,1,High,United Kingdom,RFM 3-6 (low)
16404.0,70,1,430.3,430.3,156,,0,3,1,2,6,312,1,0.5886363593572768,1,Medium,United Kingdom,RFM 3-6 (low)
16405.0,302,2,167.25,83.625,187,7.0,7,2,2,1,5,221,1,0.7128164627044211,1,High,United Kingdom,RFM 3-6 (low)
16406.0,19,3,509.66,169.88666666666668,236,317.5,635,5,3,2,10,532,2,0.5353807289908854,1,Medium,United Kingdom,RFM 10-12 (mid-high)
16407.0,13,14,2761.65,197.2607142857143,1448,32.23076923076923,419,5,5,4,14,554,0,0.0567643577575961,0,Low,United Kingdom,RFM 13-15 (high)
16408.0,591,1,231.93,231.93,227,,0,1,1,1,3,111,1,0.8377597601238882,1,High,United Kingdom,RFM 3-6 (low)
16409.0,36,12,5652.74,471.06166666666667,3664,62.72727272727273,690,4,5,5,14,455,0,0.0446137746479775,0,Low,United Kingdom,RFM 13-15 (high)
16410.0,734,1,130.32,130.32,348,,0,1,1,1,3,111,1,0.8718276266941651,1,High,United Kingdom,RFM 3-6 (low)
16411.0,19,4,756.39,189.0975,461,136.0,408,5,4,3,12,543,2,0.3510566177780888,0,Low,United Kingdom,RFM 10-12 (mid-high)
16412.0,54,5,593.19,118.638,288,154.75,619,4,4,3,11,443,2,0.4340595994017135,0,Medium,United Kingdom,RFM 10-12 (mid-high)
16413.0,57,2,522.03,261.015,283,318.0,318,4,2,2,8,422,2,0.5220808924433744,1,Medium,United Kingdom,RFM 7-9 (mid-low)
16414.0,22,5,551.21,110.242,201,168.0,672,4,4,2,10,442,2,0.442209499598551,0,Medium,United Kingdom,RFM 10-12 (mid-high)
16415.0,44,3,696.76,232.25333333333333,508,316.0,632,4,3,3,10,433,2,0.5096865944767698,1,Medium,United Kingdom,RFM 10-12 (mid-high)
16416.0,27,9,2933.47,325.94111111111107,2181,78.5,628,4,5,5,14,455,0,0.0807924752837636,0,Low,United Kingdom,RFM 13-15 (high)
16417.0,493,1,35.7,35.7,6,,0,1,1,1,3,111,1,0.8789824574347158,1,High,United Kingdom,RFM 3-6 (low)
16418.0,45,5,1028.74,205.748,564,94.5,378,4,4,3,11,443,2,0.3500346352565668,0,Low,United Kingdom,RFM 10-12 (mid-high)
16419.0,113,8,1450.95,181.36875,700,79.28571428571429,555,3,5,4,12,354,2,0.2892058112415493,0,Low,United Kingdom,RFM 10-12 (mid-high)
16420.0,396,1,75.0,75.0,120,,0,2,1,1,4,211,1,0.8584492558046135,1,High,United Kingdom,RFM 3-6 (low)
16421.0,376,3,526.27,175.42333333333332,123,46.5,93,2,3,2,7,232,1,0.7574975147740589,1,High,United Kingdom,RFM 7-9 (mid-low)
16422.0,17,109,59452.39,545.4347706422018,60941,6.287037037037037,679,5,5,5,15,555,3,0.0246944168099017,0,Low,United Kingdom,RFM 13-15 (high)
16423.0,25,1,346.12,346.12,230,,0,4,1,2,7,412,2,0.4667447316527874,0,Medium,United Kingdom,RFM 7-9 (mid-low)
16424.0,191,2,392.06,196.03,206,191.0,191,2,2,2,6,222,1,0.6079417889630264,1,Medium,United Kingdom,RFM 3-6 (low)
16425.0,302,1,302.7,302.7,199,,0,2,1,2,5,212,1,0.7913775384039842,1,High,United Kingdom,RFM 3-6 (low)
16426.0,2,10,1863.76,186.376,1215,30.33333333333333,273,5,5,4,14,554,0,0.1036635646751591,0,Low,United Kingdom,RFM 13-15 (high)
16427.0,263,2,241.06,120.53,156,21.0,21,2,2,1,5,221,1,0.71219872261579,1,High,United Kingdom,RFM 3-6 (low)
16428.0,414,3,635.54,211.84666666666664,574,42.0,84,1,3,3,7,133,1,0.6982334128882053,1,Medium,United Kingdom,RFM 7-9 (mid-low)
16429.0,106,1,284.55,284.55,9,,0,3,1,2,6,312,1,0.6697651616815107,1,Medium,United Kingdom,RFM 3-6 (low)
16430.0,57,7,1117.94,159.7057142857143,307,104.0,624,4,4,3,11,443,2,0.4062919138614536,0,Medium,United Kingdom,RFM 10-12 (mid-high)
16431.0,213,3,623.28,207.76,442,42.0,84,2,3,3,8,233,1,0.5499730689469596,1,Medium,United Kingdom,RFM 7-9 (mid-low)
16432.0,64,1,287.4,287.4,276,,0,3,1,2,6,312,2,0.5234295351334738,1,Medium,United Kingdom,RFM 3-6 (low)
16433.0,28,2,384.52,192.26,214,380.0,380,4,2,2,8,422,2,0.6458346423072331,1,Medium,United Kingdom,RFM 7-9 (mid-low)
16434.0,29,12,2658.99,221.5825,1303,60.09090909090909,661,4,5,4,13,454,0,0.0553927548141767,0,Low,United Kingdom,RFM 13-15 (high)
16435.0,512,3,1003.07,334.3566666666666,608,1.0,2,1,3,3,7,133,1,0.7052781278205624,1,High,United Kingdom,RFM 7-9 (mid-low)
16436.0,668,3,231.84,77.28,205,32.0,64,1,3,1,5,131,1,0.8065441057364443,1,High,United Kingdom,RFM 3-6 (low)
16437.0,381,2,301.25,150.625,197,48.0,48,2,2,2,6,222,1,0.8054256776994664,1,High,United Kingdom,RFM 3-6 (low)
16438.0,6,5,798.35,159.67000000000002,463,19.0,76,5,4,3,12,543,2,0.3118839206001897,0,Low,United Kingdom,RFM 10-12 (mid-high)
16439.0,722,1,310.70000000000005,310.70000000000005,74,,0,1,1,2,4,112,1,0.8556393090746827,1,High,United Kingdom,RFM 3-6 (low)
16440.0,8,6,3856.97,642.8283333333334,2108,97.2,486,5,4,5,14,545,0,0.1122942060790129,0,Low,United Kingdom,RFM 13-15 (high)
16441.0,67,5,1008.18,201.636,477,139.75,559,3,4,3,10,343,2,0.4058661942428376,0,Medium,United Kingdom,RFM 10-12 (mid-high)
16442.0,2,5,891.98,178.39600000000002,580,181.25,725,5,4,3,12,543,2,0.4414364402482361,0,Medium,United Kingdom,RFM 10-12 (mid-high)
16443.0,521,1,162.24,162.24,96,,0,1,1,1,3,111,1,0.8902616179777741,1,High,United Kingdom,RFM 3-6 (low)
16444.0,46,17,3551.68,208.92235294117648,1933,36.125,578,4,5,5,14,455,0,0.0441604583083075,0,Low,United Kingdom,RFM 13-15 (high)
16445.0,34,4,583.16,145.79,287,125.66666666666669,377,4,4,2,10,442,2,0.3991562695194798,0,Low,United Kingdom,RFM 10-12 (mid-high)
16446.0,1,2,2.8999999999941792,1.4499999999970896,2,204.0,204,5,2,1,8,521,2,0.500032403147249,1,Medium,United Kingdom,RFM 7-9 (mid-low)
16447.0,136,3,727.1,242.36666666666667,315,262.0,524,3,3,3,9,333,1,0.5114893850272272,1,Medium,United Kingdom,RFM 7-9 (mid-low)
16448.0,198,2,361.12,180.56,176,272.0,272,2,2,2,6,222,1,0.6001337401905579,1,Medium,United Kingdom,RFM 3-6 (low)
16449.0,198,2,674.69,337.345,359,82.0,82,2,2,3,7,223,1,0.5431954589404387,1,Medium,United Kingdom,RFM 7-9 (mid-low)
16450.0,150,3,1475.73,491.91,657,253.0,506,3,3,4,10,334,1,0.5260420699873906,1,Medium,United Kingdom,RFM 10-12 (mid-high)
16451.0,88,3,1009.4,336.46666666666664,521,323.5,647,3,3,3,9,333,2,0.5251566999172453,1,Medium,United Kingdom,RFM 7-9 (mid-low)
16452.0,631,2,332.17,166.085,199,63.0,63,1,2,2,5,122,1,0.7925521941378001,1,High,United Kingdom,RFM 3-6 (low)
16453.0,531,2,251.71,125.855,139,17.0,17,1,2,1,4,121,1,0.7943717224740716,1,High,United Kingdom,RFM 3-6 (low)
16454.0,45,3,-11.6,-3.866666666666666,2,283.0,566,4,3,1,8,431,2,0.4541931925862932,0,Medium,United Kingdom,RFM 7-9 (mid-low)
16455.0,64,11,3917.92,356.17454545454547,2808,55.6,556,3,5,5,13,355,0,0.0711833628032019,0,Low,United Kingdom,RFM 13-15 (high)
16456.0,99,13,5323.44,409.4953846153846,3295,43.41666666666666,521,3,5,5,13,355,0,0.1165510415112497,0,Low,United Kingdom,RFM 13-15 (high)
16457.0,218,1,208.36,208.36,140,,0,2,1,1,4,211,1,0.7238683051137058,1,High,United Kingdom,RFM 3-6 (low)
16458.0,3,30,5690.89,189.6963333333333,3395,19.27586206896552,559,5,5,5,15,555,0,0.0192222713873939,0,Low,United Kingdom,RFM 13-15 (high)
16459.0,730,1,71.78999999999999,71.78999999999999,59,,0,1,1,1,3,111,1,0.8971064481324745,1,High,United Kingdom,RFM 3-6 (low)
16460.0,28,3,811.23,270.41,876,26.5,53,4,3,3,10,433,2,0.2852088546468351,0,Low,United Kingdom,RFM 10-12 (mid-high)
16461.0,178,3,1545.83,515.2766666666666,933,234.0,468,3,3,4,10,334,1,0.5390123429081546,1,Medium,United Kingdom,RFM 10-12 (mid-high)
16462.0,74,3,102.0,34.0,12,105.0,210,3,3,1,7,331,2,0.553420721881994,1,Medium,United Kingdom,RFM 7-9 (mid-low)
16463.0,21,4,1383.7,345.925,1135,60.66666666666666,182,4,4,4,12,444,2,0.2121210862631453,0,Low,United Kingdom,RFM 10-12 (mid-high)
16464.0,20,3,1298.66,432.8866666666667,952,61.0,122,4,3,4,11,434,2,0.269370221916924,0,Low,United Kingdom,RFM 10-12 (mid-high)
16465.0,421,2,726.34,363.17,502,23.0,23,1,2,3,6,123,1,0.6983934641065223,1,Medium,United Kingdom,RFM 3-6 (low)
16466.0,34,15,3642.09,242.806,1776,43.42857142857143,608,4,5,5,14,455,0,0.0435550137491839,0,Low,United Kingdom,RFM 13-15 (high)
16467.0,509,7,2862.4,408.9142857142857,7380,38.0,228,1,4,5,10,145,1,0.5649048915794236,1,Medium,United Kingdom,RFM 10-12 (mid-high)
16468.0,74,3,787.52,262.50666666666666,371,203.5,407,3,3,3,9,333,2,0.5254666139829991,1,Medium,United Kingdom,RFM 7-9 (mid-low)
16469.0,24,5,803.9,160.78,332,122.5,490,4,4,3,11,443,2,0.3517694428297555,0,Low,United Kingdom,RFM 10-12 (mid-high)
16470.0,52,11,2411.9,219.2636363636364,1334,67.6,676,4,5,4,13,454,0,0.080608937509487,0,Low,United Kingdom,RFM 13-15 (high)
16471.0,275,4,1186.18,296.545,666,125.66666666666669,377,2,4,4,10,244,1,0.5601432215053019,1,Medium,United Kingdom,RFM 10-12 (mid-high)
16472.0,434,2,789.6,394.8,252,163.0,163,1,2,3,6,123,1,0.7317134956923903,1,High,United Kingdom,RFM 3-6 (low)
16473.0,165,4,469.58,117.395,295,69.66666666666667,209,3,4,2,9,342,1,0.5151909289692689,1,Medium,United Kingdom,RFM 7-9 (mid-low)
16474.0,7,7,1750.62,250.08857142857144,884,22.83333333333333,137,5,4,4,13,544,2,0.1537200948031653,0,Low,United Kingdom,RFM 13-15 (high)
16475.0,88,4,544.3,136.075,319,61.66666666666666,185,3,4,2,9,342,2,0.4267598022959057,0,Medium,United Kingdom,RFM 7-9 (mid-low)
16476.0,432,1,337.0,337.0,182,,0,1,1,2,4,112,1,0.8235301676275146,1,High,United Kingdom,RFM 3-6 (low)
16477.0,64,11,4094.37,372.2154545454545,2507,42.1,421,3,5,5,13,355,0,0.0834278224300737,0,Low,United Kingdom,RFM 13-15 (high)
16478.0,25,3,331.0,110.33333333333331,224,20.0,40,4,3,2,9,432,2,0.4374871158457092,0,Medium,United Kingdom,RFM 7-9 (mid-low)
16479.0,10,2,300.83,150.415,102,0.0,0,5,2,2,9,522,2,0.4647322141080161,0,Medium,United Kingdom,RFM 7-9 (mid-low)
16480.0,76,1,769.29,769.29,455,,0,3,1,3,7,313,1,0.5630979676211865,1,Medium,United Kingdom,RFM 7-9 (mid-low)
16481.0,682,1,428.23,428.23,185,,0,1,1,2,4,112,1,0.7959273581737532,1,High,United Kingdom,RFM 3-6 (low)
16482.0,16,1,220.62,220.62,346,,0,5,1,1,7,511,2,0.4574369134997005,0,Medium,United Kingdom,RFM 7-9 (mid-low)
16483.0,192,1,139.35,139.35,44,,0,2,1,1,4,211,1,0.8139617348405637,1,High,United Kingdom,RFM 3-6 (low)
16484.0,174,2,379.4,189.7,194,17.0,17,3,2,2,7,322,1,0.6215935664852583,1,Medium,United Kingdom,RFM 7-9 (mid-low)
16485.0,77,5,2130.19,426.038,1126,164.0,656,3,4,4,11,344,2,0.2499306403751949,0,Low,United Kingdom,RFM 10-12 (mid-high)
16486.0,538,1,134.36,134.36,24,,0,1,1,1,3,111,1,0.8918962599121967,1,High,United Kingdom,RFM 3-6 (low)
16487.0,577,2,209.4,104.7,163,81.0,81,1,2,1,4,121,1,0.8150202825789947,1,High,United Kingdom,RFM 3-6 (low)
16488.0,33,3,492.2,164.06666666666666,724,57.5,115,4,3,2,9,432,2,0.3090532912073366,0,Low,United Kingdom,RFM 7-9 (mid-low)
16489.0,380,2,303.7,151.85,38,55.0,55,2,2,2,6,222,1,0.8107371026973269,1,High,United Kingdom,RFM 3-6 (low)
16490.0,436,1,179.16000000000005,179.16000000000005,106,,0,1,1,1,3,111,1,0.8747836016012571,1,High,United Kingdom,RFM 3-6 (low)
16491.0,47,2,1524.31,762.155,1057,366.0,366,4,2,4,10,424,2,0.5452751440329674,1,Medium,United Kingdom,RFM 10-12 (mid-high)
16492.0,541,1,385.56,385.56,235,,0,1,1,2,4,112,1,0.8286583441045029,1,High,United Kingdom,RFM 3-6 (low)
16493.0,80,7,2110.12,301.44571428571425,1937,90.5,543,3,4,4,11,344,2,0.1604382692479253,0,Low,United Kingdom,RFM 10-12 (mid-high)
16494.0,297,1,826.53,826.53,675,,0,2,1,3,6,213,1,0.6954174425236529,1,Medium,United Kingdom,RFM 3-6 (low)
16495.0,3,3,648.26,216.08666666666667,328,136.0,272,5,3,3,11,533,2,0.3883873094322373,0,Low,United Kingdom,RFM 10-12 (mid-high)
16496.0,9,6,2293.47,382.245,1744,100.0,500,5,4,4,13,544,2,0.1199407556922603,0,Low,United Kingdom,RFM 13-15 (high)
16497.0,50,23,6695.28,291.0991304347826,3050,31.181818181818183,686,4,5,5,14,455,0,0.0359461261855262,0,Low,United Kingdom,RFM 13-15 (high)
16498.0,161,2,86.12,43.06,42,0.0,0,3,2,1,6,321,1,0.6892610496092115,1,Medium,United Kingdom,RFM 3-6 (low)
16499.0,360,8,2509.64,313.705,1354,26.571428571428573,186,2,5,4,11,254,1,0.6599892808953611,1,Medium,United Kingdom,RFM 10-12 (mid-high)
16500.0,5,9,835.96,92.88444444444444,385,67.25,538,5,5,3,13,553,0,0.3090341631759167,0,Low,United Kingdom,RFM 13-15 (high)
16501.0,383,1,1191.23,1191.23,628,,0,2,1,4,7,214,1,0.719858409846163,1,High,United Kingdom,RFM 7-9 (mid-low)
16502.0,620,2,258.55,129.275,220,0.0,0,1,2,1,4,121,1,0.7248624288913333,1,High,United Kingdom,RFM 3-6 (low)
16503.0,107,11,3597.89,327.0809090909091,1532,42.9,429,3,5,5,13,355,0,0.1172701247650072,0,Low,United Kingdom,RFM 13-15 (high)
16504.0,25,1,465.88,465.88,510,,0,4,1,2,7,412,2,0.3852816068228087,0,Low,United Kingdom,RFM 7-9 (mid-low)
16505.0,32,1,777.6,777.6,576,,0,4,1,3,8,413,2,0.4020423143428619,0,Medium,United Kingdom,RFM 7-9 (mid-low)
16506.0,20,2,90.3,45.150000000000006,42,20.0,20,4,2,1,7,421,2,0.5404623147483247,1,Medium,United Kingdom,RFM 7-9 (mid-low)
16507.0,572,1,142.71,142.71,111,,0,1,1,1,3,111,1,0.8699172351982025,1,High,United Kingdom,RFM 3-6 (low)
16508.0,630,1,240.95,240.95,103,,0,1,1,1,3,111,1,0.8453646501061242,1,High,United Kingdom,RFM 3-6 (low)
16509.0,297,1,363.7,363.7,64,,0,2,1,2,5,212,1,0.8413874865904896,1,High,United Kingdom,RFM 3-6 (low)
16510.0,372,6,1777.5,296.25,930,63.8,319,2,4,4,10,244,1,0.5278081145934135,1,Medium,United Kingdom,RFM 10-12 (mid-high)
16511.0,22,6,1760.49,293.415,769,125.2,626,4,4,4,12,444,2,0.2762352306002816,0,Low,United Kingdom,RFM 10-12 (mid-high)
16513.0,5,4,874.59,218.6475,407,12.666666666666666,38,5,4,3,12,543,2,0.2769230209088831,0,Low,United Kingdom,RFM 10-12 (mid-high)
16515.0,52,10,3179.06,317.906,1573,54.22222222222222,488,4,5,5,14,455,0,0.0697232622192804,0,Low,United Kingdom,RFM 13-15 (high)
16516.0,30,1,101.7,101.7,58,,0,4,1,1,6,411,2,0.7157535639549445,1,High,United Kingdom,RFM 3-6 (low)
16517.0,277,1,162.7,162.7,96,,0,2,1,1,4,211,1,0.8552815666623645,1,High,United Kingdom,RFM 3-6 (low)
16518.0,61,4,938.27,234.5675,516,165.0,495,3,4,3,10,343,2,0.4145434880374935,0,Medium,United Kingdom,RFM 10-12 (mid-high)
16519.0,25,4,439.06,109.765,150,207.66666666666663,623,4,4,2,10,442,2,0.4184787641834332,0,Medium,United Kingdom,RFM 10-12 (mid-high)
16520.0,186,6,2131.68,355.28,1043,92.0,460,3,4,4,11,344,1,0.2797229694691763,0,Low,United Kingdom,RFM 10-12 (mid-high)
16521.0,415,3,1140.11,380.0366666666666,1014,116.0,232,1,3,3,7,133,1,0.63341622634639,1,Medium,United Kingdom,RFM 7-9 (mid-low)
16522.0,436,2,433.36,216.68,212,14.0,14,1,2,2,5,122,1,0.7057255243860667,1,High,United Kingdom,RFM 3-6 (low)
16523.0,2,28,11760.54,420.0192857142857,4942,25.25925925925926,682,5,5,5,15,555,0,0.019917930560815,0,Low,United Kingdom,RFM 13-15 (high)
16524.0,446,2,306.19,153.095,259,245.0,245,1,2,2,5,122,1,0.7681740722581032,1,High,United Kingdom,RFM 3-6 (low)
16525.0,2,48,22919.4,477.4875,13492,15.638297872340424,735,5,5,5,15,555,3,0.0201898213525478,0,Low,United Kingdom,RFM 13-15 (high)
16526.0,172,2,717.21,358.605,279,412.0,412,3,2,3,8,323,1,0.5989051587006303,1,Medium,United Kingdom,RFM 7-9 (mid-low)
16527.0,81,2,1232.94,616.47,708,343.0,343,3,2,4,9,324,2,0.5495802934357105,1,Medium,United Kingdom,RFM 7-9 (mid-low)
16528.0,4,1,244.41,244.41,171,,0,5,1,1,7,511,2,0.4407713546558808,0,Medium,United Kingdom,RFM 7-9 (mid-low)
16529.0,190,4,1986.8,496.7,739,113.33333333333331,340,2,4,4,10,244,1,0.4465815149698501,0,Medium,United Kingdom,RFM 10-12 (mid-high)
16530.0,668,1,48.35,48.35,17,,0,1,1,1,3,111,1,0.8945756554943485,1,High,United Kingdom,RFM 3-6 (low)
16531.0,22,11,2263.58,205.78,1858,41.9,419,4,5,4,13,454,0,0.083717927615236,0,Low,United Kingdom,RFM 13-15 (high)
16532.0,18,5,8756.64,1751.328,2544,150.75,603,5,4,5,14,545,0,0.1588436675741361,0,Low,United Kingdom,RFM 13-15 (high)
16533.0,19,3,1014.19,338.06333333333333,513,24.0,48,4,3,3,10,433,2,0.3084870121105044,0,Low,United Kingdom,RFM 10-12 (mid-high)
16534.0,642,1,635.9,635.9,168,,0,1,1,3,5,113,1,0.7669581512074914,1,High,United Kingdom,RFM 3-6 (low)
16535.0,5,3,972.04,324.0133333333333,664,337.0,674,5,3,3,11,533,2,0.4486347233193066,0,Medium,United Kingdom,RFM 10-12 (mid-high)
16536.0,110,1,538.17,538.17,249,,0,3,1,2,6,312,1,0.6112799022246749,1,Medium,United Kingdom,RFM 3-6 (low)
16537.0,641,1,23.35,23.35,59,,0,1,1,1,3,111,1,0.8552206119465656,1,High,United Kingdom,RFM 3-6 (low)
16538.0,541,3,395.07,131.69,254,27.0,54,1,3,2,6,132,1,0.8115006409927661,1,High,United Kingdom,RFM 3-6 (low)
16539.0,3,10,3289.66,328.966,1014,58.77777777777778,529,5,5,5,15,555,0,0.0831244516822916,0,Low,United Kingdom,RFM 13-15 (high)
16540.0,414,1,205.75,205.75,105,,0,1,1,1,3,111,1,0.8478625969827928,1,High,United Kingdom,RFM 3-6 (low)
16541.0,735,1,419.78,419.78,172,,0,1,1,2,4,112,1,0.7454280141999338,1,High,United Kingdom,RFM 3-6 (low)
16542.0,54,2,257.32,128.66,142,347.0,347,4,2,1,7,421,2,0.6348276215265856,1,Medium,United Kingdom,RFM 7-9 (mid-low)
16543.0,592,1,277.80999999999995,277.80999999999995,303,,0,1,1,2,4,112,1,0.8097768468255309,1,High,United Kingdom,RFM 3-6 (low)
16544.0,520,4,110.3,27.575,54,47.333333333333336,142,1,4,1,6,141,1,0.8183735183808405,1,High,United Kingdom,RFM 3-6 (low)
16545.0,165,2,689.82,344.91,322,210.0,210,3,2,3,8,323,1,0.5515622853308448,1,Medium,United Kingdom,RFM 7-9 (mid-low)
16546.0,291,5,4421.04,884.208,3358,37.75,151,2,4,5,11,245,1,0.599778774356291,1,Medium,United Kingdom,RFM 10-12 (mid-high)
16547.0,546,1,104.26,104.26,108,,0,1,1,1,3,111,1,0.8814737459780002,1,High,United Kingdom,RFM 3-6 (low)
16548.0,599,1,30.15,30.15,6,,0,1,1,1,3,111,1,0.8770867392165844,1,High,United Kingdom,RFM 3-6 (low)
16549.0,10,34,12759.25,375.2720588235294,7082,18.484848484848484,610,5,5,5,15,555,0,0.0190780340446908,0,Low,United Kingdom,RFM 13-15 (high)
16550.0,109,18,8556.82,475.37888888888887,5347,36.94117647058823,628,3,5,5,13,355,0,0.1197385012747552,0,Low,United Kingdom,RFM 13-15 (high)
16551.0,96,7,2237.12,319.5885714285714,2076,105.0,630,3,4,4,11,344,2,0.1716535981289713,0,Low,United Kingdom,RFM 10-12 (mid-high)
16552.0,243,2,379.73,189.865,219,130.0,130,2,2,2,6,222,1,0.6205334250913925,1,Medium,United Kingdom,RFM 3-6 (low)
16553.0,163,33,16500.12,500.0036363636364,16403,15.6875,502,3,5,5,13,355,0,0.2499353343300121,0,Low,United Kingdom,RFM 13-15 (high)
16554.0,42,8,2407.17,300.89625,1169,97.42857142857144,682,4,5,4,13,454,2,0.1284016019353894,0,Low,United Kingdom,RFM 13-15 (high)
16555.0,35,6,285.89,47.64833333333333,175,94.0,470,4,4,2,10,442,2,0.4350866020001668,0,Medium,United Kingdom,RFM 10-12 (mid-high)
16556.0,67,17,7610.23,447.6605882352941,4329,41.625,666,3,5,5,13,355,0,0.0438331964030638,0,Low,United Kingdom,RFM 13-15 (high)
16557.0,24,2,281.85,140.925,111,113.0,113,4,2,2,8,422,2,0.4425798859537403,0,Medium,United Kingdom,RFM 7-9 (mid-low)
16558.0,1,38,13149.56,346.0410526315789,7758,19.864864864864863,735,5,5,5,15,555,0,0.0176842216387404,0,Low,United Kingdom,RFM 13-15 (high)
16559.0,397,1,175.0,175.0,61,,0,2,1,1,4,211,1,0.9159480238183556,1,High,United Kingdom,RFM 3-6 (low)
16560.0,27,8,3010.73,376.34125,1600,100.57142857142856,704,4,5,5,14,455,0,0.1115202665443428,0,Low,United Kingdom,RFM 13-15 (high)
16561.0,6,2,511.12,255.56,244,54.0,54,5,2,2,9,522,2,0.361008136365977,0,Low,United Kingdom,RFM 7-9 (mid-low)
16562.0,477,1,223.86,223.86,264,,0,1,1,1,3,111,1,0.8520112277389,1,High,United Kingdom,RFM 3-6 (low)
16563.0,54,6,4402.36,733.7266666666666,2572,136.8,684,4,4,5,13,445,2,0.1425350199598014,0,Low,United Kingdom,RFM 13-15 (high)
16564.0,569,1,87.8,87.8,40,,0,1,1,1,3,111,1,0.9032602013864628,1,High,United Kingdom,RFM 3-6 (low)
16565.0,364,4,700.45,175.1125,191,63.66666666666666,191,2,4,3,9,243,1,0.699038862795803,1,Medium,United Kingdom,RFM 7-9 (mid-low)
16566.0,15,5,614.01,122.802,361,69.25,277,5,4,3,12,543,2,0.3756465109956244,0,Low,United Kingdom,RFM 10-12 (mid-high)
16567.0,194,2,865.6,432.8,996,142.0,142,2,2,3,7,223,1,0.4961920474197492,0,Medium,United Kingdom,RFM 7-9 (mid-low)
16568.0,428,2,1020.9,510.4500000000001,366,213.0,213,1,2,3,6,123,1,0.6812125625092601,1,Medium,United Kingdom,RFM 3-6 (low)
16569.0,3,5,1455.23,291.046,988,180.0,720,5,4,4,13,544,2,0.2667253284720768,0,Low,United Kingdom,RFM 13-15 (high)
16570.0,15,20,6841.82,342.091,4140,31.789473684210527,604,5,5,5,15,555,0,0.0212645291932731,0,Low,United Kingdom,RFM 13-15 (high)
16571.0,27,10,4025.05,402.505,3601,67.22222222222223,605,4,5,5,14,455,0,0.0588233166803115,0,Low,United Kingdom,RFM 13-15 (high)
16572.0,127,3,999.7,333.2333333333333,530,74.0,148,3,3,3,9,333,1,0.4731483164851517,0,Medium,United Kingdom,RFM 7-9 (mid-low)
16573.0,85,2,648.41,324.205,354,205.0,205,3,2,3,8,323,2,0.5010280031438162,1,Medium,United Kingdom,RFM 7-9 (mid-low)
16574.0,71,3,1301.78,433.9266666666667,1002,293.5,587,3,3,4,10,334,2,0.4451779256065769,0,Medium,United Kingdom,RFM 10-12 (mid-high)
16576.0,420,2,513.1700000000001,256.58500000000004,309,101.0,101,1,2,2,5,122,1,0.7199881501284651,1,High,United Kingdom,RFM 3-6 (low)
16577.0,667,1,380.0,380.0,142,,0,1,1,2,4,112,1,0.8180105546941587,1,High,United Kingdom,RFM 3-6 (low)
16578.0,626,1,156.6,156.6,108,,0,1,1,1,3,111,1,0.8745068792719286,1,High,United Kingdom,RFM 3-6 (low)
16579.0,426,1,264.45,264.45,107,,0,1,1,1,3,111,1,0.8265814544819553,1,High,United Kingdom,RFM 3-6 (low)
16581.0,183,1,70.44,70.44,122,,0,3,1,1,5,311,1,0.7828817015740661,1,High,United Kingdom,RFM 3-6 (low)
16582.0,113,1,313.62,313.62,164,,0,3,1,2,6,312,1,0.5839838934309167,1,Medium,United Kingdom,RFM 3-6 (low)
16583.0,374,2,297.95,148.975,153,299.0,299,2,2,2,6,222,1,0.7554489507644361,1,High,United Kingdom,RFM 3-6 (low)
16584.0,80,5,3077.9700000000003,615.594,1885,145.25,581,3,4,5,12,345,2,0.1890588601139136,0,Low,United Kingdom,RFM 10-12 (mid-high)
16585.0,594,2,341.59,170.795,151,101.0,101,1,2,2,5,122,1,0.7880405648928438,1,High,United Kingdom,RFM 3-6 (low)
16586.0,249,3,1462.78,487.5933333333333,348,193.0,386,2,3,4,9,234,1,0.6109884475524953,1,Medium,United Kingdom,RFM 7-9 (mid-low)
16587.0,232,1,225.15,225.15,71,,0,2,1,1,4,211,1,0.7860125603749094,1,High,United Kingdom,RFM 3-6 (low)
16588.0,386,4,1361.28,340.32,882,62.66666666666666,188,2,4,4,10,244,1,0.6321723237243038,1,Medium,United Kingdom,RFM 10-12 (mid-high)
16589.0,71,4,612.36,153.09,536,126.0,378,3,4,3,10,343,2,0.4030608333863623,0,Medium,United Kingdom,RFM 10-12 (mid-high)
16590.0,401,2,563.6,281.8,234,13.0,13,2,2,2,6,222,1,0.6680348692728922,1,Medium,United Kingdom,RFM 3-6 (low)
16591.0,69,1,213.5,213.5,41,,0,3,1,1,5,311,2,0.6325218079314524,1,Medium,United Kingdom,RFM 3-6 (low)
16592.0,4,28,7624.46,272.3021428571429,5424,26.51851851851852,716,5,5,5,15,555,0,0.0186933119848235,0,Low,United Kingdom,RFM 13-15 (high)
16593.0,51,8,1051.24,131.405,375,97.71428571428572,684,4,5,3,12,453,2,0.4087922879560729,0,Medium,United Kingdom,RFM 10-12 (mid-high)
16594.0,75,1,181.09,181.09,64,,0,3,1,1,5,311,1,0.6613869715247083,1,Medium,United Kingdom,RFM 3-6 (low)
16595.0,61,5,1757.75,351.55,1331,157.5,630,3,4,4,11,344,2,0.2236610457936494,0,Low,United Kingdom,RFM 10-12 (mid-high)
16596.0,16,4,458.98,114.745,180,237.66666666666663,713,5,4,2,11,542,2,0.4662092970716502,0,Medium,United Kingdom,RFM 10-12 (mid-high)
16597.0,4,1,90.04,90.04,184,,0,5,1,1,7,511,2,0.6724417036633448,1,Medium,United Kingdom,RFM 7-9 (mid-low)
16598.0,286,1,140.7,140.7,70,,0,2,1,1,4,211,1,0.8843257583789681,1,High,United Kingdom,RFM 3-6 (low)
16599.0,386,1,172.8,172.8,159,,0,2,1,1,4,211,1,0.8869861087818259,1,High,United Kingdom,RFM 3-6 (low)
16600.0,4,13,2093.56,161.0430769230769,2395,59.75,717,5,5,4,14,554,0,0.0997256910884913,0,Low,United Kingdom,RFM 13-15 (high)
16601.0,41,3,677.0,225.66666666666663,391,291.0,582,4,3,3,10,433,2,0.4954188248295413,0,Medium,United Kingdom,RFM 10-12 (mid-high)
16602.0,36,2,711.63,355.815,406,352.0,352,4,2,3,9,423,2,0.5113946882217268,1,Medium,United Kingdom,RFM 7-9 (mid-low)
16603.0,75,2,482.47,241.235,480,16.0,16,3,2,2,7,322,2,0.4162704767892816,0,Medium,United Kingdom,RFM 7-9 (mid-low)
16604.0,563,2,326.25,163.125,115,5.0,5,1,2,2,5,122,1,0.7098192685640022,1,High,United Kingdom,RFM 3-6 (low)
16605.0,724,1,60.48,60.48,144,,0,1,1,1,3,111,1,0.8749604085900141,1,High,United Kingdom,RFM 3-6 (low)
16606.0,404,2,357.66,178.83,148,30.0,30,2,2,2,6,222,1,0.7924568843408484,1,High,United Kingdom,RFM 3-6 (low)
16607.0,18,25,5375.18,215.0072,4390,23.791666666666668,571,5,5,5,15,555,0,0.0224253753716418,0,Low,United Kingdom,RFM 13-15 (high)
16608.0,454,2,1286.62,643.3100000000001,612,209.0,209,1,2,4,7,124,1,0.6811527671557692,1,Medium,United Kingdom,RFM 7-9 (mid-low)
16609.0,15,7,5450.96,778.7085714285714,2410,39.5,237,5,4,5,14,545,0,0.0960222870405876,0,Low,United Kingdom,RFM 13-15 (high)
16610.0,219,1,75.66,75.66,66,,0,2,1,1,4,211,1,0.8622745317112676,1,High,United Kingdom,RFM 3-6 (low)
16611.0,186,6,1776.63,296.105,873,90.4,452,3,4,4,11,344,1,0.3346969698677724,0,Low,United Kingdom,RFM 10-12 (mid-high)
16612.0,33,9,3243.48,360.38666666666666,1418,87.875,703,4,5,5,14,455,0,0.1160713491465278,0,Low,United Kingdom,RFM 13-15 (high)
16613.0,70,1,618.59,618.59,293,,0,3,1,3,7,313,2,0.5764044399234179,1,Medium,United Kingdom,RFM 7-9 (mid-low)
16614.0,183,3,1179.79,393.2633333333333,349,197.5,395,3,3,3,9,333,1,0.5858280638525557,1,Medium,United Kingdom,RFM 7-9 (mid-low)
16615.0,626,1,264.5,264.5,207,,0,1,1,1,3,111,1,0.8230291323404754,1,High,United Kingdom,RFM 3-6 (low)
16616.0,15,2,500.42,250.21,370,142.0,142,5,2,2,9,522,2,0.383665723156073,0,Low,United Kingdom,RFM 7-9 (mid-low)
16617.0,236,1,151.85,151.85,91,,0,2,1,1,4,211,1,0.7886100054624094,1,High,United Kingdom,RFM 3-6 (low)
16618.0,31,5,2630.64,526.1279999999999,1362,72.75,291,4,4,4,12,444,2,0.1358369299025522,0,Low,United Kingdom,RFM 10-12 (mid-high)
16619.0,264,4,1916.53,479.1325,1051,130.33333333333334,391,2,4,4,10,244,1,0.4510116052358432,0,Medium,United Kingdom,RFM 10-12 (mid-high)
16620.0,4,6,1758.93,293.15500000000003,1146,146.8,734,5,4,4,13,544,2,0.1900885560462158,0,Low,United Kingdom,RFM 13-15 (high)
16621.0,52,4,813.48,203.37,302,75.33333333333333,226,4,4,3,11,443,2,0.3736650168197241,0,Low,United Kingdom,RFM 10-12 (mid-high)
16622.0,544,1,205.6,205.6,40,,0,1,1,1,3,111,1,0.8844819691496384,1,High,United Kingdom,RFM 3-6 (low)
16623.0,246,4,1002.49,250.6225,441,115.33333333333331,346,2,4,3,9,243,1,0.5097984401427952,1,Medium,United Kingdom,RFM 7-9 (mid-low)
16624.0,81,2,810.5699999999999,405.285,488,116.0,116,3,2,3,8,323,2,0.4407694941187856,0,Medium,United Kingdom,RFM 7-9 (mid-low)
16625.0,275,5,1651.08,330.216,1056,67.25,269,2,4,4,10,244,1,0.5005453868005058,1,Medium,United Kingdom,RFM 10-12 (mid-high)
16626.0,1,17,4379.65,257.6264705882353,2670,16.5625,265,5,5,5,15,555,0,0.0684006428465361,0,Low,United Kingdom,RFM 13-15 (high)
16627.0,79,1,322.8,322.8,162,,0,3,1,2,6,312,1,0.5703649960602497,1,Medium,United Kingdom,RFM 3-6 (low)
16628.0,30,7,2313.09,330.4414285714286,1257,102.0,612,4,4,4,12,444,2,0.1111211398370035,0,Low,United Kingdom,RFM 10-12 (mid-high)
16629.0,74,2,408.63,204.315,489,22.0,22,3,2,2,7,322,2,0.456093496444569,0,Medium,United Kingdom,RFM 7-9 (mid-low)
16630.0,407,1,104.3,104.3,70,,0,2,1,1,4,211,1,0.9056999012894644,1,High,United Kingdom,RFM 3-6 (low)
16631.0,482,7,1867.02,266.71714285714285,773,28.33333333333333,170,1,4,4,9,144,1,0.6689057942377041,1,Medium,United Kingdom,RFM 7-9 (mid-low)
16632.0,486,2,406.4,203.2,256,95.0,95,1,2,2,5,122,1,0.8072001176623981,1,High,United Kingdom,RFM 3-6 (low)
16633.0,17,6,2878.15,479.69166666666666,1137,43.2,216,5,4,5,14,545,2,0.1126308142748457,0,Low,United Kingdom,RFM 13-15 (high)
16634.0,223,6,1198.3,199.71666666666667,488,93.0,465,2,4,4,10,244,1,0.4872049126751382,0,Medium,United Kingdom,RFM 10-12 (mid-high)
16635.0,407,1,473.0,473.0,277,,0,2,1,2,5,212,1,0.7365859650898414,1,High,United Kingdom,RFM 3-6 (low)
16636.0,438,4,3802.04,950.51,2186,69.0,207,1,4,5,10,145,1,0.6072133810251096,1,Medium,United Kingdom,RFM 10-12 (mid-high)
16637.0,32,4,1124.59,281.1475,891,64.33333333333333,193,4,4,3,11,443,2,0.2608986025490453,0,Low,United Kingdom,RFM 10-12 (mid-high)
16638.0,23,15,2375.88,158.392,1626,32.5,455,4,5,4,13,454,0,0.0677080776068314,0,Low,United Kingdom,RFM 13-15 (high)
16639.0,31,4,1659.85,414.9625,744,125.66666666666669,377,4,4,4,12,444,2,0.2799236404556742,0,Low,United Kingdom,RFM 10-12 (mid-high)
16640.0,398,1,179.4,179.4,146,,0,2,1,1,4,211,1,0.8640551036369349,1,High,United Kingdom,RFM 3-6 (low)
16641.0,106,2,554.5,277.25,454,596.0,596,3,2,2,7,322,1,0.5428008318858479,1,Medium,United Kingdom,RFM 7-9 (mid-low)
16642.0,5,3,1051.46,350.4866666666667,744,205.0,410,5,3,3,11,533,2,0.4166355771610395,0,Medium,United Kingdom,RFM 10-12 (mid-high)
16643.0,246,2,915.56,457.78,550,176.0,176,2,2,3,7,223,1,0.5901771380419307,1,Medium,United Kingdom,RFM 7-9 (mid-low)
16644.0,178,2,833.78,416.89,826,34.0,34,3,2,3,8,323,1,0.4859178848525205,0,Medium,United Kingdom,RFM 7-9 (mid-low)
16645.0,736,1,160.39,160.39,117,,0,1,1,1,3,111,1,0.8715628285928267,1,High,United Kingdom,RFM 3-6 (low)
16646.0,449,1,675.05,675.05,1071,,0,1,1,3,5,113,1,0.7511036642588225,1,High,United Kingdom,RFM 3-6 (low)
16647.0,170,4,541.9,135.475,396,124.66666666666669,374,3,4,2,9,342,1,0.4364527597718275,0,Medium,United Kingdom,RFM 7-9 (mid-low)
16648.0,43,3,653.0,217.66666666666663,491,273.5,547,4,3,3,10,433,2,0.5011266368082227,1,Medium,United Kingdom,RFM 10-12 (mid-high)
16649.0,520,1,306.58000000000004,306.58000000000004,82,,0,1,1,2,4,112,1,0.8597122730346283,1,High,United Kingdom,RFM 3-6 (low)
16650.0,72,7,1916.11,273.73,1511,74.5,447,3,4,4,11,344,2,0.127050648292267,0,Low,United Kingdom,RFM 10-12 (mid-high)
16651.0,587,1,136.2,136.2,60,,0,1,1,1,3,111,1,0.8945982372258564,1,High,United Kingdom,RFM 3-6 (low)
16652.0,59,16,17312.83,1082.051875,7446,38.2,573,3,5,5,13,355,0,0.0495461045828431,0,Low,United Kingdom,RFM 13-15 (high)
16653.0,16,2,1166.92,583.46,723,55.0,55,5,2,3,10,523,2,0.2775542810767668,0,Low,United Kingdom,RFM 10-12 (mid-high)
16654.0,141,8,1477.77,184.72125,638,67.28571428571429,471,3,5,4,12,354,2,0.2865328789391665,0,Low,United Kingdom,RFM 10-12 (mid-high)
16655.0,18,13,6388.16,491.3969230769231,3937,54.91666666666666,659,5,5,5,15,555,0,0.0386429208719781,0,Low,United Kingdom,RFM 13-15 (high)
16656.0,22,30,16307.72,543.5906666666666,14987,24.58620689655172,713,4,5,5,14,455,0,0.0245919983837108,0,Low,United Kingdom,RFM 13-15 (high)
16657.0,10,4,874.43,218.6075,1130,81.33333333333333,244,5,4,3,12,543,2,0.2474662671824764,0,Low,United Kingdom,RFM 10-12 (mid-high)
16658.0,368,6,573.48,95.58,236,50.0,250,2,4,2,8,242,1,0.7499817006093852,1,High,United Kingdom,RFM 7-9 (mid-low)
16659.0,189,1,39.12,39.12,72,,0,2,1,1,4,211,1,0.828019429986716,1,High,United Kingdom,RFM 3-6 (low)
16660.0,16,7,1422.35,203.19285714285712,871,113.0,678,5,4,4,13,544,2,0.2512722008365936,0,Low,United Kingdom,RFM 13-15 (high)
16661.0,540,4,788.3100000000001,197.0775,275,60.333333333333336,181,1,4,3,8,143,1,0.6846233805479262,1,Medium,United Kingdom,RFM 7-9 (mid-low)
16662.0,394,1,151.05,151.05,35,,0,2,1,1,4,211,1,0.8867259175419464,1,High,United Kingdom,RFM 3-6 (low)
16663.0,729,1,165.0,165.0,100,,0,1,1,1,3,111,1,0.8579860950613623,1,High,United Kingdom,RFM 3-6 (low)
16664.0,569,1,109.2,109.2,24,,0,1,1,1,3,111,1,0.8997824232076128,1,High,United Kingdom,RFM 3-6 (low)
16665.0,362,1,135.39999999999998,135.39999999999998,59,,0,2,1,1,4,211,1,0.8965879803587327,1,High,United Kingdom,RFM 3-6 (low)
16666.0,19,2,217.71,108.855,354,601.0,601,4,2,1,7,421,2,0.6372975999329518,1,Medium,United Kingdom,RFM 7-9 (mid-low)
16667.0,68,2,567.1800000000001,283.59000000000003,236,216.0,216,3,2,2,7,322,2,0.5174810118983482,1,Medium,United Kingdom,RFM 7-9 (mid-low)
16668.0,15,13,862.42,66.34,773,51.25,615,5,5,3,13,553,0,0.3016637218692573,0,Low,United Kingdom,RFM 13-15 (high)
16669.0,24,3,200.15,66.71666666666667,875,27.0,54,4,3,1,8,431,2,0.386074817613424,0,Low,United Kingdom,RFM 7-9 (mid-low)
16670.0,17,20,7786.66,389.333,4451,37.47368421052632,712,5,5,5,15,555,0,0.0240780023703749,0,Low,United Kingdom,RFM 13-15 (high)
16671.0,28,3,1692.27,564.09,875,68.0,136,4,3,4,11,434,2,0.2795307808302093,0,Low,United Kingdom,RFM 10-12 (mid-high)
16672.0,2,20,8093.59,404.6795,2812,13.894736842105264,264,5,5,5,15,555,0,0.0538893145985109,0,Low,United Kingdom,RFM 13-15 (high)
16673.0,679,1,171.13,171.13,95,,0,1,1,1,3,111,1,0.8804018575943817,1,High,United Kingdom,RFM 3-6 (low)
16674.0,55,2,304.24,152.12,181,43.0,43,4,2,2,8,422,2,0.5089354499476128,1,Medium,United Kingdom,RFM 7-9 (mid-low)
16675.0,442,2,608.86,304.43,296,36.0,36,1,2,3,6,123,1,0.7256433301444801,1,High,United Kingdom,RFM 3-6 (low)
16676.0,34,6,2328.5,388.0833333333333,922,76.8,384,4,4,4,12,444,2,0.1381046868059811,0,Low,United Kingdom,RFM 10-12 (mid-high)
16677.0,411,2,849.77,424.885,454,240.0,240,1,2,3,6,123,1,0.6414765493844651,1,Medium,United Kingdom,RFM 3-6 (low)
16678.0,3,12,3013.83,251.1525,2368,25.454545454545453,280,5,5,5,15,555,0,0.075299206451129,0,Low,United Kingdom,RFM 13-15 (high)
16679.0,366,3,663.31,221.10333333333327,247,90.0,180,2,3,3,8,233,1,0.6959450845988644,1,Medium,United Kingdom,RFM 7-9 (mid-low)
16680.0,43,3,821.45,273.81666666666666,377,245.5,491,4,3,3,10,433,2,0.5257872182738295,1,Medium,United Kingdom,RFM 10-12 (mid-high)
16681.0,73,7,1921.84,274.5485714285714,1492,94.66666666666669,568,3,4,4,11,344,2,0.1559718417965205,0,Low,United Kingdom,RFM 10-12 (mid-high)
16682.0,5,5,1028.0,205.6,1040,45.75,183,5,4,3,12,543,2,0.2265909914051662,0,Low,United Kingdom,RFM 10-12 (mid-high)
16683.0,534,1,309.35,309.35,188,,0,1,2,2,5,122,1,0.8272468733083259,1,High,United Kingdom,RFM 3-6 (low)
16684.0,4,55,141502.25,2572.768181818182,101095,13.48148148148148,728,5,5,5,15,555,3,0.0277219463843428,0,Low,United Kingdom,RFM 13-15 (high)
16685.0,61,2,324.24,162.12,396,0.0,0,3,2,2,7,322,2,0.4984455392670491,0,Medium,United Kingdom,RFM 7-9 (mid-low)
16686.0,47,16,4861.72,303.8575,3414,45.66666666666666,685,4,5,5,14,455,0,0.0504621505678235,0,Low,United Kingdom,RFM 13-15 (high)
16687.0,391,1,157.63,157.63,141,,0,2,2,1,5,221,1,0.881386373282415,1,High,United Kingdom,RFM 3-6 (low)
16688.0,1,4,1260.86,315.215,804,19.666666666666668,59,5,4,4,13,544,2,0.2027784887500697,0,Low,United Kingdom,RFM 13-15 (high)
16689.0,76,2,303.26,151.63,168,6.0,6,3,2,2,7,322,2,0.476953015019031,0,Medium,United Kingdom,RFM 7-9 (mid-low)
16690.0,72,4,336.08,84.02,208,126.33333333333331,379,3,4,2,9,342,2,0.4831797236429757,0,Medium,United Kingdom,RFM 7-9 (mid-low)
16691.0,418,2,178.83,89.415,92,143.0,143,1,2,1,4,121,1,0.8160655649339588,1,High,United Kingdom,RFM 3-6 (low)
16692.0,256,4,1914.7,478.675,878,61.66666666666666,185,2,4,4,10,244,1,0.5276528922543977,1,Medium,United Kingdom,RFM 10-12 (mid-high)
16693.0,69,5,1179.48,235.896,658,146.75,587,3,4,3,10,343,2,0.3632688512393063,0,Low,United Kingdom,RFM 10-12 (mid-high)
16694.0,723,1,98.3,98.3,26,,0,1,2,1,4,121,1,0.9001887988452705,1,High,United Kingdom,RFM 3-6 (low)
16695.0,562,2,191.9,95.95,184,0.0,0,1,2,1,4,121,1,0.746411390824454,1,High,United Kingdom,RFM 3-6 (low)
16696.0,135,4,657.9000000000001,164.47500000000002,146,37.333333333333336,112,3,4,3,10,343,1,0.5538186178848735,1,Medium,United Kingdom,RFM 10-12 (mid-high)
16697.0,241,1,112.75,112.75,27,,0,2,2,1,5,221,1,0.8645354679296596,1,High,United Kingdom,RFM 3-6 (low)
16698.0,227,2,1998.0,999.0,840,26.0,26,2,2,4,8,224,1,0.5539842843495759,1,Medium,United Kingdom,RFM 7-9 (mid-low)
16699.0,380,7,964.9,137.84285714285713,634,59.16666666666666,355,2,4,3,9,243,1,0.6156797963446361,1,Medium,United Kingdom,RFM 7-9 (mid-low)
16700.0,9,25,8747.12,349.88480000000004,6625,30.375,729,5,5,5,15,555,0,0.0191341253043264,0,Low,United Kingdom,RFM 13-15 (high)
16701.0,9,26,9614.59,369.7919230769231,10817,29.16,729,5,5,5,15,555,0,0.0196034395460815,0,Low,United Kingdom,RFM 13-15 (high)
16702.0,415,4,1100.88,275.22,691,105.33333333333331,316,1,4,3,8,143,1,0.6257101652795376,1,Medium,United Kingdom,RFM 7-9 (mid-low)
16704.0,618,2,664.16,332.08,433,53.0,53,1,2,3,6,123,1,0.686870316354176,1,Medium,United Kingdom,RFM 3-6 (low)
16705.0,1,42,42653.141,1015.5509761904764,22001,17.78048780487805,729,5,5,5,15,555,3,0.0232261634131178,0,Low,United Kingdom,RFM 13-15 (high)
16706.0,37,3,531.35,177.11666666666667,249,38.0,76,4,3,2,9,432,2,0.3938910611118857,0,Low,United Kingdom,RFM 7-9 (mid-low)
16707.0,400,4,533.41,133.3525,396,79.66666666666667,239,2,4,2,8,242,1,0.6659140116791114,1,Medium,United Kingdom,RFM 7-9 (mid-low)
16708.0,46,1,656.63,656.63,285,,0,4,2,3,9,423,2,0.5161527069192817,1,Medium,United Kingdom,RFM 7-9 (mid-low)
16709.0,85,14,9056.01,646.8578571428571,3261,49.61538461538461,645,3,5,5,13,355,0,0.097208860810477,0,Low,United Kingdom,RFM 13-15 (high)
16710.0,19,22,5908.6,268.57272727272726,4173,34.095238095238095,716,4,5,5,14,455,0,0.0226736759184279,0,Low,United Kingdom,RFM 13-15 (high)
16711.0,3,9,2751.48,305.72,1186,91.75,734,5,5,4,14,554,0,0.1083322335474485,0,Low,United Kingdom,RFM 13-15 (high)
16712.0,9,13,4232.87,325.6053846153846,2074,32.583333333333336,391,5,5,5,15,555,0,0.059159587110926,0,Low,United Kingdom,RFM 13-15 (high)
16713.0,19,32,13943.36,435.73,8458,22.741935483870968,705,4,5,5,14,455,0,0.0225560098919719,0,Low,United Kingdom,RFM 13-15 (high)
16714.0,219,4,1222.24,305.56,812,150.33333333333334,451,2,4,4,10,244,1,0.4997258023255677,0,Medium,United Kingdom,RFM 10-12 (mid-high)
16715.0,78,2,625.52,312.76,1174,484.0,484,3,2,3,8,323,2,0.4928716563331259,0,Medium,United Kingdom,RFM 7-9 (mid-low)
16716.0,267,3,1568.2800000000002,522.7600000000001,836,181.5,363,2,3,4,9,234,1,0.5378921809179389,1,Medium,United Kingdom,RFM 7-9 (mid-low)
16717.0,24,14,5987.41,427.6721428571428,2824,54.46153846153846,708,4,5,5,14,455,0,0.0397717422026054,0,Low,United Kingdom,RFM 13-15 (high)
16718.0,369,5,3006.08,601.216,1924,90.75,363,2,4,5,11,245,1,0.4378320719808002,0,Medium,United Kingdom,RFM 10-12 (mid-high)
16719.0,15,14,3368.87,240.63357142857143,2335,54.69230769230769,711,5,5,5,15,555,0,0.0453406938921487,0,Low,United Kingdom,RFM 13-15 (high)
16720.0,26,3,556.6899999999999,185.5633333333333,452,347.5,695,4,3,2,9,432,2,0.4840263160944731,0,Medium,United Kingdom,RFM 7-9 (mid-low)
16721.0,262,1,292.47,292.47,172,,0,2,2,2,6,222,1,0.7270122047641034,1,High,United Kingdom,RFM 3-6 (low)
16722.0,17,22,8168.31,371.2868181818182,7973,34.19047619047619,718,5,5,5,15,555,0,0.0226526662624906,0,Low,United Kingdom,RFM 13-15 (high)
16723.0,91,4,1231.36,307.84,958,214.3333333333333,643,3,4,4,11,344,2,0.404796549574878,0,Medium,United Kingdom,RFM 10-12 (mid-high)
16724.0,405,1,147.35,147.35,69,,0,2,2,1,5,221,1,0.8932570022228512,1,High,United Kingdom,RFM 3-6 (low)
16725.0,302,14,1676.86,119.77571428571429,698,32.61538461538461,424,2,5,4,11,254,0,0.4755891960446085,0,Medium,United Kingdom,RFM 10-12 (mid-high)
16726.0,26,7,2063.88,294.84000000000003,1323,64.0,384,4,4,4,12,444,2,0.1205293500450234,0,Low,United Kingdom,RFM 10-12 (mid-high)
16727.0,364,4,1377.77,344.4425,1066,108.0,324,2,4,4,10,244,1,0.5555485616237096,1,Medium,United Kingdom,RFM 10-12 (mid-high)
16728.0,46,4,1048.28,262.07,671,72.66666666666667,218,4,4,3,11,443,2,0.342505245759952,0,Low,United Kingdom,RFM 10-12 (mid-high)
16729.0,38,21,7041.69,335.31857142857143,5708,10.15,203,4,5,5,14,455,0,0.0673619690797788,0,Low,United Kingdom,RFM 13-15 (high)
16730.0,52,3,702.79,234.2633333333333,898,133.5,267,4,3,3,10,433,2,0.4276342562433727,0,Medium,United Kingdom,RFM 10-12 (mid-high)
16731.0,648,1,170.3,170.3,124,,0,1,2,1,4,121,1,0.8794235585566957,1,High,United Kingdom,RFM 3-6 (low)
16732.0,32,4,3966.79,991.6975,2382,233.0,699,4,4,5,13,445,2,0.2290841976032257,0,Low,United Kingdom,RFM 13-15 (high)
16733.0,530,1,259.68,259.68,112,,0,1,2,1,4,121,1,0.8454353598632346,1,High,United Kingdom,RFM 3-6 (low)
16734.0,52,3,646.76,215.58666666666667,345,30.5,61,4,3,3,10,433,2,0.3971257343832636,0,Low,United Kingdom,RFM 10-12 (mid-high)
16735.0,79,14,5578.86,398.49,3931,50.23076923076923,653,3,5,5,13,355,0,0.0562493545443033,0,Low,United Kingdom,RFM 13-15 (high)
16736.0,506,5,2904.51,580.902,1039,57.5,230,1,4,5,10,145,1,0.5612621944910647,1,Medium,United Kingdom,RFM 10-12 (mid-high)
16737.0,53,2,835.1999999999999,417.6,576,524.0,524,4,2,3,9,423,2,0.5616305468024516,1,Medium,United Kingdom,RFM 7-9 (mid-low)
16738.0,298,1,3.75,3.75,3,,0,2,2,1,5,221,1,0.8896725121031439,1,High,United Kingdom,RFM 3-6 (low)
16739.0,177,2,772.23,386.115,387,359.0,359,3,2,3,8,323,1,0.5934393830453542,1,Medium,United Kingdom,RFM 7-9 (mid-low)
16740.0,395,1,226.91,226.91,110,,0,2,2,1,5,221,1,0.8367062247773894,1,High,United Kingdom,RFM 3-6 (low)
16741.0,625,1,173.06,173.06,81,,0,1,2,1,4,121,1,0.90281962362998,1,High,United Kingdom,RFM 3-6 (low)
16742.0,47,14,2334.97,166.7835714285714,2368,52.0,676,4,5,4,13,454,0,0.0791130140286505,0,Low,United Kingdom,RFM 13-15 (high)
16743.0,29,14,4165.9,297.5642857142857,3670,43.53846153846154,566,4,5,5,14,455,0,0.0424190066016029,0,Low,United Kingdom,RFM 13-15 (high)
16744.0,11,7,1291.91,184.55857142857144,798,26.83333333333333,161,5,4,4,13,544,2,0.17022595256477,0,Low,United Kingdom,RFM 13-15 (high)
16745.0,87,17,7157.1,421.0058823529412,6711,14.0625,225,3,5,5,13,355,0,0.1040684732134887,0,Low,United Kingdom,RFM 13-15 (high)
16746.0,5,42,18012.2,428.8619047619048,11892,17.804878048780488,730,5,5,5,15,555,3,0.0197336909592408,0,Low,United Kingdom,RFM 13-15 (high)
16747.0,38,2,826.96,413.48,577,30.0,30,4,2,3,9,423,2,0.3592437682716441,0,Low,United Kingdom,RFM 7-9 (mid-low)
16748.0,18,14,3632.29,259.44928571428574,2115,54.69230769230769,711,5,5,5,15,555,0,0.0470847388825377,0,Low,United Kingdom,RFM 13-15 (high)
16749.0,591,2,4157.88,2078.94,1910,132.0,132,1,2,5,8,125,1,0.7034267186950319,1,High,United Kingdom,RFM 7-9 (mid-low)
16750.0,45,5,623.93,124.786,214,46.75,187,4,4,3,11,443,2,0.4689640925212677,0,Medium,United Kingdom,RFM 10-12 (mid-high)
16751.0,31,1,1764.72,1764.72,1031,,0,4,2,4,10,424,2,0.5617402951925204,1,Medium,United Kingdom,RFM 10-12 (mid-high)
16752.0,373,1,207.5,207.5,54,,0,2,2,1,5,221,1,0.8725054910862379,1,High,United Kingdom,RFM 3-6 (low)
16753.0,58,1,223.92,223.92,189,,0,4,2,1,7,421,2,0.5380049746859503,1,Medium,United Kingdom,RFM 7-9 (mid-low)
16754.0,372,29,54558.18,1881.316551724138,54190,9.607142857142858,269,2,5,5,12,255,3,0.704782093998329,1,High,United Kingdom,RFM 10-12 (mid-high)
16755.0,114,7,2846.13,406.59,1978,102.5,615,3,4,5,12,345,2,0.1433197694689635,0,Low,United Kingdom,RFM 10-12 (mid-high)
16756.0,215,7,1287.42,183.9171428571429,700,70.83333333333333,425,2,4,4,10,244,1,0.3645033279347031,0,Low,United Kingdom,RFM 10-12 (mid-high)
16757.0,319,2,270.48,135.24,180,90.0,90,2,2,2,6,222,1,0.7863544394904751,1,High,United Kingdom,RFM 3-6 (low)
16758.0,65,1,369.34,369.34,203,,0,3,2,2,7,322,2,0.5713188073228034,1,Medium,United Kingdom,RFM 7-9 (mid-low)
16759.0,8,3,772.84,257.61333333333334,608,11.5,23,5,3,3,11,533,2,0.3071529919309842,0,Low,United Kingdom,RFM 10-12 (mid-high)
16760.0,430,1,228.0,228.0,168,,0,1,2,1,4,121,1,0.8439648179750793,1,High,United Kingdom,RFM 3-6 (low)
16761.0,97,1,316.62,316.62,341,,0,3,2,2,7,322,1,0.5739635630382209,1,Medium,United Kingdom,RFM 7-9 (mid-low)
16762.0,20,3,1207.24,402.41333333333336,480,62.0,124,4,3,4,11,434,2,0.3239280703497879,0,Low,United Kingdom,RFM 10-12 (mid-high)
16763.0,199,2,947.75,473.875,491,539.0,539,2,2,3,7,223,1,0.6155351434886507,1,Medium,United Kingdom,RFM 7-9 (mid-low)
16764.0,4,13,2749.9500000000003,211.5346153846154,1241,11.583333333333334,139,5,5,4,14,554,0,0.095193599410895,0,Low,United Kingdom,RFM 13-15 (high)
16765.0,294,2,454.75,227.375,311,88.0,88,2,2,2,6,222,1,0.7175967237728773,1,High,United Kingdom,RFM 3-6 (low)
16766.0,273,2,1145.6,572.8,536,0.0,0,2,2,3,7,223,1,0.6728915693123804,1,Medium,United Kingdom,RFM 7-9 (mid-low)
16767.0,31,15,7954.76,530.3173333333333,7078,39.92857142857143,559,4,5,5,14,455,0,0.030003594023598,0,Low,United Kingdom,RFM 13-15 (high)
16768.0,48,9,1637.52,181.94666666666663,762,85.5,684,4,5,4,13,454,2,0.2648999360892183,0,Low,United Kingdom,RFM 13-15 (high)
16769.0,260,4,1117.05,279.2625,295,155.0,465,2,4,3,9,243,1,0.514022277992187,1,Medium,United Kingdom,RFM 7-9 (mid-low)
16770.0,58,9,1746.83,194.0922222222222,1038,52.0,416,4,5,4,13,454,2,0.1268340207176619,0,Low,United Kingdom,RFM 13-15 (high)
16771.0,33,10,3949.6,394.96,2308,77.44444444444444,697,4,5,5,14,455,0,0.0671502455422139,0,Low,United Kingdom,RFM 13-15 (high)
16772.0,423,3,2760.1,920.0333333333332,558,149.0,298,1,3,4,8,134,1,0.6505744268471503,1,Medium,United Kingdom,RFM 7-9 (mid-low)
16773.0,57,3,421.24,140.41333333333333,252,337.5,675,4,3,2,9,432,2,0.5437778746075769,1,Medium,United Kingdom,RFM 7-9 (mid-low)
16774.0,68,8,1560.88,195.11,770,84.71428571428571,593,3,5,4,12,354,2,0.285326464293312,0,Low,United Kingdom,RFM 10-12 (mid-high)
16775.0,10,16,2739.24,171.2025,861,28.73333333333333,431,5,5,4,14,554,0,0.0815073864160107,0,Low,United Kingdom,RFM 13-15 (high)
16776.0,60,2,592.51,296.255,435,355.0,355,3,2,3,8,323,2,0.531076854855783,1,Medium,United Kingdom,RFM 7-9 (mid-low)
16777.0,80,5,1261.43,252.286,465,138.0,552,3,4,4,11,344,2,0.3834897377861467,0,Low,United Kingdom,RFM 10-12 (mid-high)
16778.0,74,2,245.94,122.97,194,199.0,199,3,2,1,6,321,2,0.5707167867291485,1,Medium,United Kingdom,RFM 3-6 (low)
16779.0,2,53,32522.4,613.6301886792453,19284,14.115384615384617,734,5,5,5,15,555,3,0.0225871455847551,0,Low,United Kingdom,RFM 13-15 (high)
16780.0,100,3,596.4,198.8,352,153.0,306,3,3,3,9,333,2,0.4612000684383873,0,Medium,United Kingdom,RFM 7-9 (mid-low)
16781.0,372,2,606.4,303.2,190,297.0,297,2,2,3,7,223,1,0.6776456584666382,1,Medium,United Kingdom,RFM 7-9 (mid-low)
16782.0,10,38,9552.62,251.3847368421053,4008,19.45945945945946,720,5,5,5,15,555,0,0.0190065010826452,0,Low,United Kingdom,RFM 13-15 (high)
16783.0,437,1,391.95,391.95,163,,0,1,2,2,5,122,1,0.7881516400428543,1,High,United Kingdom,RFM 3-6 (low)
16784.0,20,5,892.33,178.466,494,150.25,601,4,4,3,11,443,2,0.4298744241221754,0,Medium,United Kingdom,RFM 10-12 (mid-high)
16785.0,410,1,533.78,533.78,313,,0,1,2,2,5,122,1,0.7254115748163451,1,High,United Kingdom,RFM 3-6 (low)
16786.0,394,1,51.84,51.84,72,,0,2,2,1,5,221,1,0.9018629463823628,1,High,United Kingdom,RFM 3-6 (low)
16787.0,398,4,1017.53,254.3825,472,100.0,300,2,4,3,9,243,1,0.6092672701407316,1,Medium,United Kingdom,RFM 7-9 (mid-low)
16788.0,123,5,1928.93,385.786,965,136.75,547,3,4,4,11,344,2,0.3051587293692673,0,Low,United Kingdom,RFM 10-12 (mid-high)
16789.0,8,1,80.8,80.8,32,,0,5,2,1,8,521,2,0.6628750507714086,1,Medium,United Kingdom,RFM 7-9 (mid-low)
16790.0,4,6,1520.12,253.35333333333327,892,6.8,34,5,4,4,13,544,2,0.1821955429854062,0,Low,United Kingdom,RFM 13-15 (high)
16791.0,29,15,3865.06,257.67066666666665,1827,50.5,707,4,5,5,14,455,0,0.0452462667170486,0,Low,United Kingdom,RFM 13-15 (high)
16792.0,282,5,623.46,124.692,324,105.5,422,2,4,3,9,243,1,0.584622402559039,1,Medium,United Kingdom,RFM 7-9 (mid-low)
16793.0,57,1,243.84,243.84,146,,0,4,2,1,7,421,2,0.5427520507391088,1,Medium,United Kingdom,RFM 7-9 (mid-low)
16794.0,1,15,2031.5,135.43333333333334,1572,44.5,623,5,5,4,14,554,0,0.1042123608382093,0,Low,United Kingdom,RFM 13-15 (high)
16795.0,365,3,2035.21,678.4033333333333,1200,159.0,318,2,3,4,9,234,1,0.5506111375965619,1,Medium,United Kingdom,RFM 7-9 (mid-low)
16796.0,89,1,305.62,305.62,186,,0,3,2,2,7,322,1,0.5872575135108343,1,Medium,United Kingdom,RFM 7-9 (mid-low)
16797.0,393,5,1761.02,352.204,890,86.0,344,2,4,4,10,244,1,0.5418853819715317,1,Medium,United Kingdom,RFM 10-12 (mid-high)
16798.0,554,3,830.01,276.67,203,87.0,174,1,3,3,7,133,1,0.7166608703489271,1,High,United Kingdom,RFM 7-9 (mid-low)
16799.0,432,2,447.83,223.915,161,21.0,21,1,2,2,5,122,1,0.7838160101137993,1,High,United Kingdom,RFM 3-6 (low)
16800.0,11,1,1162.65,1162.65,524,,0,5,2,3,10,523,2,0.3929570001419576,0,Low,United Kingdom,RFM 10-12 (mid-high)
16801.0,163,4,842.33,210.5825,307,36.66666666666666,110,3,4,3,10,343,1,0.5324084259529104,1,Medium,United Kingdom,RFM 10-12 (mid-high)
16802.0,679,2,582.61,291.305,369,51.0,51,1,2,2,5,122,1,0.7067556206738801,1,High,United Kingdom,RFM 3-6 (low)
16803.0,65,1,332.3,332.3,245,,0,3,2,2,7,322,2,0.530354382474462,1,Medium,United Kingdom,RFM 7-9 (mid-low)
16804.0,23,3,536.99,178.99666666666667,246,123.5,247,4,3,2,9,432,2,0.4129669740267519,0,Medium,United Kingdom,RFM 7-9 (mid-low)
16805.0,174,5,1091.34,218.268,1120,139.25,557,3,4,3,10,343,1,0.3574727533412199,0,Low,United Kingdom,RFM 10-12 (mid-high)
16806.0,103,4,762.16,190.54,356,45.0,135,3,4,3,10,343,2,0.3814816784334884,0,Low,United Kingdom,RFM 10-12 (mid-high)
16807.0,143,6,2064.88,344.1466666666667,1413,96.0,480,3,4,4,11,344,2,0.218551957827771,0,Low,United Kingdom,RFM 10-12 (mid-high)
16808.0,99,2,288.42,144.21,196,175.0,175,3,2,2,7,322,1,0.5712766192051916,1,Medium,United Kingdom,RFM 7-9 (mid-low)
16809.0,23,9,1725.48,191.72,1092,72.75,582,4,5,4,13,454,0,0.1303811558615108,0,Low,United Kingdom,RFM 13-15 (high)
16810.0,192,2,786.14,393.07,367,228.0,228,2,2,3,7,223,1,0.5690287715047504,1,Medium,United Kingdom,RFM 7-9 (mid-low)
16811.0,5,2,547.07,273.535,477,12.0,12,5,2,2,9,522,2,0.3012434636562833,0,Low,United Kingdom,RFM 7-9 (mid-low)
16812.0,361,4,2216.8,554.2,1100,7.0,21,2,4,4,10,244,1,0.7043674401079391,1,High,United Kingdom,RFM 10-12 (mid-high)
16813.0,8,10,1652.18,165.21800000000002,1501,21.77777777777778,196,5,5,4,14,554,0,0.1114521307076887,0,Low,United Kingdom,RFM 13-15 (high)
16814.0,14,36,11916.35,331.00972222222225,4843,16.942857142857143,593,5,5,5,15,555,0,0.0193674885767729,0,Low,United Kingdom,RFM 13-15 (high)
16815.0,454,2,406.02,203.01,237,82.0,82,1,2,2,5,122,1,0.8129498326451602,1,High,United Kingdom,RFM 3-6 (low)
16816.0,103,4,417.06,104.265,274,84.66666666666667,254,3,4,2,9,342,2,0.4871556657908154,0,Medium,United Kingdom,RFM 7-9 (mid-low)
16817.0,3,13,2392.85,184.0653846153846,1335,35.75,429,5,5,4,14,554,0,0.0587595051274936,0,Low,United Kingdom,RFM 13-15 (high)
16818.0,11,11,3317.97,301.6336363636364,2163,19.4,194,5,5,5,15,555,0,0.087729439267782,0,Low,United Kingdom,RFM 13-15 (high)
16819.0,465,2,182.59,91.295,253,0.0,0,1,2,1,4,121,1,0.775266893193009,1,High,United Kingdom,RFM 3-6 (low)
16820.0,96,1,497.61,497.61,307,,0,3,2,2,7,322,1,0.6051096326437566,1,Medium,United Kingdom,RFM 7-9 (mid-low)
16821.0,382,1,113.35,113.35,13,,0,2,2,1,5,221,1,0.8887370076469432,1,High,United Kingdom,RFM 3-6 (low)
16822.0,686,1,144.84,144.84,166,,0,1,2,1,4,121,1,0.86433594456083,1,High,United Kingdom,RFM 3-6 (low)
16823.0,227,7,2236.14,319.4485714285714,1165,85.0,510,2,4,4,10,244,1,0.3444163319087093,0,Low,United Kingdom,RFM 10-12 (mid-high)
16824.0,16,3,686.24,228.74666666666667,390,189.0,378,5,3,3,11,533,2,0.477537845968546,0,Medium,United Kingdom,RFM 10-12 (mid-high)
16825.0,39,5,1826.89,365.378,1297,123.75,495,4,4,4,12,444,2,0.2004690089973457,0,Low,United Kingdom,RFM 10-12 (mid-high)
16826.0,51,1,341.7,341.7,158,,0,4,2,2,8,422,2,0.5288364822800745,1,Medium,United Kingdom,RFM 7-9 (mid-low)
16827.0,393,5,392.13,78.426,125,48.75,195,2,4,2,8,242,1,0.7542474562487316,1,High,United Kingdom,RFM 7-9 (mid-low)
16828.0,93,2,128.5,64.25,59,19.0,19,3,2,1,6,321,1,0.6535604419472604,1,Medium,United Kingdom,RFM 3-6 (low)
16829.0,157,2,513.32,256.66,215,231.0,231,3,2,2,7,322,1,0.5947826432373627,1,Medium,United Kingdom,RFM 7-9 (mid-low)
16830.0,39,4,1183.7,295.925,693,229.0,687,4,4,4,12,444,2,0.4152020081491678,0,Medium,United Kingdom,RFM 10-12 (mid-high)
16831.0,565,1,91.8,91.8,48,,0,1,2,1,4,121,1,0.9064802276780098,1,High,United Kingdom,RFM 3-6 (low)
16832.0,184,5,417.61,83.522,179,68.5,274,3,4,2,9,342,1,0.568927327814711,1,Medium,United Kingdom,RFM 7-9 (mid-low)
16833.0,1,6,2409.04,401.50666666666666,878,124.2,621,5,4,4,13,544,0,0.1836500294442743,0,Low,United Kingdom,RFM 13-15 (high)
16834.0,228,2,898.96,449.48,760,446.0,446,2,2,3,7,223,1,0.5643936216078154,1,Medium,United Kingdom,RFM 7-9 (mid-low)
16835.0,128,6,1389.76,231.6266666666667,474,88.2,441,3,4,4,11,344,2,0.3032109289288791,0,Low,United Kingdom,RFM 10-12 (mid-high)
16836.0,40,4,782.37,195.5925,539,178.0,534,4,4,3,11,443,2,0.4409288560167766,0,Medium,United Kingdom,RFM 10-12 (mid-high)
16837.0,31,11,3167.73,287.97545454545457,1562,21.4,214,4,5,5,14,455,0,0.0944956261105803,0,Low,United Kingdom,RFM 13-15 (high)
16838.0,197,4,1126.66,281.665,504,155.0,465,2,4,3,9,243,1,0.5064424063450536,1,Medium,United Kingdom,RFM 7-9 (mid-low)
16839.0,9,44,20416.03,464.0006818181818,10779,15.27906976744186,657,5,5,5,15,555,3,0.020050638670559,0,Low,United Kingdom,RFM 13-15 (high)
16840.0,603,2,139.85,69.925,117,71.0,71,1,2,1,4,121,1,0.7955542580020258,1,High,United Kingdom,RFM 3-6 (low)
16841.0,37,12,3841.16,320.09666666666664,3445,60.0,660,4,5,5,14,455,0,0.053571869224858,0,Low,United Kingdom,RFM 13-15 (high)
16842.0,101,3,1260.44,420.1466666666667,692,100.5,201,3,3,4,10,334,2,0.3832904658292595,0,Low,United Kingdom,RFM 10-12 (mid-high)
16843.0,43,35,19528.78,557.9651428571428,18459,20.176470588235293,686,4,5,5,14,455,3,0.037258756748308,0,Low,United Kingdom,RFM 13-15 (high)
16844.0,563,2,614.34,307.17,281,20.0,20,1,2,3,6,123,1,0.7463983157088411,1,High,United Kingdom,RFM 3-6 (low)
16845.0,618,1,253.88,253.88,167,,0,1,2,1,4,121,1,0.8400675466043053,1,High,United Kingdom,RFM 3-6 (low)
16846.0,50,3,842.41,280.80333333333334,517,294.5,589,4,3,3,10,433,2,0.5158550174195627,1,Medium,United Kingdom,RFM 10-12 (mid-high)
16847.0,43,2,614.89,307.445,255,574.0,574,4,2,3,9,423,2,0.560500978410313,1,Medium,United Kingdom,RFM 7-9 (mid-low)
16848.0,53,4,1411.62,352.905,780,126.33333333333331,379,4,4,4,12,444,2,0.3352092634907379,0,Low,United Kingdom,RFM 10-12 (mid-high)
16849.0,187,1,124.57,124.57,33,,0,3,2,1,6,321,1,0.8046659455712663,1,High,United Kingdom,RFM 3-6 (low)
16850.0,334,1,332.41,332.41,249,,0,2,2,2,6,222,1,0.7983720382742011,1,High,United Kingdom,RFM 3-6 (low)
16851.0,4,3,342.45,114.15,271,23.5,47,5,3,2,10,532,2,0.4345913177082343,0,Medium,United Kingdom,RFM 10-12 (mid-high)
16852.0,10,2,144.91000000000005,72.45500000000001,56,165.0,165,5,3,1,9,531,2,0.5664702462429001,1,Medium,United Kingdom,RFM 7-9 (mid-low)
16854.0,417,2,1408.96,704.48,997,223.0,223,1,3,4,8,134,1,0.6187739810779227,1,Medium,United Kingdom,RFM 7-9 (mid-low)
16855.0,24,2,328.4,164.2,164,19.0,19,4,3,2,9,432,2,0.4165700723070907,0,Medium,United Kingdom,RFM 7-9 (mid-low)
16856.0,15,3,358.49,119.49666666666668,171,213.5,427,5,3,2,10,532,2,0.5563181319102077,1,Medium,United Kingdom,RFM 10-12 (mid-high)
16857.0,443,1,352.8,352.8,168,,0,1,2,2,5,122,1,0.83233544682856,1,High,United Kingdom,RFM 3-6 (low)
16858.0,369,10,4085.74,408.574,1379,39.44444444444444,355,2,5,5,12,255,1,0.5091304052849257,1,Medium,United Kingdom,RFM 10-12 (mid-high)
16859.0,145,7,1657.74,236.82,1728,83.33333333333333,500,3,4,4,11,344,2,0.2238123160380793,0,Low,United Kingdom,RFM 10-12 (mid-high)
16860.0,453,3,1593.67,531.2233333333334,624,104.5,209,1,3,4,8,134,1,0.6634252784446766,1,Medium,United Kingdom,RFM 7-9 (mid-low)
16861.0,60,5,924.48,184.896,609,112.0,448,3,4,3,10,343,2,0.3836193886211074,0,Low,United Kingdom,RFM 10-12 (mid-high)
16862.0,547,4,662.33,165.5825,513,51.333333333333336,154,1,4,3,8,143,1,0.685562095929313,1,Medium,United Kingdom,RFM 7-9 (mid-low)
16863.0,31,3,812.82,270.94,623,189.0,378,4,3,3,10,433,2,0.4610702825561643,0,Medium,United Kingdom,RFM 10-12 (mid-high)
16864.0,434,2,409.25,204.625,283,164.0,164,1,3,2,6,132,1,0.7656726435563413,1,High,United Kingdom,RFM 3-6 (low)
16865.0,402,1,130.95,130.95,157,,0,2,2,1,5,221,1,0.8679873445257806,1,High,United Kingdom,RFM 3-6 (low)
16866.0,141,3,207.74,69.24666666666666,60,10.0,20,3,3,1,7,331,1,0.6601087967703677,1,Medium,United Kingdom,RFM 7-9 (mid-low)
16867.0,690,1,76.74000000000001,76.74000000000001,58,,0,1,2,1,4,121,1,0.9063898550052036,1,High,United Kingdom,RFM 3-6 (low)
16868.0,394,3,384.56,128.18666666666667,112,99.5,199,2,3,2,7,232,1,0.7486444932383257,1,High,United Kingdom,RFM 7-9 (mid-low)
16869.0,23,4,797.3199999999999,199.33,579,50.66666666666666,152,4,4,3,11,443,2,0.3130964748622588,0,Low,United Kingdom,RFM 10-12 (mid-high)
16870.0,469,1,450.16,450.16,278,,0,1,2,2,5,122,1,0.7988406690634617,1,High,United Kingdom,RFM 3-6 (low)
16871.0,22,6,2761.49,460.2483333333334,1250,49.6,248,4,4,4,12,444,2,0.1039134575453104,0,Low,United Kingdom,RFM 10-12 (mid-high)
16872.0,77,6,1213.13,202.18833333333336,1079,77.0,385,3,4,4,11,344,2,0.2019167021650143,0,Low,United Kingdom,RFM 10-12 (mid-high)
16873.0,5,12,14547.03,1212.2525,8583,60.27272727272727,663,5,5,5,15,555,0,0.0456395919069102,0,Low,United Kingdom,RFM 13-15 (high)
16874.0,379,1,209.89,209.89,78,,0,2,2,1,5,221,1,0.8625520416157976,1,High,United Kingdom,RFM 3-6 (low)
16875.0,67,11,4053.2,368.4727272727272,2055,63.6,636,3,5,5,13,355,0,0.0740277115712107,0,Low,United Kingdom,RFM 13-15 (high)
16876.0,404,1,136.01,136.01,181,,0,2,2,1,5,221,1,0.8655236283451633,1,High,United Kingdom,RFM 3-6 (low)
16877.0,12,6,846.62,141.10333333333332,458,39.0,195,5,4,3,12,543,2,0.3287127455923931,0,Low,United Kingdom,RFM 10-12 (mid-high)
16878.0,84,1,0.0,0.0,0,,0,3,2,1,6,321,1,0.7145533503822196,1,High,United Kingdom,RFM 3-6 (low)
16880.0,31,8,1813.21,226.65125,904,66.0,462,4,5,4,13,454,2,0.1494324862070867,0,Low,United Kingdom,RFM 13-15 (high)
16881.0,67,1,432.0,432.0,600,,0,3,2,2,7,322,2,0.5343791565606594,1,Medium,United Kingdom,RFM 7-9 (mid-low)
16882.0,67,3,705.12,235.04,424,125.0,250,3,3,3,9,333,2,0.4317954882246796,0,Medium,United Kingdom,RFM 7-9 (mid-low)
16883.0,187,19,2236.11,117.69,1015,30.444444444444443,548,3,5,4,12,354,0,0.3415341180575414,0,Low,United Kingdom,RFM 10-12 (mid-high)
16884.0,38,4,1070.97,267.7425,520,177.33333333333334,532,4,4,3,11,443,2,0.4153125951284548,0,Medium,United Kingdom,RFM 10-12 (mid-high)
16885.0,15,4,684.6,171.15,358,123.33333333333331,370,5,4,3,12,543,2,0.3772734061792777,0,Low,United Kingdom,RFM 10-12 (mid-high)
16886.0,456,1,0.0,0.0,0,,0,1,2,1,4,121,1,0.8770018243122091,1,High,United Kingdom,RFM 3-6 (low)
16887.0,35,3,658.17,219.39,423,351.5,703,4,3,3,10,433,2,0.5046411218198594,1,Medium,United Kingdom,RFM 10-12 (mid-high)
16888.0,401,3,434.2,144.73333333333332,145,150.0,300,2,3,2,7,232,1,0.7237118853167636,1,High,United Kingdom,RFM 7-9 (mid-low)
16889.0,195,6,2526.65,421.10833333333335,1611,74.2,371,2,4,4,10,244,1,0.2771455440264428,0,Low,United Kingdom,RFM 10-12 (mid-high)
16890.0,477,3,285.41,95.13666666666668,243,52.5,105,1,3,2,6,132,1,0.8165379247571604,1,High,United Kingdom,RFM 3-6 (low)
16891.0,2,11,1727.94,157.08545454545455,652,73.3,733,5,5,4,14,554,0,0.2280579169262701,0,Low,United Kingdom,RFM 13-15 (high)
16892.0,1,7,726.05,103.72142857142856,363,121.5,729,5,4,3,12,543,2,0.3933184900227893,0,Low,United Kingdom,RFM 10-12 (mid-high)
16893.0,367,2,249.89,124.945,117,9.0,9,2,3,1,6,231,1,0.7303367856955861,1,High,United Kingdom,RFM 3-6 (low)
16894.0,502,3,1265.26,421.7533333333333,497,16.5,33,1,3,4,8,134,1,0.7096584534029042,1,High,United Kingdom,RFM 7-9 (mid-low)
16895.0,65,5,1102.9,220.58,421,150.25,601,3,4,3,10,343,2,0.3967227587535722,0,Low,United Kingdom,RFM 10-12 (mid-high)
16896.0,555,1,103.95,103.95,18,,0,1,2,1,4,121,1,0.8944029607545662,1,High,United Kingdom,RFM 3-6 (low)
16897.0,299,2,213.03,106.515,58,14.0,14,2,3,1,6,231,1,0.7170262568172433,1,High,United Kingdom,RFM 3-6 (low)
16898.0,26,5,820.86,164.172,662,137.5,550,4,4,3,11,443,2,0.389987898292872,0,Low,United Kingdom,RFM 10-12 (mid-high)
16899.0,8,8,1695.77,211.97125,811,55.57142857142857,389,5,5,4,14,554,0,0.144486056979651,0,Low,United Kingdom,RFM 13-15 (high)
16900.0,17,3,187.6900000000001,62.56333333333337,723,23.0,46,5,3,1,9,531,2,0.4089892207686876,0,Medium,United Kingdom,RFM 7-9 (mid-low)
16901.0,729,1,204.26,204.26,42,,0,1,2,1,4,121,1,0.8753684081327197,1,High,United Kingdom,RFM 3-6 (low)
16902.0,116,1,1706.88,1706.88,629,,0,3,2,4,9,324,1,0.6967220342655379,1,Medium,United Kingdom,RFM 7-9 (mid-low)
16903.0,29,3,1009.45,336.4833333333333,691,193.0,386,4,3,3,10,433,2,0.4314193379439992,0,Medium,United Kingdom,RFM 10-12 (mid-high)
16904.0,4,21,4675.36,222.63619047619045,2607,20.3,406,5,5,5,15,555,0,0.0467205322426795,0,Low,United Kingdom,RFM 13-15 (high)
16905.0,5,17,4677.12,275.12470588235294,1910,45.1875,723,5,5,5,15,555,0,0.0398614997617207,0,Low,United Kingdom,RFM 13-15 (high)
16906.0,82,7,1410.92,201.56,590,82.16666666666667,493,3,4,4,11,344,2,0.2816698935165924,0,Low,United Kingdom,RFM 10-12 (mid-high)
16907.0,29,9,1470.89,163.43222222222224,451,62.125,497,4,5,4,13,454,2,0.2064314837635225,0,Low,United Kingdom,RFM 13-15 (high)
16908.0,722,1,153.59,153.59,41,,0,1,2,1,4,121,1,0.8950671891015216,1,High,United Kingdom,RFM 3-6 (low)
16909.0,72,1,364.14,364.14,434,,0,3,2,2,7,322,1,0.5599473555415514,1,Medium,United Kingdom,RFM 7-9 (mid-low)
16910.0,4,8,1508.96,188.62,884,12.285714285714286,86,5,5,4,14,554,0,0.1490676083334012,0,Low,United Kingdom,RFM 13-15 (high)
16911.0,636,2,251.35,125.675,159,25.0,25,1,3,1,5,131,1,0.8103221083342311,1,High,United Kingdom,RFM 3-6 (low)
16912.0,29,15,4413.8,294.25333333333333,1674,50.07142857142857,701,4,5,5,14,455,0,0.0468311770610095,0,Low,United Kingdom,RFM 13-15 (high)
16913.0,290,3,423.91,141.3033333333333,229,180.5,361,2,3,2,7,232,1,0.722630124357587,1,High,United Kingdom,RFM 7-9 (mid-low)
16914.0,36,1,183.76,183.76,112,,0,4,2,1,7,421,2,0.5075685747414094,1,Medium,United Kingdom,RFM 7-9 (mid-low)
16915.0,9,11,1543.18,140.2890909090909,190,56.0,560,5,5,4,14,554,0,0.3223132520758371,0,Low,United Kingdom,RFM 13-15 (high)
16916.0,24,4,902.02,225.505,649,130.33333333333334,391,4,4,3,11,443,2,0.3249228460043539,0,Low,United Kingdom,RFM 10-12 (mid-high)
16917.0,277,2,1842.93,921.465,791,355.0,355,2,3,4,9,234,1,0.6159519713053182,1,Medium,United Kingdom,RFM 7-9 (mid-low)
16918.0,50,16,3131.31,195.706875,2046,45.8,687,4,5,5,14,455,0,0.0533170106055423,0,Low,United Kingdom,RFM 13-15 (high)
16919.0,156,24,4837.56,201.56500000000003,2317,13.91304347826087,320,3,5,5,13,355,0,0.3150113756725209,0,Low,United Kingdom,RFM 13-15 (high)
16920.0,411,1,355.45,355.45,81,,0,1,2,2,5,122,1,0.8577233508916354,1,High,United Kingdom,RFM 3-6 (low)
16921.0,61,3,409.21,136.40333333333334,275,269.5,539,3,3,2,8,332,2,0.5227092816334252,1,Medium,United Kingdom,RFM 7-9 (mid-low)
16922.0,573,1,611.08,611.08,281,,0,1,2,3,6,123,1,0.7547828104552642,1,High,United Kingdom,RFM 3-6 (low)
16923.0,12,32,12572.15,392.8796875,5954,21.451612903225808,665,5,5,5,15,555,0,0.0252267055132004,0,Low,United Kingdom,RFM 13-15 (high)
16924.0,21,3,722.64,240.88,454,31.0,62,4,3,3,10,433,2,0.3082359334127751,0,Low,United Kingdom,RFM 10-12 (mid-high)
16925.0,540,1,125.65,125.65,123,,0,1,2,1,4,121,1,0.8841657737823633,1,High,United Kingdom,RFM 3-6 (low)
16926.0,371,5,1158.66,231.73200000000003,196,38.75,155,2,4,3,9,243,1,0.7106050109178322,1,High,United Kingdom,RFM 7-9 (mid-low)
16927.0,116,3,543.05,181.01666666666665,993,122.5,245,3,3,2,8,332,1,0.4013879706237341,0,Medium,United Kingdom,RFM 7-9 (mid-low)
16928.0,80,29,3777.88,130.27172413793105,2518,21.214285714285715,594,3,5,5,13,355,0,0.0496667214170835,0,Low,United Kingdom,RFM 13-15 (high)
16929.0,4,7,1295.39,185.0557142857143,929,25.166666666666668,151,5,4,4,13,544,2,0.1639492123639815,0,Low,United Kingdom,RFM 13-15 (high)
16930.0,26,3,378.89,126.29666666666668,339,21.0,42,4,3,2,9,432,2,0.4260886478518545,0,Medium,United Kingdom,RFM 7-9 (mid-low)
16931.0,5,23,5032.22,218.79217391304348,3357,17.772727272727273,391,5,5,5,15,555,0,0.0446202008525664,0,Low,United Kingdom,RFM 13-15 (high)
16932.0,53,3,412.55,137.51666666666668,217,258.5,517,4,3,2,9,432,2,0.5182751490160898,1,Medium,United Kingdom,RFM 7-9 (mid-low)
16933.0,1,9,3017.65,335.2944444444445,1512,91.0,728,5,5,5,15,555,0,0.0959344175113493,0,Low,United Kingdom,RFM 13-15 (high)
16934.0,55,6,2062.89,343.815,933,113.2,566,4,4,4,12,444,2,0.2064942467387332,0,Low,United Kingdom,RFM 10-12 (mid-high)
16935.0,382,3,530.86,176.95333333333335,273,19.5,39,2,3,2,7,232,1,0.7621627435627549,1,High,United Kingdom,RFM 7-9 (mid-low)
16936.0,26,2,548.29,274.145,339,359.0,359,4,3,2,9,432,2,0.4978024773011031,0,Medium,United Kingdom,RFM 7-9 (mid-low)
16937.0,499,1,196.25,196.25,123,,0,1,2,1,4,121,1,0.8483494963568698,1,High,United Kingdom,RFM 3-6 (low)
16938.0,9,9,6162.110000000001,684.678888888889,3526,81.375,651,5,5,5,15,555,0,0.0693493805721908,0,Low,United Kingdom,RFM 13-15 (high)
16939.0,489,3,433.85,144.61666666666667,229,80.0,160,1,3,2,6,132,1,0.7739445180985045,1,High,United Kingdom,RFM 3-6 (low)
16940.0,52,8,6245.41,780.67625,4470,97.0,679,4,5,5,14,455,0,0.1184852709861148,0,Low,United Kingdom,RFM 13-15 (high)
16941.0,612,1,33.0,33.0,12,,0,1,2,1,4,121,1,0.8811368282509612,1,High,United Kingdom,RFM 3-6 (low)
16942.0,13,9,1878.51,208.72333333333333,801,26.875,215,5,5,4,14,554,0,0.1373752272442712,0,Low,United Kingdom,RFM 13-15 (high)
16943.0,212,5,816.73,163.346,145,103.0,412,2,4,3,9,243,1,0.4819831407384606,0,Medium,United Kingdom,RFM 7-9 (mid-low)
16944.0,610,1,101.36,101.36,27,,0,1,2,1,4,121,1,0.8993872035829104,1,High,United Kingdom,RFM 3-6 (low)
16945.0,22,33,8530.66,258.5048484848485,5875,22.15625,709,4,5,5,14,455,0,0.0218757286030193,0,Low,United Kingdom,RFM 13-15 (high)
16946.0,383,5,1199.54,239.908,503,66.0,264,2,4,4,10,244,1,0.5975425384975228,1,Medium,United Kingdom,RFM 10-12 (mid-high)
16947.0,236,5,896.73,179.346,613,102.5,410,2,4,3,9,243,1,0.4993570792201107,0,Medium,United Kingdom,RFM 7-9 (mid-low)
16948.0,139,7,868.77,124.11,2091,86.16666666666667,517,3,4,3,10,343,2,0.2924563037285798,0,Low,United Kingdom,RFM 10-12 (mid-high)
16949.0,4,6,1161.27,193.545,790,62.4,312,5,4,3,12,543,2,0.2185435980092381,0,Low,United Kingdom,RFM 10-12 (mid-high)
16950.0,57,10,3482.59,348.259,2339,69.66666666666667,627,4,5,5,14,455,0,0.0758598568014416,0,Low,United Kingdom,RFM 13-15 (high)
16951.0,135,3,1262.75,420.9166666666667,1306,84.5,169,3,3,4,10,334,1,0.4101504226709718,0,Medium,United Kingdom,RFM 10-12 (mid-high)
16952.0,109,5,795.83,159.166,343,154.5,618,3,4,3,10,343,2,0.4170736781702671,0,Medium,United Kingdom,RFM 10-12 (mid-high)
16953.0,30,1,20.8,20.8,10,,0,4,2,1,7,421,2,0.5759888259496476,1,Medium,United Kingdom,RFM 7-9 (mid-low)
16954.0,1,20,6037.33,301.8665,4077,36.26315789473684,689,5,5,5,15,555,0,0.0251651219774557,0,Low,United Kingdom,RFM 13-15 (high)
16955.0,185,6,1072.06,178.67666666666665,696,98.4,492,3,4,3,10,343,1,0.3837633274555432,0,Low,United Kingdom,RFM 10-12 (mid-high)
16956.0,18,1,292.34,292.34,112,,0,5,2,2,9,522,2,0.4187794036830011,0,Medium,United Kingdom,RFM 7-9 (mid-low)
16957.0,239,2,416.64,208.32,172,42.0,42,2,3,2,7,232,1,0.6701041386288131,1,Medium,United Kingdom,RFM 7-9 (mid-low)
16958.0,435,1,778.49,778.49,514,,0,1,2,3,6,123,1,0.7466044822000124,1,High,United Kingdom,RFM 3-6 (low)
16959.0,87,1,117.35,117.35,49,,0,3,2,1,6,321,1,0.7484522510304278,1,High,United Kingdom,RFM 3-6 (low)
16960.0,39,8,1969.43,246.17875,1481,86.85714285714286,608,4,5,4,13,454,2,0.1763279368106783,0,Low,United Kingdom,RFM 13-15 (high)
16961.0,116,3,773.01,257.67,479,207.5,415,3,3,3,9,333,1,0.5171188497640888,1,Medium,United Kingdom,RFM 7-9 (mid-low)
16962.0,410,1,251.04,251.04,158,,0,1,2,1,4,121,1,0.8414747745989619,1,High,United Kingdom,RFM 3-6 (low)
16963.0,187,1,110.55,110.55,35,,0,2,2,1,5,221,1,0.8112836791525807,1,High,United Kingdom,RFM 3-6 (low)
16964.0,733,2,207.85,103.925,49,0.0,0,1,3,1,5,131,1,0.75814370389429,1,High,United Kingdom,RFM 3-6 (low)
16965.0,227,1,201.19,201.19,291,,0,2,2,1,5,221,1,0.7143099062138901,1,High,United Kingdom,RFM 3-6 (low)
16966.0,8,7,2148.47,306.9242857142857,1978,38.5,231,5,4,4,13,544,2,0.1269983322188774,0,Low,United Kingdom,RFM 13-15 (high)
16967.0,189,1,319.02,319.02,333,,0,2,2,2,6,222,1,0.679675229062298,1,Medium,United Kingdom,RFM 3-6 (low)
16968.0,4,2,439.43,219.715,326,103.0,103,5,3,2,10,532,2,0.3740405091051515,0,Low,United Kingdom,RFM 10-12 (mid-high)
16969.0,39,3,650.41,216.8033333333333,816,76.0,152,4,3,3,10,433,2,0.3391732209620868,0,Low,United Kingdom,RFM 10-12 (mid-high)
16970.0,626,1,71.4,71.4,12,,0,1,2,1,4,121,1,0.8800871711765158,1,High,United Kingdom,RFM 3-6 (low)
16971.0,38,1,232.21,232.21,71,,0,4,2,1,7,421,2,0.5127483382476684,1,Medium,United Kingdom,RFM 7-9 (mid-low)
16972.0,383,2,749.0,374.5,183,73.0,73,2,3,3,8,233,1,0.7161164947876401,1,High,United Kingdom,RFM 7-9 (mid-low)
16973.0,386,1,127.0,127.0,60,,0,2,2,1,5,221,1,0.8983209011726468,1,High,United Kingdom,RFM 3-6 (low)
16974.0,523,2,365.5,182.75,70,41.0,41,1,3,2,6,132,1,0.8200627508895648,1,High,United Kingdom,RFM 3-6 (low)
16975.0,423,3,902.42,300.8066666666667,580,41.0,82,1,3,3,7,133,1,0.6921012765337771,1,Medium,United Kingdom,RFM 7-9 (mid-low)
16976.0,267,1,251.52,251.52,88,,0,2,2,1,5,221,1,0.7592600172603988,1,High,United Kingdom,RFM 3-6 (low)
16977.0,395,4,496.0,124.0,142,78.66666666666667,236,2,4,2,8,242,1,0.7152976165251873,1,High,United Kingdom,RFM 7-9 (mid-low)
16978.0,78,3,768.88,256.2933333333333,285,294.0,588,3,3,3,9,333,2,0.5135619990294791,1,Medium,United Kingdom,RFM 7-9 (mid-low)
16979.0,4,9,2787.09,309.6766666666667,1440,55.75,446,5,5,4,14,554,0,0.0744054895053969,0,Low,United Kingdom,RFM 13-15 (high)
16980.0,255,3,1422.8300000000002,474.2766666666667,990,86.5,173,2,3,4,9,234,1,0.5319005273932614,1,Medium,United Kingdom,RFM 7-9 (mid-low)
16982.0,61,1,384.06,384.06,182,,0,3,2,2,7,322,2,0.5404645899071734,1,Medium,United Kingdom,RFM 7-9 (mid-low)
16983.0,13,11,3479.48,316.31636363636363,2302,43.3,433,5,5,5,15,555,0,0.0653378833952385,0,Low,United Kingdom,RFM 13-15 (high)
16984.0,88,9,10195.15,1132.7944444444445,5094,69.125,553,3,5,5,13,355,0,0.1090181556218103,0,Low,United Kingdom,RFM 13-15 (high)
16985.0,17,23,10545.76,458.51130434782607,3098,32.31818181818182,711,5,5,5,15,555,0,0.0241892995629175,0,Low,United Kingdom,RFM 13-15 (high)
16986.0,30,11,4888.75,444.4318181818182,2539,64.3,643,4,5,5,14,455,0,0.0586644845927128,0,Low,United Kingdom,RFM 13-15 (high)
16987.0,3,11,2509.5,228.13636363636363,669,73.4,734,5,5,4,14,554,0,0.148412971112755,0,Low,United Kingdom,RFM 13-15 (high)
16988.0,5,2,382.67,191.335,158,374.0,374,5,3,2,10,532,2,0.6091611789266164,1,Medium,United Kingdom,RFM 10-12 (mid-high)
16989.0,7,6,1133.25,188.875,1233,28.6,143,5,4,3,12,543,2,0.2167218267500799,0,Low,United Kingdom,RFM 10-12 (mid-high)
16990.0,219,2,344.0,172.0,200,203.0,203,2,3,2,7,232,1,0.6022138551182631,1,Medium,United Kingdom,RFM 7-9 (mid-low)
16991.0,421,1,1041.21,1041.21,793,,0,1,2,3,6,123,1,0.7560662309436175,1,High,United Kingdom,RFM 3-6 (low)
16992.0,11,13,5460.1,420.0076923076923,2057,54.583333333333336,655,5,5,5,15,555,0,0.0425136074131966,0,Low,United Kingdom,RFM 13-15 (high)
16993.0,464,2,1688.15,844.075,261,112.0,112,1,3,4,8,134,1,0.7448646243142926,1,High,United Kingdom,RFM 7-9 (mid-low)
16996.0,30,9,2044.16,227.1288888888889,886,48.375,387,4,5,4,13,454,0,0.1352152006508877,0,Low,United Kingdom,RFM 13-15 (high)
16997.0,288,3,702.0,234.0,360,18.5,37,2,3,3,8,233,1,0.6753511143887749,1,Medium,United Kingdom,RFM 7-9 (mid-low)
16998.0,150,5,394.02,78.804,101,73.5,294,3,4,2,9,342,1,0.5514682170390715,1,Medium,United Kingdom,RFM 7-9 (mid-low)
16999.0,23,2,484.82,242.41,294,50.0,50,4,3,2,9,432,2,0.345841146025326,0,Low,United Kingdom,RFM 7-9 (mid-low)
17000.0,396,2,406.3,203.15,305,11.0,11,2,3,2,7,232,1,0.6807088094277782,1,Medium,United Kingdom,RFM 7-9 (mid-low)
17001.0,1,19,6640.8,349.5157894736842,3782,34.611111111111114,623,5,5,5,15,555,0,0.019986198696585,0,Low,United Kingdom,RFM 13-15 (high)
17002.0,86,7,2565.6,366.5142857142857,1264,92.5,555,3,4,4,11,344,2,0.1294202702702938,0,Low,United Kingdom,RFM 10-12 (mid-high)
17003.0,402,4,828.21,207.0525,494,58.66666666666666,176,2,4,3,9,243,1,0.6544376524007136,1,Medium,United Kingdom,RFM 7-9 (mid-low)
17004.0,46,4,2324.36,581.09,1233,125.66666666666669,377,4,4,4,12,444,2,0.3000821538645763,0,Low,United Kingdom,RFM 10-12 (mid-high)
17005.0,471,2,612.41,306.205,690,118.0,118,1,3,3,7,133,1,0.706292970553538,1,High,United Kingdom,RFM 7-9 (mid-low)
17006.0,5,8,1635.27,204.40875,572,91.28571428571428,639,5,5,4,14,554,0,0.3361834262356043,0,Low,United Kingdom,RFM 13-15 (high)
17007.0,51,7,1107.6,158.22857142857143,707,64.33333333333333,386,4,4,3,11,443,2,0.2450744599125187,0,Low,United Kingdom,RFM 10-12 (mid-high)
17008.0,429,1,81.36,81.36,24,,0,1,2,1,4,121,1,0.8965005282675468,1,High,United Kingdom,RFM 3-6 (low)
17009.0,551,1,242.06,242.06,336,,0,1,2,1,4,121,1,0.8606610797981028,1,High,United Kingdom,RFM 3-6 (low)
17010.0,18,1,185.46,185.46,116,,0,5,2,1,8,521,2,0.5006756023776033,1,Medium,United Kingdom,RFM 7-9 (mid-low)
17011.0,30,3,536.7,178.9,684,310.5,621,4,3,2,9,432,2,0.4410838974339452,0,Medium,United Kingdom,RFM 7-9 (mid-low)
17012.0,725,1,360.61,360.61,251,,0,1,2,2,5,122,1,0.8353021922167895,1,High,United Kingdom,RFM 3-6 (low)
17014.0,8,3,562.6800000000001,187.56000000000003,238,29.0,58,5,3,2,10,532,2,0.3844494736768372,0,Low,United Kingdom,RFM 10-12 (mid-high)
17015.0,29,3,1838.61,612.87,1978,78.0,156,4,3,4,11,434,2,0.2470805743939997,0,Low,United Kingdom,RFM 10-12 (mid-high)
17016.0,577,1,552.4,552.4,309,,0,1,2,2,5,122,1,0.7591728045972704,1,High,United Kingdom,RFM 3-6 (low)
17017.0,3,29,6553.79,225.99275862068964,9307,26.178571428571427,733,5,5,5,15,555,0,0.0193495576646322,0,Low,United Kingdom,RFM 13-15 (high)
17018.0,41,6,2287.7,381.2833333333333,456,138.8,694,4,4,4,12,444,2,0.3296598705664151,0,Low,United Kingdom,RFM 10-12 (mid-high)
17019.0,11,11,3541.59,321.9627272727273,2374,72.6,726,5,5,5,15,555,0,0.0576725263135592,0,Low,United Kingdom,RFM 13-15 (high)
17020.0,542,2,935.62,467.81,860,104.0,104,1,3,3,7,133,1,0.7082628260704912,1,High,United Kingdom,RFM 7-9 (mid-low)
17021.0,442,6,1182.22,197.03666666666663,992,29.2,146,1,4,4,9,144,1,0.6979115614638282,1,Medium,United Kingdom,RFM 7-9 (mid-low)
17022.0,31,2,260.0,130.0,180,401.0,401,4,3,1,8,431,2,0.7041570192693328,1,High,United Kingdom,RFM 7-9 (mid-low)
17023.0,417,3,800.18,266.72666666666663,530,140.0,280,1,3,3,7,133,1,0.637888428226884,1,Medium,United Kingdom,RFM 7-9 (mid-low)
17024.0,45,3,95.85,31.95,69,56.0,112,4,3,1,8,431,2,0.5694194925576178,1,Medium,United Kingdom,RFM 7-9 (mid-low)
17025.0,61,5,1349.67,269.934,885,145.0,580,3,4,4,11,344,2,0.2932012597994493,0,Low,United Kingdom,RFM 10-12 (mid-high)
17026.0,185,3,175.82999999999998,58.60999999999999,107,115.5,231,3,3,1,7,331,1,0.5476104659369819,1,Medium,United Kingdom,RFM 7-9 (mid-low)
17027.0,79,9,1268.93,140.99222222222224,639,81.375,651,3,5,4,12,354,2,0.297652668126526,0,Low,United Kingdom,RFM 10-12 (mid-high)
17028.0,581,3,1593.83,531.2766666666666,856,70.0,140,1,3,4,8,134,1,0.668288630499181,1,Medium,United Kingdom,RFM 7-9 (mid-low)
17029.0,111,7,2137.3,305.3285714285715,1265,92.16666666666669,553,3,4,4,11,344,2,0.1944038460004934,0,Low,United Kingdom,RFM 10-12 (mid-high)
17030.0,64,1,146.87,146.87,146,,0,3,2,1,6,321,2,0.6784211874663203,1,Medium,United Kingdom,RFM 3-6 (low)
17031.0,12,6,2773.85,462.3083333333333,1595,113.8,569,5,4,4,13,544,2,0.1158191816270479,0,Low,United Kingdom,RFM 13-15 (high)
17032.0,548,8,2129.78,266.2225,1656,25.857142857142858,181,1,5,4,10,154,1,0.7072271642162751,1,High,United Kingdom,RFM 10-12 (mid-high)
17033.0,86,4,1332.79,333.1975,871,103.66666666666669,311,3,4,4,11,344,2,0.3228460717149428,0,Low,United Kingdom,RFM 10-12 (mid-high)
17034.0,16,5,1231.82,246.364,673,124.25,497,5,4,4,13,544,2,0.2882393678492115,0,Low,United Kingdom,RFM 13-15 (high)
17035.0,246,4,568.39,142.0975,299,163.66666666666666,491,2,4,2,8,242,1,0.5054223881615987,1,Medium,United Kingdom,RFM 7-9 (mid-low)
17036.0,383,1,176.9,176.9,76,,0,2,2,1,5,221,1,0.9137346348809732,1,High,United Kingdom,RFM 3-6 (low)
17037.0,88,1,1253.22,1253.22,652,,0,3,2,4,9,324,1,0.6147049521844488,1,Medium,United Kingdom,RFM 7-9 (mid-low)
17038.0,30,2,743.17,371.585,535,384.0,384,4,3,3,10,433,2,0.5266974971601822,1,Medium,United Kingdom,RFM 10-12 (mid-high)
17039.0,604,1,1954.99,1954.99,689,,0,1,2,4,7,124,1,0.7921021846890695,1,High,United Kingdom,RFM 7-9 (mid-low)
17040.0,138,2,463.25,231.625,189,412.0,412,3,3,2,8,332,1,0.6180049861491372,1,Medium,United Kingdom,RFM 7-9 (mid-low)
17041.0,27,6,1639.4,273.2333333333333,1299,114.6,573,4,4,4,12,444,2,0.160255616915324,0,Low,United Kingdom,RFM 10-12 (mid-high)
17042.0,3,5,1036.58,207.316,990,61.0,244,5,4,3,12,543,2,0.2208162706039039,0,Low,United Kingdom,RFM 10-12 (mid-high)
17043.0,32,8,2593.65,324.20625,1616,99.71428571428572,698,4,5,4,13,454,0,0.1139083374234395,0,Low,United Kingdom,RFM 13-15 (high)
17044.0,25,12,11867.6,988.9666666666668,5692,64.27272727272727,707,4,5,5,14,455,0,0.0519297595521957,0,Low,United Kingdom,RFM 13-15 (high)
17045.0,113,5,827.6800000000001,165.536,294,79.0,316,3,4,3,10,343,2,0.3727436741673144,0,Low,United Kingdom,RFM 10-12 (mid-high)
17046.0,157,5,1906.07,381.214,1636,115.75,463,3,4,4,11,344,1,0.2290757269786216,0,Low,United Kingdom,RFM 10-12 (mid-high)
17047.0,85,6,2289.23,381.53833333333336,1184,129.2,646,3,4,4,11,344,2,0.2124519365345617,0,Low,United Kingdom,RFM 10-12 (mid-high)
17048.0,118,7,1991.45,284.49285714285713,1033,95.33333333333331,572,3,4,4,11,344,2,0.2095663759015343,0,Low,United Kingdom,RFM 10-12 (mid-high)
17049.0,3,19,9588.83,504.67526315789473,4214,35.72222222222222,643,5,5,5,15,555,0,0.0221446207778284,0,Low,United Kingdom,RFM 13-15 (high)
17050.0,96,11,4648.59,422.5990909090909,2432,58.5,585,3,5,5,13,355,0,0.1149806383440808,0,Low,United Kingdom,RFM 13-15 (high)
17051.0,194,4,706.49,176.6225,507,144.33333333333334,433,2,4,3,9,243,1,0.4736318684082032,0,Medium,United Kingdom,RFM 7-9 (mid-low)
17052.0,28,1,399.09,399.09,251,,0,4,2,2,8,422,2,0.4676642260126289,0,Medium,United Kingdom,RFM 7-9 (mid-low)
17053.0,131,1,496.38,496.38,121,,0,3,2,2,7,322,1,0.7028131893871108,1,High,United Kingdom,RFM 7-9 (mid-low)
17054.0,28,5,1353.83,270.766,802,54.0,216,4,4,4,12,444,2,0.2051361170708647,0,Low,United Kingdom,RFM 10-12 (mid-high)
17055.0,446,1,232.85,232.85,83,,0,1,2,1,4,121,1,0.8738545466722338,1,High,United Kingdom,RFM 3-6 (low)
17056.0,738,1,128.60000000000002,128.60000000000002,26,,0,1,2,1,4,121,1,0.8985615578554805,1,High,United Kingdom,RFM 3-6 (low)
17057.0,596,1,294.74,294.74,129,,0,1,2,2,5,122,1,0.8205616847695164,1,High,United Kingdom,RFM 3-6 (low)
17058.0,82,3,1179.89,393.2966666666667,592,79.0,158,3,3,3,9,333,2,0.4236372023790178,0,Medium,United Kingdom,RFM 7-9 (mid-low)
17059.0,30,9,4846.87,538.5411111111111,3101,81.5,652,4,5,5,14,455,0,0.0855917472689563,0,Low,United Kingdom,RFM 13-15 (high)
17060.0,266,1,234.24,234.24,216,,0,2,2,1,5,221,1,0.7559234765400354,1,High,United Kingdom,RFM 3-6 (low)
17061.0,74,11,5116.13,465.1027272727273,1484,15.8,158,3,5,5,13,355,0,0.113348048014969,0,Low,United Kingdom,RFM 13-15 (high)
17062.0,314,6,885.85,147.64166666666668,642,25.0,125,2,4,3,9,243,1,0.6939070864152819,1,Medium,United Kingdom,RFM 7-9 (mid-low)
17063.0,21,13,3576.88,275.1446153846154,1882,59.75,717,4,5,5,14,455,0,0.0493142383835999,0,Low,United Kingdom,RFM 13-15 (high)
17064.0,59,3,855.45,285.15000000000003,316,134.0,268,3,3,3,9,333,2,0.4522799714427604,0,Medium,United Kingdom,RFM 7-9 (mid-low)
17065.0,638,2,82.35,41.175,81,0.0,0,1,3,1,5,131,1,0.7576878696679347,1,High,United Kingdom,RFM 3-6 (low)
17066.0,726,1,228.34,228.34,93,,0,1,2,1,4,121,1,0.844037326903354,1,High,United Kingdom,RFM 3-6 (low)
17067.0,725,3,454.54,151.51333333333335,322,3.0,6,1,3,2,6,132,1,0.7026479472320903,1,High,United Kingdom,RFM 3-6 (low)
17068.0,12,47,8953.03,190.49,4338,13.217391304347826,608,5,5,5,15,555,0,0.0213720259612947,0,Low,United Kingdom,RFM 13-15 (high)
17069.0,28,14,5441.35,388.66785714285714,3188,54.46153846153846,708,4,5,5,14,455,0,0.0375154271905828,0,Low,United Kingdom,RFM 13-15 (high)
17070.0,114,2,437.42,218.71,232,296.0,296,3,3,2,8,332,1,0.5859658439364531,1,Medium,United Kingdom,RFM 7-9 (mid-low)
17071.0,28,13,3730.96,286.99692307692305,1915,54.66666666666666,656,4,5,5,14,455,0,0.0482654737714767,0,Low,United Kingdom,RFM 13-15 (high)
17072.0,625,1,273.35,273.35,212,,0,1,2,2,5,122,1,0.8103872306657338,1,High,United Kingdom,RFM 3-6 (low)
17073.0,18,4,1446.09,361.5225,759,30.33333333333333,91,5,4,4,13,544,2,0.2004525768571492,0,Low,United Kingdom,RFM 13-15 (high)
17074.0,563,1,203.05,203.05,19,,0,1,2,1,4,121,1,0.8734977400617601,1,High,United Kingdom,RFM 3-6 (low)
17075.0,18,10,2216.28,221.628,782,78.66666666666667,708,5,5,4,14,554,0,0.2129694738918832,0,Low,United Kingdom,RFM 13-15 (high)
17076.0,36,6,1242.75,207.125,514,139.8,699,4,4,4,12,444,2,0.3962598173174245,0,Low,United Kingdom,RFM 10-12 (mid-high)
17077.0,578,1,306.0,306.0,36,,0,1,2,2,5,122,1,0.8580536675121625,1,High,United Kingdom,RFM 3-6 (low)
17078.0,36,2,378.2,189.1,788,0.0,0,4,3,2,9,432,2,0.4142493258352437,0,Medium,United Kingdom,RFM 7-9 (mid-low)
17079.0,78,1,118.8,118.8,24,,0,3,2,1,6,321,1,0.7406924837860756,1,High,United Kingdom,RFM 3-6 (low)
17080.0,22,7,955.41,136.48714285714286,567,83.83333333333333,503,4,4,3,11,443,2,0.3348886801956958,0,Low,United Kingdom,RFM 10-12 (mid-high)
17081.0,25,6,949.39,158.23166666666663,381,125.8,629,4,4,3,11,443,2,0.4139861636280947,0,Medium,United Kingdom,RFM 10-12 (mid-high)
17082.0,33,6,4732.03,788.6716666666666,2526,138.2,691,4,4,5,13,445,0,0.1378026434818825,0,Low,United Kingdom,RFM 13-15 (high)
17083.0,109,9,4035.08,448.34222222222223,1950,69.875,559,3,5,5,13,355,0,0.1257915362768669,0,Low,United Kingdom,RFM 13-15 (high)
17084.0,35,3,4997.96,1665.986666666667,3177,180.5,361,4,3,5,12,435,2,0.376145869092831,0,Low,United Kingdom,RFM 10-12 (mid-high)
17085.0,123,28,7713.67,275.48821428571426,3535,22.59259259259259,610,3,5,5,13,355,0,0.1800032811748401,0,Low,United Kingdom,RFM 13-15 (high)
17086.0,7,6,2050.08,341.68,1859,11.2,56,5,4,4,13,544,2,0.1370457880631738,0,Low,United Kingdom,RFM 13-15 (high)
17087.0,738,1,221.53,221.53,113,,0,1,2,1,4,121,1,0.8436184598075139,1,High,United Kingdom,RFM 3-6 (low)
17088.0,28,4,1991.01,497.7525,868,75.0,225,4,4,4,12,444,2,0.2629380847336294,0,Low,United Kingdom,RFM 10-12 (mid-high)
17089.0,386,1,128.45,128.45,35,,0,2,2,1,5,221,1,0.89114210216819,1,High,United Kingdom,RFM 3-6 (low)
17090.0,4,13,2986.64,229.74153846153845,1319,41.91666666666666,503,5,5,5,15,555,0,0.0534956617056437,0,Low,United Kingdom,RFM 13-15 (high)
17091.0,3,19,7462.150000000001,392.7447368421053,3726,40.0,720,5,5,5,15,555,0,0.0272234502777152,0,Low,United Kingdom,RFM 13-15 (high)
17092.0,50,11,5479.76,498.16,3762,62.5,625,4,5,5,14,455,0,0.0561934015012907,0,Low,United Kingdom,RFM 13-15 (high)
17093.0,593,1,235.88,235.88,114,,0,1,2,1,4,121,1,0.8436465073940707,1,High,United Kingdom,RFM 3-6 (low)
17094.0,322,2,370.4,185.2,208,101.0,101,2,3,2,7,232,1,0.7758732985465752,1,High,United Kingdom,RFM 7-9 (mid-low)
17095.0,23,7,2312.59,330.37,1680,116.83333333333331,701,4,4,4,12,444,2,0.1141871429704767,0,Low,United Kingdom,RFM 10-12 (mid-high)
17096.0,15,11,3629.58,329.96181818181816,1546,54.0,540,5,5,5,15,555,0,0.0576813242058798,0,Low,United Kingdom,RFM 13-15 (high)
17097.0,2,9,1126.86,125.20666666666664,580,53.5,428,5,5,3,13,553,0,0.2190801896829882,0,Low,Spain,RFM 13-15 (high)
17098.0,382,3,591.0699999999999,197.0233333333333,125,79.5,159,2,3,3,8,233,1,0.7365255363912404,1,High,United Kingdom,RFM 7-9 (mid-low)
17099.0,533,1,582.17,582.17,317,,0,1,2,2,5,122,1,0.7571879749849554,1,High,United Kingdom,RFM 3-6 (low)
17100.0,18,2,971.74,485.87,800,0.0,0,5,3,3,11,533,2,0.345773247478966,0,Low,United Kingdom,RFM 10-12 (mid-high)
17101.0,10,7,2507.05,358.15000000000003,1175,89.83333333333333,539,5,4,4,13,544,0,0.1083560894486793,0,Low,United Kingdom,RFM 13-15 (high)
17102.0,262,1,25.5,25.5,2,,0,2,2,1,5,221,1,0.8758557542953384,1,High,United Kingdom,RFM 3-6 (low)
17103.0,722,1,424.3,424.3,471,,0,1,2,2,5,122,1,0.7642153142180094,1,High,United Kingdom,RFM 3-6 (low)
17104.0,424,1,474.03,474.03,149,,0,1,2,2,5,122,1,0.7491646089733065,1,High,United Kingdom,RFM 3-6 (low)
17105.0,159,2,665.78,332.89,693,147.0,147,3,3,3,9,333,1,0.4882125908928966,0,Medium,United Kingdom,RFM 7-9 (mid-low)
17106.0,389,1,481.58,481.58,153,,0,2,2,2,6,222,1,0.732184951728183,1,High,United Kingdom,RFM 3-6 (low)
17107.0,33,10,15595.37,1559.537,7219,71.44444444444444,643,4,5,5,14,455,0,0.0578548861211006,0,Low,United Kingdom,RFM 13-15 (high)
17108.0,664,1,174.95,174.95,31,,0,1,2,1,4,121,1,0.8993983005554196,1,High,United Kingdom,RFM 3-6 (low)
17109.0,29,8,1276.35,159.54375,772,66.85714285714286,468,4,5,4,13,454,2,0.1878156668414245,0,Low,United Kingdom,RFM 13-15 (high)
17110.0,165,3,499.9,166.63333333333333,136,222.0,444,3,3,2,8,332,1,0.5381518363025468,1,Medium,United Kingdom,RFM 7-9 (mid-low)
17111.0,47,2,459.58,229.79,581,378.0,378,4,3,2,9,432,2,0.5728845956634404,1,Medium,United Kingdom,RFM 7-9 (mid-low)
17112.0,503,1,197.57,197.57,130,,0,1,2,1,4,121,1,0.8517397995999048,1,High,United Kingdom,RFM 3-6 (low)
17113.0,574,6,2092.16,348.6933333333333,814,24.6,123,1,4,4,9,144,1,0.7010829145564236,1,High,United Kingdom,RFM 7-9 (mid-low)
17114.0,6,8,739.72,92.465,206,47.0,329,5,5,3,13,553,2,0.4139221804079229,0,Medium,United Kingdom,RFM 13-15 (high)
17115.0,8,7,2616.29,373.7557142857143,865,121.0,726,5,4,4,13,544,0,0.1666454599653398,0,Low,United Kingdom,RFM 13-15 (high)
17116.0,648,1,389.78,389.78,392,,0,1,2,2,5,122,1,0.8107483597202924,1,High,United Kingdom,RFM 3-6 (low)
17117.0,288,1,116.2,116.2,68,,0,2,2,1,5,221,1,0.8937592326764139,1,High,United Kingdom,RFM 3-6 (low)
17118.0,318,1,157.02,157.02,154,,0,2,2,1,5,221,1,0.8784121200131948,1,High,United Kingdom,RFM 3-6 (low)
17119.0,3,2,593.61,296.805,327,56.0,56,5,3,3,11,533,2,0.3203259307745082,0,Low,United Kingdom,RFM 10-12 (mid-high)
17120.0,233,1,307.46,307.46,120,,0,2,2,2,6,222,1,0.7069825321691953,1,High,United Kingdom,RFM 3-6 (low)
17121.0,403,1,314.74,314.74,106,,0,2,2,2,6,222,1,0.8030149581202289,1,High,United Kingdom,RFM 3-6 (low)
17122.0,119,4,570.5,142.625,368,126.66666666666669,380,3,4,2,9,342,2,0.415874159781189,0,Medium,United Kingdom,RFM 7-9 (mid-low)
17123.0,162,3,977.17,325.7233333333333,676,205.0,410,3,3,3,9,333,1,0.5317754684941396,1,Medium,United Kingdom,RFM 7-9 (mid-low)
17124.0,185,1,294.24,294.24,129,,0,3,2,2,7,322,1,0.6889040529866151,1,Medium,United Kingdom,RFM 7-9 (mid-low)
17125.0,50,1,230.5,230.5,281,,0,4,2,1,7,421,2,0.5271259871068373,1,Medium,United Kingdom,RFM 7-9 (mid-low)
17126.0,152,9,2003.53,222.61444444444444,1424,39.125,313,3,5,4,12,354,2,0.2739985749495297,0,Low,United Kingdom,RFM 10-12 (mid-high)
17127.0,429,5,1155.0300000000002,231.00600000000003,340,76.5,306,1,4,3,8,143,1,0.6230657463221003,1,Medium,United Kingdom,RFM 7-9 (mid-low)
17128.0,335,1,157.09,157.09,76,,0,2,2,1,5,221,1,0.9043848647204298,1,High,United Kingdom,RFM 3-6 (low)
17129.0,520,1,31.85,31.85,5,,0,1,2,1,4,121,1,0.8795362493439092,1,High,United Kingdom,RFM 3-6 (low)
17131.0,5,5,2463.17,492.634,983,17.5,70,5,4,4,13,544,2,0.1561003879329076,0,Low,United Kingdom,RFM 13-15 (high)
17132.0,452,2,1220.91,610.4549999999999,963,36.0,36,1,3,4,8,134,1,0.7104928233600212,1,High,United Kingdom,RFM 7-9 (mid-low)
17133.0,16,12,12972.09,1081.0075,9019,55.63636363636363,612,5,5,5,15,555,0,0.057121868825142,0,Low,United Kingdom,RFM 13-15 (high)
17134.0,107,3,625.3,208.4333333333333,144,167.5,335,3,3,3,9,333,2,0.4969536914864419,0,Medium,United Kingdom,RFM 7-9 (mid-low)
17135.0,16,10,1711.26,171.126,1660,62.55555555555556,563,5,5,4,14,554,0,0.1083319887047606,0,Low,United Kingdom,RFM 13-15 (high)
17136.0,662,1,231.68,231.68,256,,0,1,2,1,4,121,1,0.8433610483211352,1,High,United Kingdom,RFM 3-6 (low)
17137.0,416,6,1099.81,183.30166666666665,680,52.2,261,1,4,3,8,143,1,0.5953285389686473,1,Medium,United Kingdom,RFM 7-9 (mid-low)
17138.0,276,7,4417.27,631.0385714285715,2024,66.16666666666667,397,2,4,5,11,245,1,0.3522235299861008,0,Low,United Kingdom,RFM 10-12 (mid-high)
17139.0,16,25,19473.91,778.9564,9833,28.375,681,5,5,5,15,555,3,0.0267938697552562,0,Low,United Kingdom,RFM 13-15 (high)
17140.0,247,1,454.12,454.12,296,,0,2,2,2,6,222,1,0.7043966645586254,1,High,United Kingdom,RFM 3-6 (low)
17141.0,418,4,727.58,181.895,423,88.66666666666667,266,1,4,3,8,143,1,0.6506955226240152,1,Medium,United Kingdom,RFM 7-9 (mid-low)
17142.0,239,4,1275.25,318.8125,322,148.33333333333334,445,2,4,4,10,244,1,0.5307074641517727,1,Medium,United Kingdom,RFM 10-12 (mid-high)
17143.0,417,2,880.97,440.485,314,98.0,98,1,3,3,7,133,1,0.7048113354927611,1,High,United Kingdom,RFM 7-9 (mid-low)
17144.0,1,2,984.57,492.285,483,83.0,83,5,3,3,11,533,2,0.3292012120441918,0,Low,United Kingdom,RFM 10-12 (mid-high)
17145.0,513,4,3014.64,753.66,2563,48.333333333333336,145,1,4,5,10,145,1,0.6949978569141512,1,Medium,United Kingdom,RFM 10-12 (mid-high)
17146.0,106,13,5788.39,445.26076923076926,2172,47.5,570,3,5,5,13,355,0,0.1191098945078597,0,Low,United Kingdom,RFM 13-15 (high)
17147.0,23,9,3069.15,341.01666666666665,1295,84.375,675,4,5,5,14,455,0,0.1088852896870517,0,Low,United Kingdom,RFM 13-15 (high)
17148.0,52,1,124.88,124.88,82,,0,4,2,1,7,421,2,0.7164517602008579,1,High,United Kingdom,RFM 7-9 (mid-low)
17149.0,451,1,143.10000000000002,143.10000000000002,18,,0,1,2,1,4,121,1,0.8920163864750843,1,High,United Kingdom,RFM 3-6 (low)
17150.0,377,6,1357.95,226.325,397,71.4,357,2,4,4,10,244,1,0.5836211503085724,1,Medium,United Kingdom,RFM 10-12 (mid-high)
17151.0,735,1,231.90000000000003,231.90000000000003,42,,0,1,2,1,4,121,1,0.8718620171969219,1,High,United Kingdom,RFM 3-6 (low)
17152.0,195,4,1830.5,457.625,537,76.66666666666667,230,2,4,4,10,244,1,0.508632419273706,1,Medium,United Kingdom,RFM 10-12 (mid-high)
17153.0,24,1,213.78,213.78,104,,0,4,2,1,7,421,2,0.4377350374597935,0,Medium,United Kingdom,RFM 7-9 (mid-low)
17154.0,75,1,329.34,329.34,490,,0,3,2,2,7,322,1,0.5276315041843995,1,Medium,United Kingdom,RFM 7-9 (mid-low)
17155.0,18,7,892.46,127.49428571428572,987,119.83333333333331,719,5,4,3,12,543,2,0.3209445190708455,0,Low,United Kingdom,RFM 10-12 (mid-high)
17156.0,492,1,572.07,572.07,385,,0,1,2,2,5,122,1,0.7590460887536749,1,High,United Kingdom,RFM 3-6 (low)
17157.0,8,19,5139.45,270.4973684210526,2089,40.388888888888886,727,5,5,5,15,555,0,0.0287605656457418,0,Low,United Kingdom,RFM 13-15 (high)
17158.0,32,5,1962.3,392.46,1143,152.25,609,4,4,4,12,444,2,0.2191435404511186,0,Low,United Kingdom,RFM 10-12 (mid-high)
17159.0,22,5,2095.44,419.088,1347,155.75,623,4,4,4,12,444,2,0.1964899562199451,0,Low,United Kingdom,RFM 10-12 (mid-high)
17160.0,31,17,10201.36,600.08,8386,44.0,704,4,5,5,14,455,0,0.0312166602882141,0,Low,United Kingdom,RFM 13-15 (high)
17161.0,444,1,856.01,856.01,537,,0,1,2,3,6,123,1,0.7828534704991091,1,High,United Kingdom,RFM 3-6 (low)
17162.0,29,10,1707.21,170.721,1000,30.666666666666668,276,4,5,4,13,454,0,0.1253423228182409,0,Low,United Kingdom,RFM 13-15 (high)
17163.0,22,4,699.78,174.945,531,217.66666666666663,653,4,4,3,11,443,2,0.4778713792167308,0,Medium,United Kingdom,RFM 10-12 (mid-high)
17164.0,33,7,2466.4,352.3428571428572,1500,40.0,240,4,4,4,12,444,2,0.0969381496491858,0,Low,United Kingdom,RFM 10-12 (mid-high)
17165.0,284,6,1783.63,297.2716666666667,785,88.8,444,2,4,4,10,244,1,0.491309715738765,0,Medium,United Kingdom,RFM 10-12 (mid-high)
17166.0,39,2,189.49,94.745,75,165.0,165,4,3,1,8,431,2,0.5710641018877408,1,Medium,United Kingdom,RFM 7-9 (mid-low)
17167.0,380,3,867.11,289.0366666666667,429,32.5,65,2,3,3,8,233,1,0.6591045236377114,1,Medium,United Kingdom,RFM 7-9 (mid-low)
17168.0,499,1,400.2,400.2,220,,0,1,2,2,5,122,1,0.8189667797079134,1,High,United Kingdom,RFM 3-6 (low)
17169.0,58,3,1129.88,376.6266666666666,659,260.0,520,4,3,3,10,433,2,0.4479417172298444,0,Medium,United Kingdom,RFM 10-12 (mid-high)
17170.0,374,2,118.98,59.49,146,14.0,14,2,3,1,6,231,1,0.7388003706451495,1,High,United Kingdom,RFM 3-6 (low)
17171.0,289,2,384.59,192.295,225,372.0,372,2,3,2,7,232,1,0.7452061242739713,1,High,United Kingdom,RFM 7-9 (mid-low)
17172.0,79,3,910.99,303.66333333333336,1198,323.5,647,3,3,3,9,333,2,0.4686441596409308,0,Medium,United Kingdom,RFM 7-9 (mid-low)
17173.0,5,8,3755.65,469.45625,1121,17.857142857142858,125,5,5,5,15,555,0,0.1170066480309765,0,Low,United Kingdom,RFM 13-15 (high)
17174.0,218,1,59.9,59.9,41,,0,2,2,1,5,221,1,0.8634664696223198,1,High,United Kingdom,RFM 3-6 (low)
17175.0,44,4,1430.94,357.735,865,84.0,252,4,4,4,12,444,2,0.2703353886111136,0,Low,United Kingdom,RFM 10-12 (mid-high)
17176.0,202,3,902.32,300.7733333333333,576,237.5,475,2,3,3,8,233,1,0.5484929878921919,1,Medium,United Kingdom,RFM 7-9 (mid-low)
17177.0,505,1,119.5,119.5,40,,0,1,2,1,4,121,1,0.9040028695002214,1,High,United Kingdom,RFM 3-6 (low)
17178.0,731,1,432.96,432.96,100,,0,1,2,2,5,122,1,0.8006571510797288,1,High,United Kingdom,RFM 3-6 (low)
17179.0,178,6,1507.26,251.21,625,76.8,384,3,4,4,11,344,1,0.3296947615870922,0,Low,United Kingdom,RFM 10-12 (mid-high)
17180.0,56,11,2216.12,201.4654545454545,1803,63.0,630,4,5,4,13,454,0,0.1112743440564233,0,Low,United Kingdom,RFM 13-15 (high)
17181.0,57,3,309.85,103.28333333333336,268,269.0,538,4,3,2,9,432,2,0.5110640177533452,1,Medium,United Kingdom,RFM 7-9 (mid-low)
17182.0,423,2,321.3,160.65,54,295.0,295,1,3,2,6,132,1,0.7419425566214741,1,High,United Kingdom,RFM 3-6 (low)
17183.0,8,6,3286.9100000000003,547.8183333333334,1264,19.4,97,5,4,5,14,545,0,0.1197980858086316,0,Low,United Kingdom,RFM 13-15 (high)
17184.0,569,2,198.41000000000005,99.205,73,161.0,161,1,3,1,5,131,1,0.8121758332407741,1,High,United Kingdom,RFM 3-6 (low)
17185.0,592,3,229.46,76.48666666666666,119,3.0,6,1,3,1,5,131,1,0.7760505242139304,1,High,United Kingdom,RFM 3-6 (low)
17186.0,47,2,144.0,72.0,200,13.0,13,4,3,1,8,431,2,0.5953641719764319,1,Medium,United Kingdom,RFM 7-9 (mid-low)
17187.0,227,2,467.71,233.855,426,299.0,299,2,3,2,7,232,1,0.563782667413282,1,Medium,United Kingdom,RFM 7-9 (mid-low)
17188.0,11,13,4361.83,335.5253846153846,2535,59.91666666666666,719,5,5,5,15,555,0,0.0466861475372714,0,Low,United Kingdom,RFM 13-15 (high)
17189.0,106,5,953.63,190.726,601,157.75,631,3,4,3,10,343,2,0.4197557774893877,0,Medium,United Kingdom,RFM 10-12 (mid-high)
17190.0,59,7,1531.57,218.79571428571427,2217,97.5,585,3,4,4,11,344,2,0.1935840424893365,0,Low,United Kingdom,RFM 10-12 (mid-high)
17191.0,28,15,4284.84,285.656,2206,50.71428571428572,710,4,5,5,14,455,0,0.044419067261705,0,Low,United Kingdom,RFM 13-15 (high)
17192.0,536,1,75.28,75.28,45,,0,1,2,1,4,121,1,0.902844541519696,1,High,United Kingdom,RFM 3-6 (low)
17193.0,36,9,2254.6,250.5111111111111,1616,87.75,702,4,5,4,13,454,0,0.1416974890800048,0,Low,United Kingdom,RFM 13-15 (high)
17194.0,274,3,812.5,270.8333333333333,420,128.0,256,2,3,3,8,233,1,0.6018142318790928,1,Medium,United Kingdom,RFM 7-9 (mid-low)
17195.0,655,1,562.98,562.98,486,,0,1,2,2,5,122,1,0.7511258919298938,1,High,United Kingdom,RFM 3-6 (low)
17196.0,428,1,327.75,327.75,154,,0,1,2,2,5,122,1,0.8173947982871865,1,High,United Kingdom,RFM 3-6 (low)
17197.0,30,1,1013.01,1013.01,191,,0,4,2,3,9,423,2,0.499266466985126,0,Medium,United Kingdom,RFM 7-9 (mid-low)
17198.0,24,3,692.22,230.74,357,173.5,347,4,3,3,10,433,2,0.4188767528189192,0,Medium,United Kingdom,RFM 10-12 (mid-high)
17199.0,582,1,135.04000000000002,135.04000000000002,232,,0,1,2,1,4,121,1,0.8637076323280496,1,High,United Kingdom,RFM 3-6 (low)
17200.0,387,4,356.71,89.1775,367,88.0,264,2,4,2,8,242,1,0.7273884494564483,1,High,United Kingdom,RFM 7-9 (mid-low)
17201.0,54,4,1127.5,281.875,980,204.3333333333333,613,4,4,3,11,443,2,0.3906861214285518,0,Low,United Kingdom,RFM 10-12 (mid-high)
17202.0,421,1,160.65,160.65,55,,0,1,2,1,4,121,1,0.9092317822910188,1,High,United Kingdom,RFM 3-6 (low)
17203.0,36,10,5564.09,556.409,4597,39.11111111111112,352,4,5,5,14,455,0,0.0732983934421128,0,Low,United Kingdom,RFM 13-15 (high)
17204.0,175,9,5263.69,584.8544444444444,2591,46.5,372,3,5,5,13,355,0,0.1914487121536401,0,Low,United Kingdom,RFM 13-15 (high)
17205.0,54,3,999.35,333.1166666666667,2214,255.0,510,4,3,3,10,433,2,0.3952001403808557,0,Low,United Kingdom,RFM 10-12 (mid-high)
17206.0,53,1,204.24,204.24,76,,0,4,2,1,7,421,2,0.6104183226994838,1,Medium,United Kingdom,RFM 7-9 (mid-low)
17207.0,652,1,292.62,292.62,233,,0,1,2,2,5,122,1,0.8197543117817587,1,High,United Kingdom,RFM 3-6 (low)
17208.0,396,1,111.15,111.15,101,,0,2,2,1,5,221,1,0.8654808093161815,1,High,United Kingdom,RFM 3-6 (low)
17209.0,649,3,595.7,198.5666666666667,723,43.5,87,1,3,3,7,133,1,0.7051228862168958,1,High,United Kingdom,RFM 7-9 (mid-low)
17210.0,393,1,251.72,251.72,242,,0,2,2,1,5,221,1,0.8351445100020323,1,High,United Kingdom,RFM 3-6 (low)
17211.0,27,13,3728.8,286.83076923076925,2124,58.25,699,4,5,5,14,455,0,0.0486937115985312,0,Low,United Kingdom,RFM 13-15 (high)
17212.0,253,3,794.41,264.80333333333334,727,116.5,233,2,3,3,8,233,1,0.5351063781009188,1,Medium,United Kingdom,RFM 7-9 (mid-low)
17213.0,40,13,4766.03,366.61769230769227,2065,57.0,684,4,5,5,14,455,0,0.0537942686106731,0,Low,United Kingdom,RFM 13-15 (high)
17214.0,60,6,974.12,162.35333333333332,271,59.6,298,3,4,3,10,343,2,0.3687198890885982,0,Low,United Kingdom,RFM 10-12 (mid-high)
17215.0,464,1,186.15,186.15,104,,0,1,2,1,4,121,1,0.8735794435778661,1,High,United Kingdom,RFM 3-6 (low)
17216.0,554,1,63.6,63.6,21,,0,1,2,1,4,121,1,0.897506316035465,1,High,United Kingdom,RFM 3-6 (low)
17217.0,234,2,210.1,105.05,93,385.0,385,2,3,1,6,231,1,0.6615895679080573,1,Medium,United Kingdom,RFM 3-6 (low)
17218.0,4,18,3891.39,216.18833333333333,2066,39.88235294117647,678,5,5,5,15,555,0,0.0332540974526195,0,Low,United Kingdom,RFM 13-15 (high)
17219.0,32,2,259.13,129.565,188,384.0,384,4,3,1,8,431,2,0.693172891831463,1,Medium,United Kingdom,RFM 7-9 (mid-low)
17220.0,24,21,4457.31,212.25285714285715,2663,33.2,664,4,5,5,14,455,0,0.0312462131728406,0,Low,United Kingdom,RFM 13-15 (high)
17221.0,7,5,976.62,195.324,713,149.75,599,5,4,3,12,543,2,0.346220076076555,0,Low,United Kingdom,RFM 10-12 (mid-high)
17222.0,65,6,1579.51,263.25166666666667,857,126.4,632,3,4,4,11,344,2,0.2900833495336499,0,Low,United Kingdom,RFM 10-12 (mid-high)
17223.0,310,3,558.04,186.0133333333333,155,32.0,64,2,3,2,7,232,1,0.738591904731296,1,High,United Kingdom,RFM 7-9 (mid-low)
17224.0,501,1,100.86,100.86,65,,0,1,2,1,4,121,1,0.9132454129977668,1,High,United Kingdom,RFM 3-6 (low)
17225.0,582,1,131.15,131.15,36,,0,1,2,1,4,121,1,0.8892731297538994,1,High,United Kingdom,RFM 3-6 (low)
17226.0,309,3,895.47,298.49,853,178.0,356,2,3,3,8,233,1,0.613469944979414,1,Medium,United Kingdom,RFM 7-9 (mid-low)
17227.0,19,12,1878.93,156.5775,1681,61.27272727272727,674,4,5,4,13,454,0,0.1032433506807092,0,Low,United Kingdom,RFM 13-15 (high)
17228.0,16,13,2820.03,216.92538461538464,2354,51.75,621,5,5,4,14,554,0,0.0472819228244589,0,Low,United Kingdom,RFM 13-15 (high)
17229.0,96,2,318.76,159.38,185,46.0,46,3,3,2,8,332,1,0.5427516235257708,1,Medium,United Kingdom,RFM 7-9 (mid-low)
17230.0,264,18,9159.45,508.85833333333335,3649,27.47058823529412,467,2,5,5,12,255,0,0.4885433739770609,0,Medium,United Kingdom,RFM 10-12 (mid-high)
17231.0,12,25,6958.83,278.3532,3663,29.95833333333333,719,5,5,5,15,555,0,0.0208931401018358,0,Low,United Kingdom,RFM 13-15 (high)
17232.0,3,2,417.77,208.885,202,11.0,11,5,3,2,10,532,2,0.3829953290910198,0,Low,United Kingdom,RFM 10-12 (mid-high)
17233.0,35,3,560.86,186.9533333333333,298,344.5,689,4,3,2,9,432,2,0.4882219795384747,0,Medium,United Kingdom,RFM 7-9 (mid-low)
17234.0,183,1,149.89,149.89,55,,0,3,2,1,6,321,1,0.8110067529681012,1,High,United Kingdom,RFM 3-6 (low)
17235.0,25,8,1562.98,195.3725,845,75.28571428571429,527,4,5,4,13,454,2,0.1660896812971324,0,Low,United Kingdom,RFM 13-15 (high)
17236.0,13,12,1929.26,160.77166666666668,804,57.18181818181818,629,5,5,4,14,554,0,0.1787882486105136,0,Low,United Kingdom,RFM 13-15 (high)
17237.0,11,4,994.13,248.5325,414,123.33333333333331,370,5,4,3,12,543,2,0.3467741784998128,0,Low,United Kingdom,RFM 10-12 (mid-high)
17238.0,3,32,7331.67,229.1146875,3555,23.741935483870968,736,5,5,5,15,555,0,0.0193900336207728,0,Low,United Kingdom,RFM 13-15 (high)
17239.0,313,4,1174.15,293.5375,513,71.0,213,2,4,3,9,243,1,0.6499442885744273,1,Medium,United Kingdom,RFM 7-9 (mid-low)
17240.0,596,1,130.6,130.6,108,,0,1,2,1,4,121,1,0.8805099846011666,1,High,United Kingdom,RFM 3-6 (low)
17241.0,385,12,2736.64,228.0533333333333,859,25.09090909090909,276,2,5,4,11,254,1,0.7009104752141481,1,High,United Kingdom,RFM 10-12 (mid-high)
17242.0,108,5,2889.28,577.856,1459,144.0,576,3,4,5,12,345,2,0.2253088332407625,0,Low,United Kingdom,RFM 10-12 (mid-high)
17243.0,1,69,20022.93,290.18739130434784,7905,10.823529411764708,736,5,5,5,15,555,3,0.0209047571814967,0,Low,United Kingdom,RFM 13-15 (high)
17244.0,53,5,1826.04,365.208,1419,170.0,680,4,4,4,12,444,2,0.2239449772277513,0,Low,United Kingdom,RFM 10-12 (mid-high)
17245.0,205,2,371.63,185.815,307,484.0,484,2,3,2,7,232,1,0.586237915298453,1,Medium,United Kingdom,RFM 7-9 (mid-low)
17246.0,547,2,38.92,19.46,36,191.0,191,1,3,1,5,131,1,0.7938735248613501,1,High,United Kingdom,RFM 3-6 (low)
17247.0,15,1,280.09000000000003,280.09000000000003,105,,0,5,2,2,9,522,2,0.4125753920490565,0,Medium,United Kingdom,RFM 7-9 (mid-low)
17248.0,120,2,500.54,250.27,276,361.0,361,3,3,2,8,332,1,0.614923351729636,1,Medium,United Kingdom,RFM 7-9 (mid-low)
17249.0,429,1,68.03,68.03,79,,0,1,2,1,4,121,1,0.8949485163402184,1,High,United Kingdom,RFM 3-6 (low)
17250.0,4,2,381.97,190.985,167,257.0,257,5,3,2,10,532,2,0.4869213017092361,0,Medium,United Kingdom,RFM 10-12 (mid-high)
17251.0,363,3,790.28,263.4266666666667,375,181.0,362,2,3,3,8,233,1,0.6538857872939287,1,Medium,United Kingdom,RFM 7-9 (mid-low)
17252.0,117,2,348.91,174.455,192,69.0,69,3,3,2,8,332,1,0.5502056978081804,1,Medium,United Kingdom,RFM 7-9 (mid-low)
17253.0,18,1,178.26,178.26,43,,0,5,2,1,8,521,2,0.5230029971350225,1,Medium,United Kingdom,RFM 7-9 (mid-low)
17254.0,5,3,469.48,156.49333333333334,397,198.0,396,5,3,2,10,532,2,0.4892250169198667,0,Medium,United Kingdom,RFM 10-12 (mid-high)
17255.0,41,4,781.7,195.425,583,135.0,405,4,4,3,11,443,2,0.3808698700679618,0,Low,United Kingdom,RFM 10-12 (mid-high)
17256.0,107,5,498.93,99.786,299,123.0,492,3,4,2,9,342,2,0.3804638844270864,0,Low,United Kingdom,RFM 7-9 (mid-low)
17257.0,436,2,189.78,94.89,187,0.0,0,1,3,1,5,131,1,0.7729340549358382,1,High,United Kingdom,RFM 3-6 (low)
17258.0,397,2,417.3,208.65,188,268.0,268,2,3,2,7,232,1,0.7204828500718137,1,High,United Kingdom,RFM 7-9 (mid-low)
17259.0,148,6,1452.39,242.06500000000003,844,101.4,507,3,4,4,11,344,2,0.3062984281440295,0,Low,United Kingdom,RFM 10-12 (mid-high)
17260.0,411,1,120.95,120.95,23,,0,1,2,1,4,121,1,0.8963500888500161,1,High,United Kingdom,RFM 3-6 (low)
17261.0,510,1,221.59,221.59,95,,0,1,2,1,4,121,1,0.8550008282649516,1,High,United Kingdom,RFM 3-6 (low)
17262.0,52,11,2488.76,226.25090909090912,635,67.2,672,4,5,4,13,454,0,0.1720634114434876,0,Low,United Kingdom,RFM 13-15 (high)
17263.0,208,1,63.440000000000005,63.440000000000005,36,,0,2,2,1,5,221,1,0.8501396479907726,1,High,United Kingdom,RFM 3-6 (low)
17264.0,424,1,268.28,268.28,217,,0,1,2,2,5,122,1,0.8222213081287335,1,High,United Kingdom,RFM 3-6 (low)
17265.0,139,2,550.01,275.005,389,41.0,41,3,3,2,8,332,1,0.5300932524033481,1,Medium,United Kingdom,RFM 7-9 (mid-low)
17266.0,2,5,501.72,100.344,243,159.5,638,5,4,2,11,542,2,0.4374804757008714,0,Medium,United Kingdom,RFM 10-12 (mid-high)
17267.0,127,2,317.2,158.6,158,0.0,0,3,3,2,8,332,1,0.6086787800157272,1,Medium,United Kingdom,RFM 7-9 (mid-low)
17268.0,108,11,1733.89,157.62636363636364,1395,62.3,623,3,5,4,12,354,0,0.1516679622593071,0,Low,United Kingdom,RFM 10-12 (mid-high)
17269.0,386,1,491.81,491.81,314,,0,2,2,2,6,222,1,0.7275025137984176,1,High,United Kingdom,RFM 3-6 (low)
17270.0,469,2,601.4499999999999,300.725,420,262.0,262,1,3,3,7,133,1,0.6549378278921671,1,Medium,United Kingdom,RFM 7-9 (mid-low)
17271.0,736,1,204.3,204.3,113,,0,1,2,1,4,121,1,0.8458520465853787,1,High,United Kingdom,RFM 3-6 (low)
17272.0,42,4,2144.53,536.1325,1776,73.33333333333333,220,4,4,4,12,444,2,0.2626405481745208,0,Low,United Kingdom,RFM 10-12 (mid-high)
17273.0,424,1,141.12,141.12,133,,0,1,2,1,4,121,1,0.8677037497046786,1,High,United Kingdom,RFM 3-6 (low)
17274.0,35,2,573.22,286.61,271,360.0,360,4,3,2,9,432,2,0.5246892904713084,1,Medium,United Kingdom,RFM 7-9 (mid-low)
17275.0,383,1,114.1,114.1,71,,0,2,2,1,5,221,1,0.903089026476601,1,High,United Kingdom,RFM 3-6 (low)
17276.0,402,1,445.44,445.44,182,,0,2,2,2,6,222,1,0.744268885274262,1,High,United Kingdom,RFM 3-6 (low)
17277.0,228,2,1065.35,532.6750000000001,430,95.0,95,2,3,3,8,233,1,0.5948039571581364,1,Medium,United Kingdom,RFM 7-9 (mid-low)
17278.0,241,2,271.24,135.62,195,323.0,323,2,3,2,7,232,1,0.6154275088904848,1,Medium,United Kingdom,RFM 7-9 (mid-low)
17279.0,58,1,187.83,187.83,48,,0,4,2,1,7,421,2,0.6217773697167438,1,Medium,United Kingdom,RFM 7-9 (mid-low)
17280.0,438,1,118.86,118.86,74,,0,1,2,1,4,121,1,0.9039890134342408,1,High,United Kingdom,RFM 3-6 (low)
17281.0,374,6,797.8499999999999,132.975,295,59.8,299,2,4,3,9,243,1,0.6296764304122398,1,Medium,United Kingdom,RFM 7-9 (mid-low)
17282.0,130,5,2308.54,461.708,2332,104.5,418,3,4,4,11,344,2,0.2151114905095962,0,Low,United Kingdom,RFM 10-12 (mid-high)
17283.0,379,1,188.46,188.46,179,,0,2,2,1,5,221,1,0.8395611093092975,1,High,United Kingdom,RFM 3-6 (low)
17284.0,60,8,2323.12,290.39,2065,54.85714285714285,384,3,5,4,12,354,2,0.1084815604148731,0,Low,United Kingdom,RFM 10-12 (mid-high)
17285.0,628,2,407.94,203.97,134,34.0,34,1,3,2,6,132,1,0.802051984857054,1,High,United Kingdom,RFM 3-6 (low)
17286.0,22,3,389.18,129.72666666666666,368,189.0,378,4,3,2,9,432,2,0.5345756936823367,1,Medium,United Kingdom,RFM 7-9 (mid-low)
17287.0,26,21,3810.61,181.45761904761903,1951,35.5,710,4,5,5,14,455,0,0.032225612347439,0,Low,United Kingdom,RFM 13-15 (high)
17288.0,9,11,2468.43,224.40272727272725,1699,38.5,385,5,5,4,14,554,0,0.0676871298495212,0,Low,United Kingdom,RFM 13-15 (high)
17289.0,32,9,2032.3,225.8111111111111,1235,76.125,609,4,5,4,13,454,0,0.12594796331119,0,Low,United Kingdom,RFM 13-15 (high)
17290.0,4,8,1487.96,185.995,1139,103.14285714285714,722,5,5,4,14,554,0,0.2067348176728548,0,Low,United Kingdom,RFM 13-15 (high)
17291.0,308,1,550.8000000000001,550.8000000000001,72,,0,2,2,2,6,222,1,0.7569403552132207,1,High,United Kingdom,RFM 3-6 (low)
17292.0,472,2,271.75,135.875,131,107.0,107,1,3,2,6,132,1,0.8080550880061352,1,High,United Kingdom,RFM 3-6 (low)
17293.0,8,17,3750.63,220.62529411764703,2228,45.4375,727,5,5,5,15,555,0,0.0451397884009964,0,Low,United Kingdom,RFM 13-15 (high)
17294.0,669,2,467.79,233.895,297,0.0,0,1,3,2,6,132,1,0.715070554053757,1,High,United Kingdom,RFM 3-6 (low)
17295.0,29,3,547.0,182.3333333333333,293,17.5,35,4,3,2,9,432,2,0.3435818273503199,0,Low,United Kingdom,RFM 7-9 (mid-low)
17296.0,730,1,338.13,338.13,216,,0,1,2,2,5,122,1,0.8341856293287967,1,High,United Kingdom,RFM 3-6 (low)
17297.0,17,1,128.18,128.18,65,,0,5,2,1,8,521,2,0.6997626333388268,1,Medium,United Kingdom,RFM 7-9 (mid-low)
17298.0,101,5,949.22,189.844,840,135.0,540,3,4,3,10,343,2,0.3306272583873009,0,Low,United Kingdom,RFM 10-12 (mid-high)
17299.0,12,6,993.23,165.53833333333333,919,93.8,469,5,4,3,12,543,2,0.302794104865195,0,Low,United Kingdom,RFM 10-12 (mid-high)
17300.0,391,2,393.64,196.82,467,90.0,90,2,3,2,7,232,1,0.737394395806147,1,High,United Kingdom,RFM 7-9 (mid-low)
17301.0,21,2,294.39,147.195,216,603.0,603,4,3,2,9,432,2,0.6751240007998826,1,Medium,United Kingdom,RFM 7-9 (mid-low)
17302.0,15,5,1119.93,223.986,573,72.5,290,5,4,3,12,543,2,0.3125105206169747,0,Low,United Kingdom,RFM 10-12 (mid-high)
17303.0,361,1,250.04,250.04,144,,0,2,2,1,5,221,1,0.8345141882434102,1,High,United Kingdom,RFM 3-6 (low)
17304.0,534,1,111.5,111.5,73,,0,1,2,1,4,121,1,0.9059755546508677,1,High,United Kingdom,RFM 3-6 (low)
17305.0,649,1,2135.46,2135.46,1006,,0,1,2,4,7,124,1,0.7959301919217221,1,High,United Kingdom,RFM 7-9 (mid-low)
17306.0,11,21,9751.77,464.37,13726,19.65,393,5,5,5,15,555,0,0.0476761004173837,0,Low,United Kingdom,RFM 13-15 (high)
17307.0,395,11,3378.31,307.1190909090909,3233,29.3,293,2,5,5,12,255,1,0.6217413827588011,1,Medium,United Kingdom,RFM 10-12 (mid-high)
17308.0,393,2,4511.76,2255.88,5148,59.0,59,2,3,5,10,235,1,0.7157533510893954,1,High,United Kingdom,RFM 10-12 (mid-high)
17309.0,95,3,320.39,106.79666666666668,181,288.5,577,3,3,2,8,332,2,0.5231243692061417,1,Medium,United Kingdom,RFM 7-9 (mid-low)
17310.0,387,2,1025.1,512.55,402,147.0,147,2,3,3,8,233,1,0.6474027697334099,1,Medium,United Kingdom,RFM 7-9 (mid-low)
17311.0,78,6,3490.66,581.7766666666666,2709,119.2,596,3,4,5,12,345,2,0.1227682988934775,0,Low,United Kingdom,RFM 10-12 (mid-high)
17312.0,139,3,644.3,214.76666666666665,372,10.0,20,3,3,3,9,333,1,0.5229485135461612,1,Medium,United Kingdom,RFM 7-9 (mid-low)
17313.0,31,1,2288.13,2288.13,1382,,0,4,2,4,10,424,2,0.5777545693787933,1,Medium,United Kingdom,RFM 10-12 (mid-high)
17314.0,25,17,4514.7,265.5705882352941,3225,44.4375,711,4,5,5,14,455,0,0.0365328150122682,0,Low,United Kingdom,RFM 13-15 (high)
17315.0,2,43,9507.53,221.1053488372093,5055,10.38095238095238,436,5,5,5,15,555,0,0.046349065735314,0,Low,United Kingdom,RFM 13-15 (high)
17316.0,420,1,124.45,124.45,44,,0,1,2,1,4,121,1,0.9003917875148327,1,High,United Kingdom,RFM 3-6 (low)
17317.0,46,3,2524.02,841.34,1074,21.5,43,4,3,4,11,434,2,0.3585499480378602,0,Low,United Kingdom,RFM 10-12 (mid-high)
17318.0,725,1,157.32999999999998,157.32999999999998,59,,0,1,2,1,4,121,1,0.8929544810913305,1,High,United Kingdom,RFM 3-6 (low)
17319.0,669,1,29.1,29.1,14,,0,1,2,1,4,121,1,0.8818523417376919,1,High,United Kingdom,RFM 3-6 (low)
17320.0,100,6,2444.85,407.475,1182,117.2,586,3,4,4,11,344,2,0.1485091408325186,0,Low,United Kingdom,RFM 10-12 (mid-high)
17321.0,8,6,1665.21,277.535,790,113.8,569,5,4,4,13,544,2,0.2430705315654759,0,Low,United Kingdom,RFM 13-15 (high)
17322.0,376,5,900.64,180.128,624,90.0,360,2,4,3,9,243,1,0.6310474218860436,1,Medium,United Kingdom,RFM 7-9 (mid-low)
17323.0,15,12,1538.96,128.24666666666667,1420,62.09090909090909,683,5,5,4,14,554,0,0.1382223364785414,0,Low,United Kingdom,RFM 13-15 (high)
17324.0,18,12,2018.07,168.1725,1449,63.90909090909091,703,5,5,4,14,554,0,0.1013873853581576,0,Low,United Kingdom,RFM 13-15 (high)
17325.0,280,3,609.5699999999999,203.19,465,180.5,361,2,3,3,8,233,1,0.6525521891319235,1,Medium,United Kingdom,RFM 7-9 (mid-low)
17326.0,408,2,312.35,156.175,136,121.0,121,2,3,2,7,232,1,0.7899504647046287,1,High,United Kingdom,RFM 7-9 (mid-low)
17327.0,410,2,152.35,76.175,59,152.0,152,1,3,1,5,131,1,0.8151010281884642,1,High,United Kingdom,RFM 3-6 (low)
17328.0,673,1,104.7,104.7,86,,0,1,2,1,4,121,1,0.899144064176273,1,High,United Kingdom,RFM 3-6 (low)
17329.0,14,5,998.53,199.706,430,180.25,721,5,4,3,12,543,2,0.4055931179275452,0,Medium,United Kingdom,RFM 10-12 (mid-high)
17330.0,23,4,423.8,105.95,122,208.0,624,4,4,2,10,442,2,0.400768874499019,0,Medium,United Kingdom,RFM 10-12 (mid-high)
17331.0,124,1,175.2,175.2,16,,0,3,2,1,6,321,1,0.7863955289641946,1,High,United Kingdom,RFM 3-6 (low)
17332.0,528,5,838.27,167.654,794,32.0,128,1,4,3,8,143,1,0.6870480546375556,1,Medium,United Kingdom,RFM 7-9 (mid-low)
17333.0,86,1,494.25,494.25,375,,0,3,2,2,7,322,1,0.5796225756848054,1,Medium,United Kingdom,RFM 7-9 (mid-low)
17334.0,302,3,634.73,211.57666666666668,565,52.0,104,2,3,3,8,233,1,0.682134366808704,1,Medium,United Kingdom,RFM 7-9 (mid-low)
17335.0,384,2,497.04,248.52,210,300.0,300,2,3,2,7,232,1,0.7018857988369562,1,High,United Kingdom,RFM 7-9 (mid-low)
17336.0,472,1,81.12,81.12,48,,0,1,2,1,4,121,1,0.9090291270963003,1,High,United Kingdom,RFM 3-6 (low)
17337.0,151,4,1897.51,474.3775,1218,52.66666666666666,158,3,4,4,11,344,1,0.4156902479892136,0,Medium,United Kingdom,RFM 10-12 (mid-high)
17338.0,17,17,11783.33,693.1370588235294,5764,38.8125,621,5,5,5,15,555,0,0.0269963100578108,0,Low,United Kingdom,RFM 13-15 (high)
17339.0,94,3,243.36,81.12,152,207.5,415,3,3,1,7,331,2,0.5603932027277053,1,Medium,United Kingdom,RFM 7-9 (mid-low)
17340.0,30,18,18891.89,1049.5494444444444,9381,37.23529411764706,633,4,5,5,14,455,0,0.0346087051775015,0,Low,United Kingdom,RFM 13-15 (high)
17341.0,157,5,1272.21,254.442,831,95.75,383,3,4,4,11,344,1,0.3182771720024251,0,Low,United Kingdom,RFM 10-12 (mid-high)
17342.0,380,4,1155.84,288.96000000000004,499,96.66666666666669,290,2,4,3,9,243,1,0.6149426643773145,1,Medium,United Kingdom,RFM 7-9 (mid-low)
17343.0,355,6,1259.94,209.99,454,76.0,380,2,4,4,10,244,1,0.5320990768610843,1,Medium,United Kingdom,RFM 10-12 (mid-high)
17344.0,46,2,443.86,221.93,198,682.0,682,4,3,2,9,432,2,0.6030254172569641,1,Medium,United Kingdom,RFM 7-9 (mid-low)
17345.0,15,10,1466.33,146.63299999999998,1949,80.22222222222223,722,5,5,4,14,554,0,0.1640875326322355,0,Low,United Kingdom,RFM 13-15 (high)
17346.0,4,26,4933.63,189.755,3421,23.88,597,5,5,5,15,555,0,0.0191983497204021,0,Low,United Kingdom,RFM 13-15 (high)
17347.0,86,1,228.96,228.96,216,,0,3,2,1,6,321,1,0.6169220867987948,1,Medium,United Kingdom,RFM 3-6 (low)
17348.0,15,9,2442.29,271.36555555555555,2766,78.0,624,5,5,4,14,554,0,0.0807089802787836,0,Low,United Kingdom,RFM 13-15 (high)
17349.0,179,5,772.41,154.482,772,113.0,452,3,4,3,10,343,1,0.3688226895049339,0,Low,United Kingdom,RFM 10-12 (mid-high)
17350.0,8,7,1863.821,266.26014285714285,1142,111.33333333333331,668,5,4,4,13,544,2,0.1587340657992433,0,Low,United Kingdom,RFM 13-15 (high)
17351.0,36,12,1988.23,165.6858333333333,383,63.0,693,4,5,4,13,454,0,0.250093705751376,0,Low,United Kingdom,RFM 13-15 (high)
17352.0,696,1,36.25,36.25,15,,0,1,2,1,4,121,1,0.8882636150063913,1,High,United Kingdom,RFM 3-6 (low)
17353.0,129,4,3155.55,788.8875,2136,165.0,495,3,4,5,12,345,2,0.3404712496242673,0,Low,United Kingdom,RFM 10-12 (mid-high)
17354.0,51,4,3133.96,783.49,2531,125.66666666666669,377,4,4,5,13,445,2,0.2222035505746239,0,Low,United Kingdom,RFM 13-15 (high)
17355.0,386,1,273.31,273.31,249,,0,2,2,2,6,222,1,0.7969083069549033,1,High,United Kingdom,RFM 3-6 (low)
17356.0,312,5,946.47,189.294,925,94.0,376,2,4,3,9,243,1,0.5375210180732414,1,Medium,United Kingdom,RFM 7-9 (mid-low)
17357.0,24,2,384.39,192.195,152,0.0,0,4,3,2,9,432,2,0.461252112733333,0,Medium,United Kingdom,RFM 7-9 (mid-low)
17358.0,303,5,861.01,172.202,430,87.5,350,2,4,3,9,243,1,0.6348310764739548,1,Medium,United Kingdom,RFM 7-9 (mid-low)
17359.0,11,2,284.46,142.23,237,636.0,636,5,3,2,10,532,2,0.6821583828425699,1,Medium,United Kingdom,RFM 10-12 (mid-high)
17360.0,17,6,1170.56,195.09333333333333,623,83.4,417,5,4,3,12,543,2,0.2822588648549465,0,Low,United Kingdom,RFM 10-12 (mid-high)
17361.0,49,5,871.79,174.358,380,156.75,627,4,4,3,11,443,2,0.4221424275788494,0,Medium,United Kingdom,RFM 10-12 (mid-high)
17362.0,239,7,1010.54,144.36285714285714,547,77.16666666666667,463,2,4,3,9,243,1,0.4612300031103595,0,Medium,United Kingdom,RFM 7-9 (mid-low)
17363.0,395,3,920.46,306.82,499,3.0,6,2,3,3,8,233,1,0.6583990863902018,1,Medium,United Kingdom,RFM 7-9 (mid-low)
17364.0,1,28,11945.52,426.6257142857143,7442,27.07407407407408,731,5,5,5,15,555,0,0.0199990975553777,0,Low,United Kingdom,RFM 13-15 (high)
17365.0,13,15,8165.34,544.356,8012,47.42857142857143,664,5,5,5,15,555,0,0.0334434714838023,0,Low,United Kingdom,RFM 13-15 (high)
17366.0,432,2,1075.59,537.795,503,23.0,23,1,3,3,7,133,1,0.7176620990961042,1,High,United Kingdom,RFM 7-9 (mid-low)
17367.0,238,1,167.55,167.55,149,,0,2,2,1,5,221,1,0.838682342015547,1,High,United Kingdom,RFM 3-6 (low)
17368.0,23,14,2145.39,153.24214285714285,1603,53.84615384615385,700,4,5,4,13,454,0,0.0992626032616001,0,Low,United Kingdom,RFM 13-15 (high)
17369.0,456,1,979.2,979.2,1152,,0,1,2,3,6,123,1,0.7896209239333534,1,High,United Kingdom,RFM 3-6 (low)
17370.0,73,4,446.18,111.545,540,32.0,96,3,4,2,9,342,2,0.4126634926312627,0,Medium,United Kingdom,RFM 7-9 (mid-low)
17371.0,17,6,655.37,109.22833333333334,281,142.8,714,5,4,3,12,543,2,0.3994938596433608,0,Low,United Kingdom,RFM 10-12 (mid-high)
17372.0,41,28,4295.18,153.39928571428572,1814,25.74074074074074,695,4,5,5,14,455,0,0.0501652334938151,0,Low,United Kingdom,RFM 13-15 (high)
17373.0,40,7,1167.5,166.78571428571428,738,101.5,609,4,4,3,11,443,2,0.3666288246265443,0,Low,United Kingdom,RFM 10-12 (mid-high)
17374.0,219,3,711.21,237.07,153,88.0,176,2,3,3,8,233,1,0.5479496220336244,1,Medium,United Kingdom,RFM 7-9 (mid-low)
17375.0,199,4,632.95,158.2375,474,77.33333333333333,232,2,4,3,9,243,1,0.501652856673407,1,Medium,United Kingdom,RFM 7-9 (mid-low)
17376.0,71,4,453.64,113.41,244,150.66666666666666,452,3,4,2,9,342,2,0.463397229193992,0,Medium,United Kingdom,RFM 7-9 (mid-low)
17377.0,24,78,17176.27,220.20858974358976,7286,9.25974025974026,713,4,5,5,14,455,3,0.0246649877163898,0,Low,United Kingdom,RFM 13-15 (high)
17378.0,374,1,0.0,0.0,0,,0,2,2,1,5,221,1,0.8906838998544541,1,High,United Kingdom,RFM 3-6 (low)
17379.0,11,1,389.72,389.72,623,,0,5,2,2,9,522,2,0.4105373249995337,0,Medium,United Kingdom,RFM 7-9 (mid-low)
17380.0,434,3,643.75,214.5833333333333,251,50.0,100,1,3,3,7,133,1,0.7576180570940559,1,High,United Kingdom,RFM 7-9 (mid-low)
17381.0,9,38,36395.47,957.7755263157896,42876,14.567567567567568,539,5,5,5,15,555,3,0.0240022850035588,0,Low,United Kingdom,RFM 13-15 (high)
17382.0,65,8,902.28,112.785,457,72.0,504,3,5,3,11,353,2,0.3319877261454128,0,Low,United Kingdom,RFM 10-12 (mid-high)
17383.0,4,2,304.09,152.045,160,449.0,449,5,3,2,10,532,2,0.6687033114973433,1,Medium,United Kingdom,RFM 10-12 (mid-high)
17384.0,19,3,507.55,169.18333333333334,121,223.5,447,4,3,2,9,432,2,0.481788054213171,0,Medium,United Kingdom,RFM 7-9 (mid-low)
17385.0,15,1,256.11,256.11,197,,0,5,2,1,8,521,2,0.4448766308611658,0,Medium,United Kingdom,RFM 7-9 (mid-low)
17386.0,8,7,2812.77,401.82428571428574,1955,62.833333333333336,377,5,4,4,13,544,0,0.0921197095145517,0,Low,United Kingdom,RFM 13-15 (high)
17387.0,20,2,746.81,373.405,522,13.0,13,4,3,3,10,433,2,0.319033020679327,0,Low,United Kingdom,RFM 10-12 (mid-high)
17388.0,78,11,2675.37,243.2154545454545,2555,65.1,651,3,5,4,12,354,0,0.0847450365201192,0,Low,United Kingdom,RFM 10-12 (mid-high)
17389.0,1,61,54577.68,894.7160655737705,17518,12.233333333333333,734,5,5,5,15,555,3,0.0260888673148801,0,Low,United Kingdom,RFM 13-15 (high)
17390.0,421,1,149.3,149.3,49,,0,1,2,1,4,121,1,0.8925298274746466,1,High,United Kingdom,RFM 3-6 (low)
17391.0,164,2,508.8,254.4,480,0.0,0,3,3,2,8,332,1,0.5410031604427269,1,Medium,United Kingdom,RFM 7-9 (mid-low)
17392.0,307,3,585.92,195.30666666666664,450,71.5,143,2,3,2,7,232,1,0.6798773290753566,1,Medium,United Kingdom,RFM 7-9 (mid-low)
17393.0,411,2,381.15,190.575,238,77.0,77,1,3,2,6,132,1,0.7946392413417346,1,High,United Kingdom,RFM 3-6 (low)
17394.0,219,1,203.87,203.87,241,,0,2,2,1,5,221,1,0.7258134308560265,1,High,United Kingdom,RFM 3-6 (low)
17395.0,508,1,97.5,97.5,66,,0,1,2,1,4,121,1,0.9137388588272988,1,High,United Kingdom,RFM 3-6 (low)
17396.0,39,14,8177.1,584.0785714285714,2231,30.923076923076923,402,4,5,5,14,455,0,0.0655544219525182,0,Low,United Kingdom,RFM 13-15 (high)
17397.0,22,3,1198.28,399.4266666666667,691,197.0,394,4,3,4,11,434,2,0.4556396367584525,0,Medium,United Kingdom,RFM 10-12 (mid-high)
17398.0,115,3,653.38,217.7933333333333,310,70.0,140,3,3,3,9,333,1,0.4423126763944787,0,Medium,United Kingdom,RFM 7-9 (mid-low)
17400.0,126,8,4623.28,577.91,2185,85.0,595,3,5,5,13,355,0,0.2060129321566853,0,Low,United Kingdom,RFM 13-15 (high)
17401.0,541,1,114.85,114.85,34,,0,1,2,1,4,121,1,0.8953289038587527,1,High,United Kingdom,RFM 3-6 (low)
17402.0,5,23,4601.41,200.06130434782608,1447,32.63636363636363,718,5,5,5,15,555,0,0.0358479528569632,0,Low,United Kingdom,RFM 13-15 (high)
17403.0,36,2,382.87,191.435,188,414.0,414,4,3,2,9,432,2,0.639458696693694,1,Medium,United Kingdom,RFM 7-9 (mid-low)
17404.0,4,23,46006.82,2000.2965217391304,50005,31.681818181818183,697,5,5,5,15,555,3,0.0266286865231911,0,Low,Sweden,RFM 13-15 (high)
17405.0,1,3,967.22,322.4066666666667,705,74.5,149,5,3,3,11,533,2,0.2762944483174356,0,Low,United Kingdom,RFM 10-12 (mid-high)
17406.0,333,13,3874.0,298.0,1827,33.333333333333336,400,2,5,5,12,255,0,0.493763500813582,0,Medium,United Kingdom,RFM 10-12 (mid-high)
17407.0,412,1,552.9,552.9,426,,0,1,2,2,5,122,1,0.7160128467592763,1,High,United Kingdom,RFM 3-6 (low)
17408.0,163,3,164.89,54.96333333333334,91,175.0,350,3,3,1,7,331,1,0.5648443844428825,1,Medium,United Kingdom,RFM 7-9 (mid-low)
17409.0,185,10,7793.51,779.351,4089,60.333333333333336,543,3,5,5,13,355,0,0.2245766594433955,0,Low,United Kingdom,RFM 13-15 (high)
17410.0,16,5,1214.72,242.944,616,49.75,199,5,4,4,13,544,2,0.2629159869386666,0,Low,United Kingdom,RFM 13-15 (high)
17411.0,12,5,1316.53,263.306,581,181.0,724,5,4,4,13,544,2,0.3797123582253814,0,Low,United Kingdom,RFM 13-15 (high)
17412.0,3,16,4187.68,261.73,2527,48.93333333333333,734,5,5,5,15,555,0,0.0401435035962861,0,Low,United Kingdom,RFM 13-15 (high)
17413.0,405,2,560.14,280.07,302,165.0,165,2,3,2,7,232,1,0.6718788935122673,1,Medium,United Kingdom,RFM 7-9 (mid-low)
17414.0,44,6,2249.52,374.92,6256,138.4,692,4,4,4,12,444,2,0.1619292273346144,0,Low,United Kingdom,RFM 10-12 (mid-high)
17415.0,80,1,507.84,507.84,114,,0,3,2,2,7,322,1,0.620798895870405,1,Medium,United Kingdom,RFM 7-9 (mid-low)
17416.0,30,22,17221.47,782.794090909091,8731,33.095238095238095,695,4,5,5,14,455,0,0.0275372129995059,0,Low,United Kingdom,RFM 13-15 (high)
17417.0,549,1,164.18,164.18,76,,0,1,2,1,4,121,1,0.9053226661371796,1,High,United Kingdom,RFM 3-6 (low)
17418.0,42,3,670.0600000000001,223.35333333333327,521,172.0,344,4,3,3,10,433,2,0.4540870888962112,0,Medium,United Kingdom,RFM 10-12 (mid-high)
17419.0,11,18,6100.65,338.92499999999995,2880,39.52941176470589,672,5,5,5,15,555,0,0.0283796487915033,0,Low,United Kingdom,RFM 13-15 (high)
17420.0,50,6,943.68,157.28,444,70.2,351,4,4,3,11,443,2,0.3303033668942017,0,Low,United Kingdom,RFM 10-12 (mid-high)
17421.0,386,3,1059.41,353.1366666666667,807,174.5,349,2,3,3,8,233,1,0.6111009987107187,1,Medium,United Kingdom,RFM 7-9 (mid-low)
17422.0,16,11,3341.65,303.78636363636366,3375,51.8,518,5,5,5,15,555,0,0.0609548171497679,0,Low,United Kingdom,RFM 13-15 (high)
17423.0,46,3,1084.17,361.39,752,173.5,347,4,3,3,10,433,2,0.4435734028777054,0,Medium,United Kingdom,RFM 10-12 (mid-high)
17425.0,19,2,759.17,379.585,407,41.0,41,4,3,3,10,433,2,0.3169727129900654,0,Low,United Kingdom,RFM 10-12 (mid-high)
17426.0,8,13,7606.37,585.1053846153847,5090,54.333333333333336,652,5,5,5,15,555,0,0.0356928863999127,0,Low,United Kingdom,RFM 13-15 (high)
17427.0,72,1,100.8,100.8,34,,0,3,2,1,6,321,1,0.7378760235245524,1,High,United Kingdom,RFM 3-6 (low)
17428.0,1,45,30885.06,686.3346666666667,17243,16.75,737,5,5,5,15,555,3,0.0203603340119532,0,Low,United Kingdom,RFM 13-15 (high)
17429.0,128,5,1342.16,268.432,1276,75.25,301,3,4,4,11,344,2,0.2545896369836695,0,Low,United Kingdom,RFM 10-12 (mid-high)
17430.0,33,4,622.57,155.6425,455,148.66666666666666,446,4,4,3,11,443,2,0.3967043740423297,0,Low,United Kingdom,RFM 10-12 (mid-high)
17431.0,313,1,403.3,403.3,292,,0,2,2,2,6,222,1,0.7650924707727992,1,High,United Kingdom,RFM 3-6 (low)
17432.0,18,9,1728.99,192.11,1008,89.625,717,5,5,4,14,554,0,0.2000394514155576,0,Low,United Kingdom,RFM 13-15 (high)
17433.0,88,2,569.96,284.98,305,297.0,297,3,3,2,8,332,2,0.5303858764229985,1,Medium,United Kingdom,RFM 7-9 (mid-low)
17434.0,2,7,2333.42,333.3457142857143,1685,13.666666666666666,82,5,4,4,13,544,0,0.1152487541888831,0,Low,United Kingdom,RFM 13-15 (high)
17435.0,411,1,331.35,331.35,195,,0,1,2,2,5,122,1,0.8142143367211842,1,High,United Kingdom,RFM 3-6 (low)
17436.0,2,5,521.31,104.262,173,182.5,730,5,4,2,11,542,2,0.4503938870779857,0,Medium,United Kingdom,RFM 10-12 (mid-high)
17437.0,530,1,369.68,369.68,283,,0,1,2,2,5,122,1,0.8378287343996152,1,High,United Kingdom,RFM 3-6 (low)
17438.0,254,5,1412.62,282.524,550,96.75,387,2,4,4,10,244,1,0.4879489332003762,0,Medium,United Kingdom,RFM 10-12 (mid-high)
17439.0,656,1,325.74,325.74,370,,0,1,2,2,5,122,1,0.8342124672233987,1,High,United Kingdom,RFM 3-6 (low)
17440.0,157,4,314.26,78.565,268,130.66666666666666,392,3,4,2,9,342,1,0.5032264697620009,1,Medium,United Kingdom,RFM 7-9 (mid-low)
17441.0,732,1,293.35,293.35,245,,0,1,2,2,5,122,1,0.8211527096989859,1,High,United Kingdom,RFM 3-6 (low)
17442.0,37,15,4517.7,301.18,3109,44.642857142857146,625,4,5,5,14,455,0,0.0442507306318423,0,Low,United Kingdom,RFM 13-15 (high)
17443.0,220,1,534.24,534.24,504,,0,2,2,2,6,222,1,0.6653617670787468,1,Medium,Canada,RFM 3-6 (low)
17444.0,148,3,2940.04,980.0133333333332,2119,12.5,25,3,3,5,11,335,1,0.5032008618625312,1,Medium,Canada,RFM 10-12 (mid-high)
17446.0,177,2,120.9,60.45,198,133.0,133,3,3,1,7,331,1,0.6166767145495505,1,Medium,United Kingdom,RFM 7-9 (mid-low)
17447.0,40,2,541.53,270.765,443,31.0,31,4,3,2,9,432,2,0.362750229719944,0,Low,United Kingdom,RFM 7-9 (mid-low)
17448.0,497,46,10162.38,220.92130434782607,11504,3.2666666666666666,147,1,5,5,11,155,0,0.7610860332943054,1,High,United Kingdom,RFM 10-12 (mid-high)
17449.0,2,13,4852.15,373.2423076923077,2476,60.66666666666666,728,5,5,5,15,555,0,0.039601418066599,0,Low,United Kingdom,RFM 13-15 (high)
17450.0,8,51,231390.55,4537.069607843137,80838,8.58,429,5,5,5,15,555,3,0.0693918293939199,0,Low,United Kingdom,RFM 13-15 (high)
17451.0,1,7,1648.95,235.5642857142857,1178,17.333333333333332,104,5,4,4,13,544,0,0.1441522777799954,0,Low,United Kingdom,RFM 13-15 (high)
17453.0,18,2,486.72,243.36,219,46.0,46,5,3,2,10,532,2,0.377216302438383,0,Low,United Kingdom,RFM 10-12 (mid-high)
17454.0,192,10,1532.64,153.264,721,55.55555555555556,500,2,5,4,11,254,2,0.3576405742021813,0,Low,United Kingdom,RFM 10-12 (mid-high)
17455.0,204,1,131.7,131.7,66,,0,2,2,1,5,221,1,0.8350528749675833,1,High,United Kingdom,RFM 3-6 (low)
17456.0,365,2,975.56,487.78,508,90.0,90,2,3,3,8,233,1,0.6765279299076652,1,Medium,United Kingdom,RFM 7-9 (mid-low)
17457.0,127,14,5799.01,414.215,2635,46.53846153846154,605,3,5,5,13,355,0,0.1667171629211035,0,Low,United Kingdom,RFM 13-15 (high)
17458.0,15,2,529.58,264.79,282,366.0,366,5,3,2,10,532,2,0.5421367607643256,1,Medium,United Kingdom,RFM 10-12 (mid-high)
17459.0,43,2,657.3,328.65,537,16.0,16,4,3,3,10,433,2,0.3808602117817246,0,Low,United Kingdom,RFM 10-12 (mid-high)
17460.0,94,16,1937.1,121.06875,883,39.46666666666667,592,3,5,4,12,354,0,0.1924604127040085,0,Low,United Kingdom,RFM 10-12 (mid-high)
17461.0,23,3,735.82,245.2733333333333,770,3.0,6,4,3,3,10,433,2,0.292300200315046,0,Low,United Kingdom,RFM 10-12 (mid-high)
17462.0,60,2,662.94,331.47,224,223.0,223,3,3,3,9,333,2,0.503140001843635,1,Medium,United Kingdom,RFM 7-9 (mid-low)
17463.0,16,7,2515.26,359.3228571428572,1474,95.33333333333331,572,5,4,4,13,544,2,0.0961395033181968,0,Low,United Kingdom,RFM 13-15 (high)
17464.0,158,3,816.54,272.18,548,230.5,461,3,3,3,9,333,1,0.5419919194635802,1,Medium,United Kingdom,RFM 7-9 (mid-low)
17465.0,426,7,2533.64,361.9485714285714,1470,51.66666666666666,310,1,4,4,9,144,1,0.5048532046551324,1,Medium,United Kingdom,RFM 7-9 (mid-low)
17466.0,10,2,763.28,381.64,306,68.0,68,5,3,3,11,533,2,0.3372747010048973,0,Low,United Kingdom,RFM 10-12 (mid-high)
17467.0,395,1,102.6,102.6,20,,0,2,2,1,5,221,1,0.8949833292645105,1,High,United Kingdom,RFM 3-6 (low)
17468.0,10,3,194.8,64.93333333333334,184,182.0,364,5,3,1,9,531,2,0.5772337898559273,1,Medium,United Kingdom,RFM 7-9 (mid-low)
17469.0,16,17,4958.34,291.66705882352943,2277,44.125,706,5,5,5,15,555,0,0.0336002525327511,0,Low,United Kingdom,RFM 13-15 (high)
17470.0,45,11,2626.47,238.77,2731,46.3,463,4,5,4,13,454,0,0.0813598506730785,0,Low,United Kingdom,RFM 13-15 (high)
17471.0,475,1,321.65000000000003,321.65000000000003,153,,0,1,2,2,5,122,1,0.8286516977060612,1,High,United Kingdom,RFM 3-6 (low)
17472.0,191,4,922.35,230.5875,551,145.66666666666666,437,2,4,3,9,243,1,0.4450618594602122,0,Medium,United Kingdom,RFM 7-9 (mid-low)
17473.0,409,2,592.15,296.075,267,47.0,47,2,3,3,8,233,1,0.752576931150286,1,High,United Kingdom,RFM 7-9 (mid-low)
17474.0,600,1,1047.0,1047.0,200,,0,1,2,3,6,123,1,0.7982237062093412,1,High,United Kingdom,RFM 3-6 (low)
17475.0,79,1,194.37,194.37,178,,0,3,2,1,6,321,1,0.588463861092877,1,Medium,United Kingdom,RFM 3-6 (low)
17476.0,396,2,446.51,223.255,220,341.0,341,2,3,2,7,232,1,0.7262626308677131,1,High,United Kingdom,RFM 7-9 (mid-low)
17477.0,613,2,1079.0,539.5,211,34.0,34,1,3,3,7,133,1,0.7690153918393825,1,High,United Kingdom,RFM 7-9 (mid-low)
17478.0,408,2,1272.8,636.4,516,225.0,225,2,3,4,9,234,1,0.6647869313340142,1,Medium,United Kingdom,RFM 7-9 (mid-low)
17479.0,633,1,389.2600000000001,389.2600000000001,266,,0,1,2,2,5,122,1,0.8195094609012681,1,High,United Kingdom,RFM 3-6 (low)
17480.0,78,2,876.92,438.46,579,366.0,366,3,3,3,9,333,2,0.5934144791501096,1,Medium,United Kingdom,RFM 7-9 (mid-low)
17481.0,4,4,1249.34,312.335,1060,30.0,90,5,4,4,13,544,2,0.2134922330895097,0,Low,United Kingdom,RFM 13-15 (high)
17482.0,487,2,775.64,387.82,240,91.0,91,1,3,3,7,133,1,0.7568993290916083,1,High,United Kingdom,RFM 7-9 (mid-low)
17483.0,65,4,591.73,147.9325,265,116.33333333333331,349,3,4,3,10,343,2,0.4588999806892445,0,Medium,United Kingdom,RFM 10-12 (mid-high)
17484.0,576,2,209.57,104.785,339,47.0,47,1,3,1,5,131,1,0.7912671997132251,1,High,United Kingdom,RFM 3-6 (low)
17486.0,261,1,396.87,396.87,191,,0,2,2,2,6,222,1,0.7353942483107119,1,High,United Kingdom,RFM 3-6 (low)
17487.0,728,1,160.55,160.55,37,,0,1,2,1,4,121,1,0.8882502982272951,1,High,United Kingdom,RFM 3-6 (low)
17488.0,641,1,336.5,336.5,136,,0,1,2,2,5,122,1,0.8296623129849553,1,High,United Kingdom,RFM 3-6 (low)
17489.0,59,2,376.64,188.32,428,153.0,153,3,3,2,8,332,2,0.4704101201740843,0,Medium,United Kingdom,RFM 7-9 (mid-low)
17490.0,1,9,2585.06,287.2288888888889,1418,71.0,568,5,5,4,14,554,0,0.061548385689731,0,Low,United Kingdom,RFM 13-15 (high)
17491.0,1,17,5636.72,331.57176470588234,3361,36.8125,589,5,5,5,15,555,0,0.0210675532428103,0,Low,United Kingdom,RFM 13-15 (high)
17492.0,248,3,1122.42,374.14,450,135.0,270,2,3,3,8,233,1,0.5265423599866006,1,Medium,United Kingdom,RFM 7-9 (mid-low)
17493.0,385,1,100.91,100.91,62,,0,2,2,1,5,221,1,0.9063427345427008,1,High,United Kingdom,RFM 3-6 (low)
17494.0,502,1,54.7,54.7,26,,0,1,2,1,4,121,1,0.8997319470732564,1,High,United Kingdom,RFM 3-6 (low)
17495.0,8,3,759.07,253.0233333333333,358,191.5,383,5,3,3,11,533,2,0.4900246516360146,0,Medium,United Kingdom,RFM 10-12 (mid-high)
17496.0,359,4,1385.89,346.4725,671,111.66666666666669,335,2,4,4,10,244,1,0.585686900804344,1,Medium,United Kingdom,RFM 10-12 (mid-high)
17497.0,390,2,287.25,143.625,59,220.0,220,2,3,2,7,232,1,0.7467550128546776,1,High,United Kingdom,RFM 7-9 (mid-low)
17498.0,76,1,272.22,272.22,394,,0,3,2,2,7,322,1,0.540655868055078,1,Medium,United Kingdom,RFM 7-9 (mid-low)
17499.0,290,2,1296.84,648.42,1077,271.0,271,2,3,4,9,234,1,0.5947958552449595,1,Medium,United Kingdom,RFM 7-9 (mid-low)
17500.0,17,3,1138.0,379.3333333333333,17,6.0,12,5,3,3,11,533,2,0.3960550419207447,0,Low,United Kingdom,RFM 10-12 (mid-high)
17501.0,221,2,288.6,144.3,160,0.0,0,2,3,2,7,232,1,0.6586275939329647,1,Medium,United Kingdom,RFM 7-9 (mid-low)
17502.0,9,4,689.1,172.275,376,6.333333333333333,19,5,4,3,12,543,2,0.3451962614080707,0,Low,United Kingdom,RFM 10-12 (mid-high)
17503.0,3,2,558.96,279.48,486,35.0,35,5,3,2,10,532,2,0.303506861288514,0,Low,United Kingdom,RFM 10-12 (mid-high)
17504.0,206,18,9238.42,513.2455555555556,5212,27.23529411764705,463,2,5,5,12,255,0,0.4241121327600923,0,Medium,United Kingdom,RFM 10-12 (mid-high)
17505.0,162,5,2435.48,487.096,1242,110.75,443,3,4,4,11,344,1,0.2197308140674641,0,Low,United Kingdom,RFM 10-12 (mid-high)
17506.0,76,1,294.29,294.29,136,,0,3,2,2,7,322,1,0.5555337227073381,1,Medium,United Kingdom,RFM 7-9 (mid-low)
17507.0,262,2,605.58,302.79,359,47.0,47,2,3,3,8,233,1,0.6125342996342433,1,Medium,United Kingdom,RFM 7-9 (mid-low)
17508.0,281,8,4546.78,568.3475,2880,64.42857142857143,451,2,5,5,12,255,1,0.3705664203208234,0,Low,Greece,RFM 10-12 (mid-high)
17509.0,58,8,6069.24,758.655,3508,0.7142857142857143,5,4,5,5,14,455,0,0.2219833735591999,0,Low,United Kingdom,RFM 13-15 (high)
17510.0,25,2,514.56,257.28,422,395.0,395,4,3,2,9,432,2,0.5205081638523297,1,Medium,United Kingdom,RFM 7-9 (mid-low)
17511.0,3,60,168491.62,2808.1936666666666,115449,12.440677966101696,734,5,5,5,15,555,3,0.0276596364397563,0,Low,United Kingdom,RFM 13-15 (high)
17512.0,29,18,5432.27,301.7927777777778,5421,41.1764705882353,700,4,5,5,14,455,0,0.0325632692042297,0,Low,United Kingdom,RFM 13-15 (high)
17513.0,72,3,1158.8,386.26666666666665,440,203.5,407,3,3,3,9,333,2,0.5444572607324077,1,Medium,United Kingdom,RFM 7-9 (mid-low)
17514.0,128,2,522.0,261.0,284,541.0,541,3,3,2,8,332,1,0.5553975116200928,1,Medium,United Kingdom,RFM 7-9 (mid-low)
17515.0,31,9,1602.51,178.05666666666667,527,64.875,519,4,5,4,13,454,0,0.2260880803425433,0,Low,United Kingdom,RFM 13-15 (high)
17516.0,15,6,947.5,157.91666666666666,522,72.6,363,5,4,3,12,543,2,0.3368503828298429,0,Low,United Kingdom,RFM 10-12 (mid-high)
17517.0,309,1,153.94,153.94,102,,0,2,2,1,5,221,1,0.8745871392323068,1,High,United Kingdom,RFM 3-6 (low)
17518.0,426,2,329.42,164.71,267,195.0,195,1,3,2,6,132,1,0.7633511632788645,1,High,United Kingdom,RFM 3-6 (low)
17519.0,17,15,4767.5,317.8333333333333,3226,51.5,721,5,5,5,15,555,0,0.0371600294336106,0,Low,United Kingdom,RFM 13-15 (high)
17520.0,54,1,546.81,546.81,365,,0,4,2,2,8,422,2,0.5081829474916075,1,Medium,United Kingdom,RFM 7-9 (mid-low)
17521.0,30,5,1276.81,255.362,805,101.0,404,4,4,4,12,444,2,0.2219314101283371,0,Low,United Kingdom,RFM 10-12 (mid-high)
17522.0,2,5,1070.71,214.142,1034,54.0,216,5,4,3,12,543,2,0.219945588269654,0,Low,United Kingdom,RFM 10-12 (mid-high)
17523.0,11,4,652.74,163.185,872,2.333333333333333,7,5,4,3,12,543,2,0.2996809051432975,0,Low,United Kingdom,RFM 10-12 (mid-high)
17524.0,361,3,508.9,169.63333333333333,290,38.0,76,2,3,2,7,232,1,0.7185109093670041,1,High,United Kingdom,RFM 7-9 (mid-low)
17525.0,360,3,1161.9,387.3,338,34.5,69,2,3,3,8,233,1,0.6724780424002563,1,Medium,United Kingdom,RFM 7-9 (mid-low)
17526.0,5,12,3450.04,287.50333333333333,1389,65.18181818181819,717,5,5,5,15,555,0,0.0598121205146233,0,Low,United Kingdom,RFM 13-15 (high)
17527.0,54,4,888.86,222.215,463,54.66666666666666,164,4,4,3,11,443,2,0.3629438531488786,0,Low,United Kingdom,RFM 10-12 (mid-high)
17528.0,1,8,3540.1,442.5125,2130,10.0,70,5,5,5,15,555,0,0.1027585686603407,0,Low,United Kingdom,RFM 13-15 (high)
17529.0,610,2,1240.25,620.125,790,87.0,87,1,3,4,8,134,1,0.6848763371260987,1,Medium,United Kingdom,RFM 7-9 (mid-low)
17530.0,1,12,2790.74,232.56166666666664,1740,66.54545454545455,732,5,5,4,14,554,0,0.0514129346273891,0,Low,United Kingdom,RFM 13-15 (high)
17531.0,190,3,1191.22,397.0733333333333,460,214.0,428,2,3,4,9,234,1,0.568594062530134,1,Medium,United Kingdom,RFM 7-9 (mid-low)
17532.0,386,1,65.34,65.34,30,,0,2,2,1,5,221,1,0.8864420956932907,1,High,United Kingdom,RFM 3-6 (low)
17533.0,435,1,34.8,34.8,24,,0,1,2,1,4,121,1,0.8734354110611112,1,High,United Kingdom,RFM 3-6 (low)
17534.0,54,5,1668.83,333.766,860,149.5,598,4,4,4,12,444,2,0.267940061802659,0,Low,United Kingdom,RFM 10-12 (mid-high)
17535.0,280,1,164.4,164.4,136,,0,2,2,1,5,221,1,0.861099534786385,1,High,United Kingdom,RFM 3-6 (low)
17536.0,177,3,364.83,121.61,201,252.5,505,3,3,2,8,332,1,0.5136793775364726,1,Medium,United Kingdom,RFM 7-9 (mid-low)
17537.0,30,2,887.67,443.835,699,273.0,273,4,3,3,10,433,2,0.4425676557620991,0,Medium,United Kingdom,RFM 10-12 (mid-high)
17538.0,26,1,98.42,98.42,134,,0,4,2,1,7,421,2,0.6734407752210277,1,Medium,United Kingdom,RFM 7-9 (mid-low)
17539.0,618,4,997.34,249.335,696,36.0,108,1,4,3,8,143,1,0.6945150103043316,1,Medium,United Kingdom,RFM 7-9 (mid-low)
17540.0,25,6,1582.1,263.68333333333334,587,115.0,575,4,4,4,12,444,2,0.3470450133195244,0,Low,United Kingdom,RFM 10-12 (mid-high)
17541.0,510,1,119.86,119.86,44,,0,1,2,1,4,121,1,0.9063977574435172,1,High,United Kingdom,RFM 3-6 (low)
17542.0,270,3,340.85,113.61666666666667,323,185.5,371,2,3,2,7,232,1,0.5425769011746691,1,Medium,United Kingdom,RFM 7-9 (mid-low)
17543.0,550,1,120.05,120.05,62,,0,1,2,1,4,121,1,0.90925147295704,1,High,United Kingdom,RFM 3-6 (low)
17544.0,390,3,944.82,314.94,410,0.0,0,2,3,3,8,233,1,0.6948586524580891,1,Medium,United Kingdom,RFM 7-9 (mid-low)
17545.0,43,6,1409.86,234.9766666666667,682,106.8,534,4,4,4,12,444,2,0.2825472884383487,0,Low,United Kingdom,RFM 10-12 (mid-high)
17547.0,376,2,692.35,346.175,213,289.0,289,2,3,3,8,233,1,0.6731911694681604,1,Medium,United Kingdom,RFM 7-9 (mid-low)
17548.0,234,4,486.48,121.62,304,54.0,162,2,4,2,8,242,1,0.6152962147493711,1,Medium,United Kingdom,RFM 7-9 (mid-low)
17549.0,24,2,148.86,74.43,210,27.0,27,4,3,1,8,431,2,0.550139618919526,1,Medium,United Kingdom,RFM 7-9 (mid-low)
17550.0,197,9,2165.54,240.6155555555556,908,59.0,472,2,5,4,11,254,2,0.3014367242436698,0,Low,United Kingdom,RFM 10-12 (mid-high)
17551.0,359,1,290.34,290.34,142,,0,2,2,2,6,222,1,0.802962443492165,1,High,United Kingdom,RFM 3-6 (low)
17552.0,60,12,2740.68,228.39,1928,51.54545454545455,567,3,5,4,12,354,0,0.0626451472940772,0,Low,United Kingdom,RFM 10-12 (mid-high)
17553.0,130,4,3757.6,939.4,2288,160.33333333333334,481,3,4,5,12,345,2,0.3638759606761486,0,Low,United Kingdom,RFM 10-12 (mid-high)
17554.0,1,5,1952.45,390.49,1763,36.5,146,5,4,4,13,544,2,0.1588432564306934,0,Low,United Kingdom,RFM 13-15 (high)
17555.0,20,5,1045.74,209.148,739,141.5,566,4,4,3,11,443,2,0.3338514510780963,0,Low,United Kingdom,RFM 10-12 (mid-high)
17556.0,206,2,300.67,150.335,184,173.0,173,2,3,2,7,232,1,0.6071087952829122,1,Medium,United Kingdom,RFM 7-9 (mid-low)
17557.0,14,4,575.46,143.865,310,239.3333333333333,718,5,4,2,11,542,2,0.4766731696464383,0,Medium,United Kingdom,RFM 10-12 (mid-high)
17558.0,393,1,259.17,259.17,54,,0,2,2,1,5,221,1,0.8568590834771324,1,High,United Kingdom,RFM 3-6 (low)
17559.0,513,1,167.62,167.62,270,,0,1,2,1,4,121,1,0.8865248292740189,1,High,United Kingdom,RFM 3-6 (low)
17560.0,95,9,1895.8,210.64444444444445,1604,70.625,565,3,5,4,12,354,2,0.1531945964852228,0,Low,United Kingdom,RFM 10-12 (mid-high)
17561.0,19,4,703.02,175.755,381,237.66666666666663,713,4,4,3,11,443,2,0.482933427544884,0,Medium,United Kingdom,RFM 10-12 (mid-high)
17562.0,14,7,1107.38,158.19714285714286,813,26.5,159,5,4,3,12,543,2,0.2240394031878007,0,Low,United Kingdom,RFM 10-12 (mid-high)
17563.0,578,2,309.28000000000003,154.64,227,33.0,33,1,3,2,6,132,1,0.7943672785628161,1,High,United Kingdom,RFM 3-6 (low)
17564.0,24,3,454.01,151.33666666666667,146,27.5,55,4,3,2,9,432,2,0.4032908567463628,0,Medium,United Kingdom,RFM 7-9 (mid-low)
17565.0,587,1,131.83,131.83,67,,0,1,2,1,4,121,1,0.8950423688739915,1,High,United Kingdom,RFM 3-6 (low)
17566.0,8,2,869.77,434.885,497,17.0,17,5,3,3,11,533,2,0.3307602186567122,0,Low,United Kingdom,RFM 10-12 (mid-high)
17567.0,7,9,4519.16,502.12888888888887,2704,54.25,434,5,5,5,15,555,0,0.0678457510701253,0,Low,United Kingdom,RFM 13-15 (high)
17568.0,633,1,374.45,374.45,275,,0,1,2,2,5,122,1,0.8323766846769702,1,High,United Kingdom,RFM 3-6 (low)
17569.0,332,1,344.14,344.14,159,,0,2,2,2,6,222,1,0.8130593971670282,1,High,United Kingdom,RFM 3-6 (low)
17570.0,382,1,0.0,0.0,0,,0,2,2,1,5,221,1,0.8906838998544541,1,High,United Kingdom,RFM 3-6 (low)
17571.0,50,5,1630.91,326.182,991,123.0,492,4,4,4,12,444,2,0.2380686459581472,0,Low,United Kingdom,RFM 10-12 (mid-high)
17572.0,71,10,652.21,65.221,327,72.55555555555556,653,3,5,3,11,353,2,0.3579614586945041,0,Low,United Kingdom,RFM 10-12 (mid-high)
17573.0,29,3,362.9,120.96666666666664,302,32.0,64,4,3,2,9,432,2,0.4201881875656926,0,Medium,United Kingdom,RFM 7-9 (mid-low)
17574.0,243,1,185.65,185.65,77,,0,2,2,1,5,221,1,0.8065404017209359,1,High,United Kingdom,RFM 3-6 (low)
17575.0,667,1,171.7,171.7,72,,0,1,2,1,4,121,1,0.8998562008271922,1,High,United Kingdom,RFM 3-6 (low)
17576.0,8,41,8540.8,208.3121951219512,4538,18.2,728,5,5,5,15,555,0,0.0206616092320402,0,Low,United Kingdom,RFM 13-15 (high)
17577.0,645,2,348.75,174.375,179,23.0,23,1,3,2,6,132,1,0.7913137151569455,1,High,United Kingdom,RFM 3-6 (low)
17578.0,218,7,1003.73,143.39,471,51.833333333333336,311,2,4,3,9,243,1,0.5548573405046278,1,Medium,United Kingdom,RFM 7-9 (mid-low)
17579.0,5,4,744.58,186.145,373,191.0,573,5,4,3,12,543,2,0.4516253977717778,0,Medium,United Kingdom,RFM 10-12 (mid-high)
17580.0,253,5,541.02,108.204,223,42.25,169,2,4,2,8,242,1,0.6953931698526771,1,Medium,United Kingdom,RFM 7-9 (mid-low)
17581.0,1,43,17440.89,405.6020930232558,9424,17.5,735,5,5,5,15,555,3,0.0197080540027073,0,Low,United Kingdom,RFM 13-15 (high)
17582.0,236,5,1429.95,285.99,601,96.75,387,2,4,4,10,244,1,0.479182834186743,0,Medium,United Kingdom,RFM 10-12 (mid-high)
17583.0,560,1,135.95,135.95,55,,0,1,2,1,4,121,1,0.8927970362371996,1,High,United Kingdom,RFM 3-6 (low)
17584.0,7,6,5294.42,882.4033333333333,2452,135.2,676,5,4,5,14,545,0,0.131118195173557,0,Low,United Kingdom,RFM 13-15 (high)
17585.0,109,7,2064.71,294.9585714285714,2510,61.333333333333336,368,3,4,4,11,344,2,0.1740449012701303,0,Low,United Kingdom,RFM 10-12 (mid-high)
17586.0,619,1,167.4,167.4,68,,0,1,2,1,4,121,1,0.897735938188019,1,High,United Kingdom,RFM 3-6 (low)
17587.0,628,1,176.71,176.71,67,,0,1,2,1,4,121,1,0.9027962499532696,1,High,United Kingdom,RFM 3-6 (low)
17588.0,100,7,2901.65,414.5214285714286,1367,89.5,537,3,4,5,12,345,2,0.1418378918245916,0,Low,United Kingdom,RFM 10-12 (mid-high)
17589.0,60,18,13692.89,760.7161111111111,8652,34.23529411764706,582,3,5,5,13,355,0,0.044635620520416,0,Low,United Kingdom,RFM 13-15 (high)
17590.0,2,3,1468.02,489.34,822,18.5,37,5,3,4,12,534,2,0.2408284006081287,0,Low,United Kingdom,RFM 10-12 (mid-high)
17591.0,73,8,2328.37,291.04625,1027,88.14285714285714,617,3,5,4,12,354,2,0.1871510756871207,0,Low,United Kingdom,RFM 10-12 (mid-high)
17592.0,739,1,0.0,0.0,0,,0,1,2,1,4,121,1,0.8770682653353012,1,High,United Kingdom,RFM 3-6 (low)
17593.0,4,11,8040.52,730.9563636363637,5575,73.1,731,5,5,5,15,555,0,0.0497196527629867,0,Low,United Kingdom,RFM 13-15 (high)
17594.0,85,4,2497.88,624.47,1368,173.0,519,3,4,4,11,344,2,0.3019913779449268,0,Low,United Kingdom,RFM 10-12 (mid-high)
17595.0,12,2,386.69,193.345,228,24.0,24,5,3,2,10,532,2,0.4152918941108016,0,Medium,United Kingdom,RFM 10-12 (mid-high)
17596.0,23,13,4478.11,344.47,7003,58.41666666666666,701,4,5,5,14,455,0,0.0454109265319261,0,Low,United Kingdom,RFM 13-15 (high)
17597.0,214,5,3425.29,685.058,2205,92.25,369,2,4,5,11,245,1,0.3197388216992114,0,Low,United Kingdom,RFM 10-12 (mid-high)
17598.0,381,1,409.98,409.98,126,,0,2,2,2,6,222,1,0.7490026169527395,1,High,United Kingdom,RFM 3-6 (low)
17599.0,478,1,44.55,44.55,9,,0,1,2,1,4,121,1,0.881473233306209,1,High,United Kingdom,RFM 3-6 (low)
17600.0,18,1,161.67000000000002,161.67000000000002,144,,0,5,2,1,8,521,2,0.5586658191025571,1,Medium,United Kingdom,RFM 7-9 (mid-low)
17601.0,239,2,413.08,206.54,295,141.0,141,2,3,2,7,232,1,0.5988759285271575,1,Medium,United Kingdom,RFM 7-9 (mid-low)
17602.0,2,14,7240.73,517.1949999999999,5858,47.38461538461539,616,5,5,5,15,555,0,0.0331460826510387,0,Low,United Kingdom,RFM 13-15 (high)
17603.0,78,4,114.91,28.7275,508,217.0,651,3,4,1,8,341,2,0.4620752023964795,0,Medium,United Kingdom,RFM 7-9 (mid-low)
17604.0,217,6,942.38,157.06333333333333,614,92.8,464,2,4,3,9,243,1,0.4717801016881255,0,Medium,United Kingdom,RFM 7-9 (mid-low)
17605.0,590,1,160.75,160.75,71,,0,1,2,1,4,121,1,0.8937081984990674,1,High,United Kingdom,RFM 3-6 (low)
17606.0,737,1,87.30000000000001,87.30000000000001,42,,0,1,2,1,4,121,1,0.9050049223131268,1,High,United Kingdom,RFM 3-6 (low)
17607.0,376,1,333.81,333.81,269,,0,2,2,2,6,222,1,0.8044022586692351,1,High,United Kingdom,RFM 3-6 (low)
17608.0,33,4,488.06,122.015,528,191.0,573,4,4,2,10,442,2,0.4577412465562968,0,Medium,United Kingdom,RFM 10-12 (mid-high)
17609.0,41,11,1752.55,159.32272727272726,1244,56.8,568,4,5,4,13,454,0,0.1355605025108951,0,Low,United Kingdom,RFM 13-15 (high)
17610.0,540,5,1410.29,282.058,873,48.25,193,1,4,4,9,144,1,0.6342845955473172,1,Medium,United Kingdom,RFM 7-9 (mid-low)
17611.0,7,28,8170.93,291.81892857142856,5268,27.07407407407408,731,5,5,5,15,555,0,0.0193842902716124,0,Low,United Kingdom,RFM 13-15 (high)
17612.0,53,18,5156.14,286.45222222222225,3461,39.35294117647059,669,4,5,5,14,455,0,0.0427341037314965,0,Low,United Kingdom,RFM 13-15 (high)
17613.0,23,14,4494.77,321.055,2464,21.692307692307693,282,4,5,5,14,455,0,0.0701819429186644,0,Low,United Kingdom,RFM 13-15 (high)
17614.0,57,1,386.32,386.32,235,,0,4,2,2,8,422,2,0.5452188300900196,1,Medium,United Kingdom,RFM 7-9 (mid-low)
17615.0,130,6,714.3,119.05,372,71.0,355,3,4,3,10,343,2,0.3985782128372594,0,Low,United Kingdom,RFM 10-12 (mid-high)
17616.0,174,4,734.4,183.6,288,92.33333333333331,277,3,4,3,10,343,1,0.4838180939894467,0,Medium,United Kingdom,RFM 10-12 (mid-high)
17617.0,559,1,227.14,227.14,220,,0,1,2,1,4,121,1,0.8457686227145108,1,High,United Kingdom,RFM 3-6 (low)
17618.0,6,11,3976.34,361.48545454545456,1793,67.9,679,5,5,5,15,555,0,0.0579661916891379,0,Low,United Kingdom,RFM 13-15 (high)
17619.0,312,1,214.37,214.37,124,,0,2,2,1,5,221,1,0.8363445978413578,1,High,United Kingdom,RFM 3-6 (low)
17620.0,60,1,81.44,81.44,60,,0,3,2,1,6,321,2,0.7549820332130212,1,High,United Kingdom,RFM 3-6 (low)
17621.0,21,6,3029.32,504.8866666666667,1094,82.0,410,4,4,5,13,445,2,0.1113278796109804,0,Low,United Kingdom,RFM 13-15 (high)
17622.0,598,2,1125.17,562.585,367,0.0,0,1,3,3,7,133,1,0.7228187492501816,1,High,United Kingdom,RFM 7-9 (mid-low)
17623.0,33,7,2365.77,337.96714285714285,799,115.33333333333331,692,4,4,4,12,444,2,0.1989115893785143,0,Low,United Kingdom,RFM 10-12 (mid-high)
17624.0,15,4,1568.63,392.1575,958,234.66666666666663,704,5,4,4,13,544,2,0.363006271573125,0,Low,United Kingdom,RFM 13-15 (high)
17625.0,18,8,5978.9,747.3625,3505,100.85714285714286,706,5,5,5,15,555,0,0.1028807251147127,0,Low,United Kingdom,RFM 13-15 (high)
17626.0,603,1,254.0,254.0,202,,0,1,2,1,4,121,1,0.8406812077649994,1,High,United Kingdom,RFM 3-6 (low)
17627.0,479,1,285.11,285.11,673,,0,1,2,2,5,122,1,0.8196413066927088,1,High,United Kingdom,RFM 3-6 (low)
17628.0,81,1,75.75,75.75,79,,0,3,2,1,6,321,1,0.7586698729695504,1,High,United Kingdom,RFM 3-6 (low)
17629.0,6,10,2425.52,242.552,1895,46.11111111111112,415,5,5,4,14,554,0,0.070907010069679,0,Low,United Kingdom,RFM 13-15 (high)
17630.0,170,2,503.6,251.8,158,62.0,62,3,3,2,8,332,1,0.5983382999612351,1,Medium,United Kingdom,RFM 7-9 (mid-low)
17631.0,2,7,998.49,142.64142857142858,591,121.33333333333331,728,5,4,3,12,543,2,0.4075447257422787,0,Medium,United Kingdom,RFM 10-12 (mid-high)
17633.0,31,7,1974.89,282.12714285714287,885,59.5,357,4,4,4,12,444,2,0.1585111564848713,0,Low,United Kingdom,RFM 10-12 (mid-high)
17634.0,36,9,2358.59,262.0655555555556,838,37.625,301,4,5,4,13,454,0,0.1429049834780635,0,Low,United Kingdom,RFM 13-15 (high)
17635.0,424,3,1256.83,418.9433333333333,763,83.0,166,1,3,4,8,134,1,0.6529876169449064,1,Medium,United Kingdom,RFM 7-9 (mid-low)
17636.0,19,1,265.93,265.93,176,,0,4,2,1,7,421,2,0.4502780014827853,0,Medium,United Kingdom,RFM 7-9 (mid-low)
17637.0,31,2,547.0600000000001,273.53000000000003,280,83.0,83,4,3,2,9,432,2,0.3757583266596742,0,Low,United Kingdom,RFM 7-9 (mid-low)
17638.0,647,2,842.4,421.2,432,74.0,74,1,3,3,7,133,1,0.693785949282735,1,Medium,United Kingdom,RFM 7-9 (mid-low)
17639.0,276,6,615.17,102.52833333333332,576,41.4,207,2,4,3,9,243,1,0.7233438320867674,1,High,United Kingdom,RFM 7-9 (mid-low)
17640.0,87,6,3107.59,517.9316666666667,1671,107.8,539,3,4,5,12,345,2,0.1528191078041301,0,Low,United Kingdom,RFM 10-12 (mid-high)
17642.0,120,5,1824.49,364.898,1475,153.5,614,3,4,4,11,344,2,0.2934512868787234,0,Low,United Kingdom,RFM 10-12 (mid-high)
17643.0,373,2,439.7,219.85,226,132.0,132,2,3,2,7,232,1,0.7636022834034963,1,High,United Kingdom,RFM 7-9 (mid-low)
17644.0,1,20,5864.54,293.227,3410,34.73684210526316,660,5,5,5,15,555,0,0.0198257200291633,0,Low,United Kingdom,RFM 13-15 (high)
17646.0,219,12,3843.16,320.2633333333334,1299,45.81818181818182,504,2,5,5,12,255,0,0.3817536060623036,0,Low,United Kingdom,RFM 10-12 (mid-high)
17647.0,65,3,331.66,110.55333333333331,82,302.0,604,3,3,2,8,332,2,0.4943188363103574,0,Medium,United Kingdom,RFM 7-9 (mid-low)
17648.0,61,5,2208.42,441.684,953,81.0,324,3,4,4,11,344,2,0.1732531627366636,0,Low,United Kingdom,RFM 10-12 (mid-high)
17649.0,138,3,1542.44,514.1466666666666,716,167.0,334,3,3,4,10,334,1,0.506285326038039,1,Medium,United Kingdom,RFM 10-12 (mid-high)
17650.0,21,1,166.08,166.08,150,,0,4,2,1,7,421,2,0.524772243300763,1,Medium,United Kingdom,RFM 7-9 (mid-low)
17651.0,12,16,5632.59,352.036875,4062,34.266666666666666,514,5,5,5,15,555,0,0.024626846268523,0,Low,United Kingdom,RFM 13-15 (high)
17652.0,25,12,4737.13,394.7608333333333,2479,23.181818181818183,255,4,5,5,14,455,0,0.0768520088920438,0,Low,United Kingdom,RFM 13-15 (high)
17653.0,37,4,1175.88,293.97,1401,27.666666666666668,83,4,4,3,11,443,2,0.2467822317723302,0,Low,United Kingdom,RFM 10-12 (mid-high)
17654.0,277,1,117.55,117.55,41,,0,2,2,1,5,221,1,0.8915595018589302,1,High,United Kingdom,RFM 3-6 (low)
17655.0,11,9,2909.1800000000003,323.24222222222227,1108,50.75,406,5,5,5,15,555,0,0.0866233525346499,0,Low,United Kingdom,RFM 13-15 (high)
17656.0,73,5,1674.69,334.938,1399,13.75,55,3,4,4,11,344,2,0.1643915618769139,0,Low,United Kingdom,RFM 10-12 (mid-high)
17657.0,430,1,126.0,126.0,60,,0,1,2,1,4,121,1,0.9045408746305708,1,High,United Kingdom,RFM 3-6 (low)
17658.0,26,2,485.88,242.94,522,185.0,185,4,3,2,9,432,2,0.4152892521253969,0,Medium,United Kingdom,RFM 7-9 (mid-low)
17659.0,17,14,3536.33,252.595,1712,28.307692307692307,368,5,5,5,15,555,0,0.0736144407352193,0,Low,United Kingdom,RFM 13-15 (high)
17660.0,141,2,342.22,171.11,259,595.0,595,3,3,2,8,332,1,0.6246286684931995,1,Medium,United Kingdom,RFM 7-9 (mid-low)
17662.0,662,2,412.92,206.46,184,60.0,60,1,3,2,6,132,1,0.7857370916255881,1,High,United Kingdom,RFM 3-6 (low)
17663.0,26,17,5081.04,298.88470588235293,2268,38.6875,619,4,5,5,14,455,0,0.0298104588314891,0,Low,United Kingdom,RFM 13-15 (high)
17664.0,19,4,1166.23,291.5575,1058,200.3333333333333,601,4,4,3,11,443,2,0.3540862564492544,0,Low,United Kingdom,RFM 10-12 (mid-high)
17665.0,493,1,563.1,563.1,690,,0,1,2,2,5,122,1,0.7459156819151095,1,High,United Kingdom,RFM 3-6 (low)
17666.0,4,5,2047.8,409.56,1552,130.75,523,5,4,4,13,544,2,0.1662232963160655,0,Low,United Kingdom,RFM 13-15 (high)
17667.0,66,9,3883.8,431.53333333333336,2188,73.5,588,3,5,5,13,355,0,0.0845913639168157,0,Low,United Kingdom,RFM 13-15 (high)
17668.0,1,2,347.75,173.875,93,36.0,36,5,3,2,10,532,2,0.3988920930952451,0,Low,United Kingdom,RFM 10-12 (mid-high)
17669.0,43,10,6142.35,614.235,3505,63.77777777777778,574,4,5,5,14,455,0,0.0574170294488224,0,Low,United Kingdom,RFM 13-15 (high)
17670.0,228,1,205.7,205.7,110,,0,2,2,1,5,221,1,0.7285549110022225,1,High,United Kingdom,RFM 3-6 (low)
17671.0,16,5,1720.53,344.106,874,90.0,360,5,4,4,13,544,2,0.2065209851543787,0,Low,United Kingdom,RFM 13-15 (high)
17672.0,50,6,5592.1900000000005,932.0316666666668,2739,118.2,591,4,4,5,13,445,0,0.118681379225263,0,Low,United Kingdom,RFM 13-15 (high)
17673.0,2,13,4156.63,319.7407692307692,3279,52.333333333333336,628,5,5,5,15,555,0,0.0410548837194062,0,Low,United Kingdom,RFM 13-15 (high)
17674.0,74,2,551.04,275.52,672,294.0,294,3,3,2,8,332,2,0.4806994380597009,0,Medium,United Kingdom,RFM 7-9 (mid-low)
17675.0,1,70,37064.32,529.4902857142857,16026,10.55072463768116,728,5,5,5,15,555,3,0.0230897311477003,0,Low,United Kingdom,RFM 13-15 (high)
17676.0,4,10,2405.32,240.532,1698,68.33333333333333,615,5,5,4,14,554,0,0.0629797354269053,0,Low,United Kingdom,RFM 13-15 (high)
17677.0,2,54,34232.18,633.9292592592593,20731,13.60377358490566,721,5,5,5,15,555,3,0.0244783429164043,0,Low,United Kingdom,RFM 13-15 (high)
17678.0,264,2,579.81,289.905,367,339.0,339,2,3,2,7,232,1,0.5422902936866877,1,Medium,United Kingdom,RFM 7-9 (mid-low)
17679.0,53,7,3166.56,452.3657142857143,1414,113.83333333333331,683,4,4,5,13,445,2,0.11414802183081,0,Low,United Kingdom,RFM 13-15 (high)
17680.0,24,3,462.5,154.16666666666666,154,243.5,487,4,3,2,9,432,2,0.4896244994743702,0,Medium,United Kingdom,RFM 7-9 (mid-low)
17681.0,597,5,529.6,105.92,354,24.0,96,1,4,2,7,142,1,0.7429345589132904,1,High,United Kingdom,RFM 7-9 (mid-low)
17682.0,10,11,4050.28,368.2072727272728,2279,63.1,631,5,5,5,15,555,0,0.0588816254804058,0,Low,United Kingdom,RFM 13-15 (high)
17683.0,386,3,819.01,273.00333333333333,781,84.0,168,2,3,3,8,233,1,0.6633250603625455,1,Medium,United Kingdom,RFM 7-9 (mid-low)
17684.0,44,1,239.41,239.41,145,,0,4,2,1,7,421,2,0.4722701241438847,0,Medium,United Kingdom,RFM 7-9 (mid-low)
17685.0,17,12,5439.95,453.32916666666665,3462,59.0,649,5,5,5,15,555,0,0.0384925583921465,0,Low,United Kingdom,RFM 13-15 (high)
17686.0,7,9,8296.81,921.8677777777776,3583,65.75,526,5,5,5,15,555,0,0.0587211620893356,0,Low,United Kingdom,RFM 13-15 (high)
17687.0,421,1,432.68,432.68,210,,0,1,2,2,5,122,1,0.7801839881553124,1,High,United Kingdom,RFM 3-6 (low)
17688.0,394,1,286.5,286.5,108,,0,2,2,2,6,222,1,0.7957138928120652,1,High,United Kingdom,RFM 3-6 (low)
17689.0,388,2,317.08,158.54,300,85.0,85,2,3,2,7,232,1,0.7577768912334308,1,High,United Kingdom,RFM 7-9 (mid-low)
17690.0,30,20,6954.3,347.71500000000003,2933,33.89473684210526,644,4,5,5,14,455,0,0.025623677819595,0,Low,United Kingdom,RFM 13-15 (high)
17691.0,358,4,627.35,156.8375,303,62.66666666666666,188,2,4,3,9,243,1,0.6702943405663712,1,Medium,United Kingdom,RFM 7-9 (mid-low)
17692.0,127,12,2962.4,246.86666666666667,2330,37.54545454545455,413,3,5,5,13,355,0,0.1645630551331805,0,Low,United Kingdom,RFM 13-15 (high)
17693.0,137,1,187.02,187.02,229,,0,3,2,1,6,321,1,0.6954650666607313,1,Medium,United Kingdom,RFM 3-6 (low)
17694.0,142,3,1695.97,565.3233333333334,1493,210.5,421,3,3,4,10,334,1,0.4775832659182831,0,Medium,United Kingdom,RFM 10-12 (mid-high)
17695.0,132,5,1720.54,344.108,1803,137.25,549,3,4,4,11,344,2,0.3097390759165788,0,Low,United Kingdom,RFM 10-12 (mid-high)
17696.0,38,27,7380.89,273.3662962962963,5749,26.53846153846154,690,4,5,5,14,455,0,0.0334373002078538,0,Low,United Kingdom,RFM 13-15 (high)
17697.0,236,1,338.95,338.95,93,,0,2,2,2,6,222,1,0.7419954045498497,1,High,United Kingdom,RFM 3-6 (low)
17698.0,261,1,154.95,154.95,93,,0,2,2,1,5,221,1,0.8219652961248167,1,High,United Kingdom,RFM 3-6 (low)
17699.0,477,2,442.0,221.0,208,84.0,84,1,3,2,6,132,1,0.7930587857642712,1,High,United Kingdom,RFM 3-6 (low)
17700.0,17,14,6640.72,474.3371428571429,3462,55.53846153846154,722,5,5,5,15,555,0,0.0419400792063464,0,Low,United Kingdom,RFM 13-15 (high)
17701.0,253,1,417.95,417.95,109,,0,2,2,2,6,222,1,0.6864206746314021,1,Medium,United Kingdom,RFM 3-6 (low)
17702.0,30,6,2999.94,499.99,2115,74.0,370,4,4,5,13,445,2,0.1233331572627773,0,Low,United Kingdom,RFM 13-15 (high)
17703.0,35,4,1094.84,273.71,897,127.33333333333331,382,4,4,3,11,443,2,0.3240192744266824,0,Low,United Kingdom,RFM 10-12 (mid-high)
17704.0,169,2,885.19,442.595,343,71.0,71,3,3,3,9,333,1,0.5293183466506921,1,Medium,United Kingdom,RFM 7-9 (mid-low)
17705.0,3,11,2041.5,185.5909090909091,1295,57.3,573,5,5,4,14,554,0,0.102275534597697,0,Low,United Kingdom,RFM 13-15 (high)
17706.0,4,31,19066.07,615.0345161290322,7627,22.83333333333333,685,5,5,5,15,555,3,0.0207676844983477,0,Low,United Kingdom,RFM 13-15 (high)
17707.0,185,8,605.0500000000001,75.63125000000001,545,78.14285714285714,547,3,5,3,11,353,1,0.4070320606572701,0,Medium,United Kingdom,RFM 10-12 (mid-high)
17708.0,188,4,884.1800000000001,221.045,387,78.33333333333333,235,2,4,3,9,243,1,0.4654008883006347,0,Medium,United Kingdom,RFM 7-9 (mid-low)
17709.0,170,5,671.01,134.202,295,108.25,433,3,4,3,10,343,1,0.4215220045212629,0,Medium,United Kingdom,RFM 10-12 (mid-high)
17710.0,424,1,293.5,293.5,158,,0,1,2,2,5,122,1,0.8153668589172066,1,High,United Kingdom,RFM 3-6 (low)
17711.0,11,2,385.1,192.55,246,279.0,279,5,3,2,10,532,2,0.5239801636583161,1,Medium,United Kingdom,RFM 10-12 (mid-high)
17712.0,45,1,522.91,522.91,215,,0,4,2,2,8,422,2,0.4556367795552253,0,Medium,United Kingdom,RFM 7-9 (mid-low)
17713.0,382,4,1198.09,299.5225,989,55.333333333333336,166,2,4,4,10,244,1,0.6810724503728076,1,Medium,United Kingdom,RFM 10-12 (mid-high)
17714.0,321,5,1376.58,275.316,590,48.0,192,2,4,4,10,244,1,0.6302660887533077,1,Medium,United Kingdom,RFM 10-12 (mid-high)
17715.0,201,2,489.6,244.8,576,392.0,392,2,3,2,7,232,1,0.5886803308092914,1,Medium,United Kingdom,RFM 7-9 (mid-low)
17716.0,23,24,15671.32,652.9716666666667,8704,31.043478260869566,714,4,5,5,14,455,0,0.0245822104112744,0,Low,United Kingdom,RFM 13-15 (high)
17717.0,421,1,376.92,376.92,344,,0,1,2,2,5,122,1,0.818007586179628,1,High,United Kingdom,RFM 3-6 (low)
17718.0,232,2,386.98,193.49,238,412.0,412,2,3,2,7,232,1,0.6360197891875952,1,Medium,United Kingdom,RFM 7-9 (mid-low)
17719.0,38,15,5367.8,357.8533333333333,2455,15.5,217,4,5,5,14,455,0,0.0766724306159536,0,Low,United Kingdom,RFM 13-15 (high)
17720.0,26,10,2613.06,261.306,1584,61.333333333333336,552,4,5,4,13,454,0,0.0638424446026873,0,Low,United Kingdom,RFM 13-15 (high)
17721.0,659,1,307.21000000000004,307.21000000000004,107,,0,1,2,2,5,122,1,0.8231095917404274,1,High,United Kingdom,RFM 3-6 (low)
17722.0,96,5,3476.82,695.364,2389,69.75,279,3,4,5,12,345,2,0.175690174496018,0,Low,United Kingdom,RFM 10-12 (mid-high)
17723.0,127,7,3378.4000000000005,482.6285714285715,912,41.333333333333336,248,3,4,5,12,345,2,0.2460029232870056,0,Low,United Kingdom,RFM 10-12 (mid-high)
17724.0,71,3,995.65,331.8833333333334,289,33.5,67,3,3,3,9,333,2,0.406464312437243,0,Medium,United Kingdom,RFM 7-9 (mid-low)
17725.0,16,11,3371.13,306.46636363636367,2141,25.0,250,5,5,5,15,555,0,0.0826664389272504,0,Low,United Kingdom,RFM 13-15 (high)
17726.0,395,7,1089.56,155.65142857142857,442,47.66666666666666,286,2,4,3,9,243,1,0.6261396764442291,1,Medium,United Kingdom,RFM 7-9 (mid-low)
17727.0,15,1,1042.55,1042.55,639,,0,5,2,3,10,523,2,0.3784322774005105,0,Low,United Kingdom,RFM 10-12 (mid-high)
17728.0,4,5,3861.13,772.226,2137,112.25,449,5,4,5,14,545,2,0.1409895648450768,0,Low,United Kingdom,RFM 13-15 (high)
17729.0,596,1,438.65,438.65,247,,0,1,2,2,5,122,1,0.7950888834347416,1,High,United Kingdom,RFM 3-6 (low)
17730.0,3,20,7757.35,387.8675,5283,30.84210526315789,586,5,5,5,15,555,0,0.0198045306220296,0,Low,United Kingdom,RFM 13-15 (high)
17731.0,79,6,1347.08,224.5133333333333,606,117.8,589,3,4,4,11,344,2,0.3597824406209839,0,Low,United Kingdom,RFM 10-12 (mid-high)
17732.0,373,8,2144.17,268.02125,1052,16.428571428571427,115,2,5,4,11,254,1,0.7362127778624672,1,High,United Kingdom,RFM 10-12 (mid-high)
17733.0,39,2,692.19,346.095,463,222.0,222,4,3,3,10,433,2,0.4583111523212797,0,Medium,United Kingdom,RFM 10-12 (mid-high)
17734.0,54,6,1442.32,240.38666666666663,741,117.6,588,4,4,4,12,444,2,0.2979558549905279,0,Low,United Kingdom,RFM 10-12 (mid-high)
17735.0,2,26,16707.98,642.6146153846154,10654,19.8,495,5,5,5,15,555,0,0.0312352216127389,0,Low,United Kingdom,RFM 13-15 (high)
17736.0,9,3,337.49,112.49666666666668,237,52.0,104,5,3,2,10,532,2,0.4501297906879815,0,Medium,United Kingdom,RFM 10-12 (mid-high)
17737.0,9,2,168.24,84.12,108,49.0,49,5,3,1,9,531,2,0.5368373560857838,1,Medium,United Kingdom,RFM 7-9 (mid-low)
17738.0,19,13,4145.36,318.8738461538461,2768,50.91666666666666,611,4,5,5,14,455,0,0.0466744258032884,0,Low,United Kingdom,RFM 13-15 (high)
17739.0,12,18,7718.14,428.7855555555556,2327,42.35294117647059,720,5,5,5,15,555,0,0.0321285776338497,0,Low,United Kingdom,RFM 13-15 (high)
17740.0,389,6,426.9,71.14999999999999,222,61.6,308,2,4,2,8,242,1,0.7335966838545172,1,High,United Kingdom,RFM 7-9 (mid-low)
17741.0,407,2,101.1,50.55,114,153.0,153,2,3,1,6,231,1,0.7911947281052606,1,High,United Kingdom,RFM 3-6 (low)
17742.0,113,11,2098.48,190.7709090909091,653,62.5,625,3,5,4,12,354,0,0.2087069597423488,0,Low,United Kingdom,RFM 10-12 (mid-high)
17743.0,448,1,208.85,208.85,83,,0,1,2,1,4,121,1,0.8797212149820558,1,High,United Kingdom,RFM 3-6 (low)
17744.0,4,7,2617.82,373.9742857142857,3790,62.833333333333336,377,5,4,4,13,544,0,0.0873802938972644,0,Low,United Kingdom,RFM 13-15 (high)
17745.0,478,2,600.34,300.17,164,78.0,78,1,3,3,7,133,1,0.7469366601430822,1,High,United Kingdom,RFM 7-9 (mid-low)
17746.0,240,4,873.4300000000001,218.3575,659,123.33333333333331,370,2,4,3,9,243,1,0.470391092932078,0,Medium,United Kingdom,RFM 7-9 (mid-low)
17747.0,113,1,64.65,64.65,11,,0,3,2,1,6,321,1,0.7453810903219954,1,High,United Kingdom,RFM 3-6 (low)
17748.0,527,1,358.15,358.15,111,,0,1,2,2,5,122,1,0.8476294773022953,1,High,United Kingdom,RFM 3-6 (low)
17749.0,178,3,1026.18,342.06,446,184.0,368,3,3,3,9,333,1,0.5516413505851532,1,Medium,United Kingdom,RFM 7-9 (mid-low)
17750.0,5,9,1710.45,190.05,3747,19.75,158,5,5,4,14,554,0,0.1137182734015797,0,Low,United Kingdom,RFM 13-15 (high)
17751.0,421,1,157.86,157.86,147,,0,1,2,1,4,121,1,0.8859136035219527,1,High,United Kingdom,RFM 3-6 (low)
17752.0,359,1,80.64,80.64,192,,0,2,2,1,5,221,1,0.866633729810095,1,High,United Kingdom,RFM 3-6 (low)
17753.0,464,4,379.56,94.89,122,79.33333333333333,238,1,4,2,7,142,1,0.7491443436946702,1,High,United Kingdom,RFM 7-9 (mid-low)
17754.0,1,13,4383.08,337.16,4299,60.583333333333336,727,5,5,5,15,555,0,0.0411086548933585,0,Low,United Kingdom,RFM 13-15 (high)
17756.0,376,3,728.75,242.91666666666663,399,9.0,18,2,3,3,8,233,1,0.6527254742226054,1,Medium,United Kingdom,RFM 7-9 (mid-low)
17757.0,1,56,8994.44,160.615,4952,12.6,693,5,5,5,15,555,0,0.0252716230671971,0,Low,United Kingdom,RFM 13-15 (high)
17758.0,19,12,4964.03,413.6691666666666,3199,49.90909090909091,549,4,5,5,14,455,0,0.0439263468425834,0,Low,United Kingdom,RFM 13-15 (high)
17759.0,17,5,1261.88,252.37600000000003,965,141.5,566,5,4,4,13,544,2,0.2555030381639385,0,Low,United Kingdom,RFM 13-15 (high)
17760.0,22,6,739.14,123.19,530,125.4,627,4,4,3,11,443,2,0.4318009238085352,0,Medium,United Kingdom,RFM 10-12 (mid-high)
17761.0,33,1,712.78,712.78,398,,0,4,2,3,9,423,2,0.3890855141859988,0,Low,United Kingdom,RFM 7-9 (mid-low)
17762.0,456,1,129.75,129.75,129,,0,1,2,1,4,121,1,0.8834694851474028,1,High,United Kingdom,RFM 3-6 (low)
17763.0,263,4,51.15,12.7875,27,131.66666666666666,395,2,4,1,7,241,1,0.5749030774288192,1,Medium,United Kingdom,RFM 7-9 (mid-low)
17764.0,51,5,1513.57,302.714,674,171.25,685,4,4,4,12,444,2,0.3518569829516943,0,Low,United Kingdom,RFM 10-12 (mid-high)
17765.0,159,4,524.0,131.0,195,96.33333333333331,289,3,4,2,9,342,1,0.5185728343513063,1,Medium,United Kingdom,RFM 7-9 (mid-low)
17766.0,381,2,299.61,149.805,155,0.0,0,2,3,2,7,232,1,0.7390680073824462,1,High,United Kingdom,RFM 7-9 (mid-low)
17767.0,15,2,413.05,206.525,198,394.0,394,5,3,2,10,532,2,0.6483239149315358,1,Medium,United Kingdom,RFM 10-12 (mid-high)
17768.0,8,7,3287.78,469.6828571428572,2338,121.5,729,5,4,5,14,545,0,0.1045637712538567,0,Low,United Kingdom,RFM 13-15 (high)
17769.0,13,17,6944.96,408.5270588235294,3108,42.25,676,5,5,5,15,555,0,0.0272027293909151,0,Low,United Kingdom,RFM 13-15 (high)
17770.0,199,5,1143.27,228.654,365,20.75,83,2,4,3,9,243,1,0.5555334567872321,1,Medium,United Kingdom,RFM 7-9 (mid-low)
17771.0,57,4,387.41,96.8525,373,177.33333333333334,532,4,4,2,10,442,2,0.4142572200017029,0,Medium,United Kingdom,RFM 10-12 (mid-high)
17772.0,11,3,360.75,120.25,113,190.5,381,5,3,2,10,532,2,0.5371039101089069,1,Medium,United Kingdom,RFM 10-12 (mid-high)
17773.0,514,2,575.37,287.685,254,175.0,175,1,3,2,6,132,1,0.7302949751491649,1,High,United Kingdom,RFM 3-6 (low)
17774.0,97,9,2891.48,321.2755555555556,1581,71.5,572,3,5,5,13,355,0,0.1049367144936184,0,Low,United Kingdom,RFM 13-15 (high)
17775.0,255,1,56.4,56.4,72,,0,2,2,1,5,221,1,0.8847026626238172,1,High,United Kingdom,RFM 3-6 (low)
17776.0,387,2,323.81,161.905,272,336.0,336,2,3,2,7,232,1,0.7244451568901316,1,High,United Kingdom,RFM 7-9 (mid-low)
17777.0,25,3,647.56,215.85333333333327,501,37.5,75,4,3,3,10,433,2,0.3186268197759154,0,Low,United Kingdom,RFM 10-12 (mid-high)
17778.0,662,1,197.7,197.7,214,,0,1,2,1,4,121,1,0.8365432286580032,1,High,United Kingdom,RFM 3-6 (low)
17779.0,21,3,633.92,211.30666666666664,393,61.0,122,4,3,3,10,433,2,0.3436473316385089,0,Low,United Kingdom,RFM 10-12 (mid-high)
17780.0,667,3,346.56,115.52,156,8.5,17,1,3,2,6,132,1,0.7811917531991299,1,High,United Kingdom,RFM 3-6 (low)
17781.0,159,2,188.02,94.01,34,93.0,93,3,3,1,7,331,1,0.6631765974996726,1,Medium,United Kingdom,RFM 7-9 (mid-low)
17782.0,383,2,679.02,339.51,538,0.0,0,2,3,3,8,233,1,0.6794246136012557,1,Medium,United Kingdom,RFM 7-9 (mid-low)
17783.0,72,3,376.96,125.65333333333332,438,220.0,440,3,3,2,8,332,2,0.5186578138489931,1,Medium,United Kingdom,RFM 7-9 (mid-low)
17784.0,550,1,112.86,112.86,72,,0,1,2,1,4,121,1,0.9098596833825882,1,High,United Kingdom,RFM 3-6 (low)
17785.0,53,3,403.38,134.46,227,256.0,512,4,3,2,9,432,2,0.5162147929145032,1,Medium,United Kingdom,RFM 7-9 (mid-low)
17786.0,85,2,266.85,133.425,195,231.0,231,3,3,1,7,331,2,0.5949898496141546,1,Medium,United Kingdom,RFM 7-9 (mid-low)
17787.0,153,4,1817.54,454.385,896,72.66666666666667,218,3,4,4,11,344,1,0.3758216389804545,0,Low,United Kingdom,RFM 10-12 (mid-high)
17788.0,74,2,1117.9,558.95,211,55.0,55,3,3,3,9,333,2,0.4860348647771823,0,Medium,United Kingdom,RFM 7-9 (mid-low)
17789.0,281,2,397.15,198.575,199,379.0,379,2,3,2,7,232,1,0.7419233670301801,1,High,United Kingdom,RFM 7-9 (mid-low)
17790.0,27,20,2779.41,138.9705,1387,27.21052631578948,517,4,5,4,13,454,0,0.0479087214271741,0,Low,United Kingdom,RFM 13-15 (high)
17791.0,30,1,106.1,106.1,46,,0,4,2,1,7,421,2,0.6968061322619833,1,Medium,United Kingdom,RFM 7-9 (mid-low)
17792.0,467,2,368.35,184.175,149,11.0,11,1,3,2,6,132,1,0.7331633736900549,1,High,United Kingdom,RFM 3-6 (low)
17793.0,25,1,300.34,300.34,226,,0,4,2,2,8,422,2,0.4161505050550249,0,Medium,United Kingdom,RFM 7-9 (mid-low)
17794.0,687,2,147.3,73.65,46,1.0,1,1,3,1,5,131,1,0.7535909627586332,1,High,United Kingdom,RFM 3-6 (low)
17795.0,180,2,342.83,171.415,305,85.0,85,3,3,2,8,332,1,0.5818936456488587,1,Medium,United Kingdom,RFM 7-9 (mid-low)
17796.0,40,7,1236.39,176.62714285714287,347,63.5,381,4,4,4,12,444,2,0.2596277477624531,0,Low,United Kingdom,RFM 10-12 (mid-high)
17797.0,22,8,1971.87,246.48375,1086,100.14285714285714,701,4,5,4,13,454,2,0.1731293185750848,0,Low,United Kingdom,RFM 13-15 (high)
17798.0,582,1,178.07,178.07,138,,0,1,2,1,4,121,1,0.8401602616401188,1,High,United Kingdom,RFM 3-6 (low)
17799.0,22,20,6121.78,306.089,3659,37.0,703,4,5,5,14,455,0,0.0283734146768572,0,Low,United Kingdom,RFM 13-15 (high)
17800.0,37,9,1187.21,131.91222222222223,732,37.0,296,4,5,4,13,454,2,0.2140186976770295,0,Low,United Kingdom,RFM 13-15 (high)
17801.0,451,3,767.48,255.82666666666668,817,120.0,240,1,3,3,7,133,1,0.6480262963551573,1,Medium,United Kingdom,RFM 7-9 (mid-low)
17802.0,82,10,4808.94,480.894,2674,71.55555555555556,644,3,5,5,13,355,0,0.0913690673348328,0,Low,United Kingdom,RFM 13-15 (high)
17803.0,392,1,184.66,184.66,98,,0,2,2,1,5,221,1,0.8526135485342189,1,High,United Kingdom,RFM 3-6 (low)
17804.0,376,3,378.68,126.22666666666667,193,181.0,362,2,3,2,7,232,1,0.7259099825209497,1,High,United Kingdom,RFM 7-9 (mid-low)
17805.0,74,2,927.03,463.515,1126,536.0,536,3,3,3,9,333,2,0.5267929440931732,1,Medium,United Kingdom,RFM 7-9 (mid-low)
17806.0,11,1,546.04,546.04,727,,0,5,2,2,9,522,2,0.3147529065846333,0,Low,United Kingdom,RFM 7-9 (mid-low)
17807.0,395,3,437.87,145.95666666666668,262,154.5,309,2,3,2,7,232,1,0.7237483852548435,1,High,United Kingdom,RFM 7-9 (mid-low)
17808.0,549,4,262.64,65.66,143,10.666666666666666,32,1,4,1,6,141,1,0.8075971274935396,1,High,United Kingdom,RFM 3-6 (low)
17809.0,16,20,9247.35,462.3675,2951,37.89473684210526,720,5,5,5,15,555,0,0.0269546128990662,0,Low,United Kingdom,RFM 13-15 (high)
17810.0,669,2,343.21,171.605,117,15.0,15,1,3,2,6,132,1,0.7273588016806094,1,High,United Kingdom,RFM 3-6 (low)
17811.0,4,47,9358.53,199.1176595744681,5228,9.58695652173913,441,5,5,5,15,555,0,0.0506090166573021,0,Low,United Kingdom,RFM 13-15 (high)
17812.0,13,7,911.99,130.28428571428572,444,86.16666666666667,517,5,4,3,12,543,2,0.3215929605618629,0,Low,United Kingdom,RFM 10-12 (mid-high)
17813.0,14,5,1641.79,328.358,739,14.25,57,5,4,4,13,544,2,0.172650501406797,0,Low,United Kingdom,RFM 13-15 (high)
17814.0,375,2,1609.37,804.685,1435,47.0,47,2,3,4,9,234,1,0.6701875472919876,1,Medium,United Kingdom,RFM 7-9 (mid-low)
17815.0,393,1,591.96,591.96,612,,0,2,2,3,7,223,1,0.6972765615813137,1,Medium,United Kingdom,RFM 7-9 (mid-low)
17816.0,37,6,96.11,16.018333333333334,80,137.4,687,4,4,1,9,441,2,0.4154700799937758,0,Medium,United Kingdom,RFM 7-9 (mid-low)
17817.0,4,6,781.45,130.24166666666667,351,83.4,417,5,4,3,12,543,2,0.2979270397364091,0,Low,United Kingdom,RFM 10-12 (mid-high)
17818.0,738,1,124.78,124.78,86,,0,1,2,1,4,121,1,0.8970865872862975,1,High,United Kingdom,RFM 3-6 (low)
17819.0,72,12,5977.25,498.1041666666667,1606,59.45454545454545,654,3,5,5,13,355,0,0.0689862479976668,0,Low,United Kingdom,RFM 13-15 (high)
17820.0,374,1,156.56,156.56,106,,0,2,2,1,5,221,1,0.8799739034018345,1,High,United Kingdom,RFM 3-6 (low)
17821.0,406,1,334.62,334.62,162,,0,2,2,2,6,222,1,0.8161194834850284,1,High,United Kingdom,RFM 3-6 (low)
17822.0,420,5,2162.93,432.586,1375,35.0,140,1,4,4,9,144,1,0.6677346017275799,1,Medium,United Kingdom,RFM 7-9 (mid-low)
17823.0,421,2,449.25,224.625,252,0.0,0,1,3,2,6,132,1,0.7407742014244606,1,High,United Kingdom,RFM 3-6 (low)
17824.0,51,1,298.4,298.4,408,,0,4,2,2,8,422,2,0.4695255564394777,0,Medium,United Kingdom,RFM 7-9 (mid-low)
17825.0,599,4,701.96,175.49,516,42.0,126,1,4,3,8,143,1,0.6970080845024714,1,Medium,United Kingdom,RFM 7-9 (mid-low)
17826.0,374,1,133.34,133.34,84,,0,2,2,1,5,221,1,0.8940031751128101,1,High,United Kingdom,RFM 3-6 (low)
17827.0,5,6,2369.42,394.90333333333336,1581,123.2,616,5,4,4,13,544,2,0.1572294552414581,0,Low,United Kingdom,RFM 13-15 (high)
17828.0,23,4,1599.97,399.9925,641,54.0,162,4,4,4,12,444,2,0.250537653538441,0,Low,Malta,RFM 10-12 (mid-high)
17829.0,299,5,4680.42,936.084,2937,89.0,356,2,4,5,11,245,1,0.4420935502130216,0,Medium,United Arab Emirates,RFM 10-12 (mid-high)
17830.0,2,3,398.7,132.9,92,143.5,287,5,3,2,10,532,2,0.4719446860799259,0,Medium,United Kingdom,RFM 10-12 (mid-high)
17831.0,33,1,35.400000000000006,35.400000000000006,12,,0,4,2,1,7,421,2,0.616419341037668,1,Medium,United Kingdom,RFM 7-9 (mid-low)
17832.0,50,1,155.37,155.37,208,,0,4,2,1,7,421,2,0.642694175500016,1,Medium,United Kingdom,RFM 7-9 (mid-low)
17833.0,723,1,338.46000000000004,338.46000000000004,143,,0,1,2,2,5,122,1,0.8367801278835459,1,High,United Kingdom,RFM 3-6 (low)
17834.0,415,2,689.6700000000001,344.83500000000004,639,30.0,30,1,3,3,7,133,1,0.7001239090438791,1,High,United Kingdom,RFM 7-9 (mid-low)
17835.0,3,3,342.24,114.08,344,10.0,20,5,3,2,10,532,2,0.4151723248974591,0,Medium,United Kingdom,RFM 10-12 (mid-high)
17836.0,47,1,110.21,110.21,88,,0,4,2,1,7,421,2,0.7108685479381707,1,High,United Kingdom,RFM 7-9 (mid-low)
17837.0,42,8,1508.38,188.5475,507,17.142857142857142,120,4,5,4,13,454,2,0.2306461551980417,0,Low,United Kingdom,RFM 13-15 (high)
17838.0,27,13,5134.49,394.9607692307692,3052,50.333333333333336,604,4,5,5,14,455,0,0.0441080457095654,0,Low,United Kingdom,RFM 13-15 (high)
17839.0,42,1,318.15,318.15,257,,0,4,2,2,8,422,2,0.4358671327839654,0,Medium,United Kingdom,RFM 7-9 (mid-low)
17840.0,444,1,175.9,175.9,128,,0,1,2,1,4,121,1,0.8994432611161,1,High,United Kingdom,RFM 3-6 (low)
17841.0,2,211,67186.87,318.4211848341232,36151,3.5,735,5,5,5,15,555,3,0.0240103882393666,0,Low,United Kingdom,RFM 13-15 (high)
17842.0,602,1,430.69,430.69,89,,0,1,2,2,5,122,1,0.7821875272390783,1,High,United Kingdom,RFM 3-6 (low)
17843.0,303,2,320.4,160.2,251,108.0,108,2,3,2,7,232,1,0.7931476424371078,1,High,United Kingdom,RFM 7-9 (mid-low)
17844.0,107,1,51.56,51.56,52,,0,3,2,1,6,321,1,0.7641541433589975,1,High,Canada,RFM 3-6 (low)
17845.0,555,4,596.09,149.0225,195,7.0,21,1,4,3,8,143,1,0.7608525023115275,1,High,United Kingdom,RFM 7-9 (mid-low)
17846.0,85,1,2033.1,2033.1,1,,0,3,2,4,9,324,1,0.7506992160572445,1,High,United Kingdom,RFM 7-9 (mid-low)
17847.0,516,2,129.69,64.845,29,129.0,129,1,3,1,5,131,1,0.8211913588216327,1,High,United Kingdom,RFM 3-6 (low)
17848.0,81,30,3546.36,118.212,1403,22.48275862068965,652,3,5,5,13,355,0,0.0876996393555785,0,Low,United Kingdom,RFM 13-15 (high)
17849.0,218,8,1063.76,132.97,224,59.42857142857143,416,2,5,3,10,253,1,0.4973151066215627,0,Medium,United Kingdom,RFM 10-12 (mid-high)
17850.0,372,155,50407.77,325.2114193548387,20876,2.3506493506493507,362,2,5,5,12,255,3,0.700250747078708,1,High,United Kingdom,RFM 10-12 (mid-high)
17851.0,422,6,1552.35,258.725,933,62.6,313,1,4,4,9,144,1,0.5660547299849625,1,Medium,United Kingdom,RFM 7-9 (mid-low)
17852.0,12,5,657.8100000000001,131.562,372,179.75,719,5,4,3,12,543,2,0.4383523675614784,0,Medium,United Kingdom,RFM 10-12 (mid-high)
17853.0,407,3,1596.29,532.0966666666667,625,164.5,329,2,3,4,9,234,1,0.6310993498677685,1,Medium,United Kingdom,RFM 7-9 (mid-low)
17854.0,185,6,1068.5,178.08333333333334,607,109.2,546,3,4,3,10,343,1,0.4304038176357217,0,Medium,United Kingdom,RFM 10-12 (mid-high)
17855.0,373,1,208.97,208.97,197,,0,2,2,1,5,221,1,0.8383649530380857,1,High,United Kingdom,RFM 3-6 (low)
17856.0,2,4,1393.79,348.4475,826,93.0,279,5,4,4,13,544,2,0.2524143701733746,0,Low,United Kingdom,RFM 13-15 (high)
17857.0,4,24,27231.34,1134.6391666666666,19736,27.695652173913043,637,5,5,5,15,555,3,0.0238090175071658,0,Low,United Kingdom,RFM 13-15 (high)
17858.0,6,30,12444.3,414.81,5380,25.06896551724138,727,5,5,5,15,555,0,0.0199438066420207,0,Low,United Kingdom,RFM 13-15 (high)
17859.0,305,1,141.92000000000002,141.92000000000002,102,,0,2,2,1,5,221,1,0.8598567476335116,1,High,United Kingdom,RFM 3-6 (low)
17860.0,369,4,717.39,179.3475,696,119.66666666666669,359,2,4,3,9,243,1,0.6225107398425033,1,Medium,United Kingdom,RFM 7-9 (mid-low)
17861.0,3,18,5025.19,279.1772222222222,4517,42.70588235294117,726,5,5,5,15,555,0,0.0305325266871482,0,Low,United Kingdom,RFM 13-15 (high)
17862.0,324,4,1254.89,313.7225,440,79.66666666666667,239,2,4,4,10,244,1,0.6301072469795135,1,Medium,United Kingdom,RFM 10-12 (mid-high)
17863.0,59,12,5360.48,446.70666666666665,4676,53.90909090909091,593,3,5,5,13,355,0,0.053104618861204,0,Low,United Kingdom,RFM 13-15 (high)
17864.0,13,5,876.57,175.31400000000002,1015,103.5,414,5,4,3,12,543,2,0.3095732259216732,0,Low,United Kingdom,RFM 10-12 (mid-high)
17865.0,31,46,25586.85,556.2358695652174,12792,15.733333333333333,708,4,5,5,14,455,3,0.0262145626275672,0,Low,United Kingdom,RFM 13-15 (high)
17866.0,143,3,1131.0,377.0,534,291.0,582,3,3,3,9,333,1,0.54190201369257,1,Medium,United Kingdom,RFM 7-9 (mid-low)
17867.0,30,14,840.22,60.01571428571429,317,54.38461538461539,707,4,5,3,12,453,0,0.3537467633495328,0,Low,United Kingdom,RFM 10-12 (mid-high)
17868.0,386,1,227.15,227.15,85,,0,2,2,1,5,221,1,0.8539914291235451,1,High,United Kingdom,RFM 3-6 (low)
17869.0,107,7,813.64,116.23428571428572,491,73.33333333333333,440,3,4,3,10,343,2,0.3301696121480575,0,Low,United Kingdom,RFM 10-12 (mid-high)
17870.0,2,13,2748.34,211.41076923076923,1698,31.58333333333333,379,5,5,4,14,554,0,0.0570431782208295,0,Low,United Kingdom,RFM 13-15 (high)
17871.0,205,5,1068.95,213.79,665,122.0,488,2,4,3,9,243,1,0.4323177503411016,0,Medium,United Kingdom,RFM 7-9 (mid-low)
17872.0,382,1,235.87,235.87,176,,0,2,2,1,5,221,1,0.8331728036737094,1,High,United Kingdom,RFM 3-6 (low)
17873.0,80,18,5979.01,332.1672222222222,3607,37.8235294117647,643,3,5,5,13,355,0,0.0435856993956152,0,Low,United Kingdom,RFM 13-15 (high)
17874.0,185,6,658.26,109.71,209,14.0,70,3,4,3,10,343,1,0.6438095231321017,1,Medium,United Kingdom,RFM 10-12 (mid-high)
17875.0,688,1,167.1,167.1,98,,0,1,2,1,4,121,1,0.8672263667170121,1,High,United Kingdom,RFM 3-6 (low)
17876.0,400,3,3424.02,1141.34,1958,137.5,275,2,3,5,10,235,1,0.5745347888284463,1,Medium,United Kingdom,RFM 10-12 (mid-high)
17877.0,170,1,237.61,237.61,98,,0,3,2,1,6,321,1,0.7179728714353317,1,High,United Kingdom,RFM 3-6 (low)
17878.0,44,3,1378.93,459.6433333333334,1014,175.5,351,4,3,4,11,434,2,0.460172736010159,0,Medium,United Kingdom,RFM 10-12 (mid-high)
17879.0,174,1,178.51999999999998,178.51999999999998,45,,0,3,2,1,6,321,1,0.7845736665130799,1,High,United Kingdom,RFM 3-6 (low)
17880.0,365,3,824.9200000000001,274.97333333333336,466,182.5,365,2,3,3,8,233,1,0.6419037310623764,1,Medium,United Kingdom,RFM 7-9 (mid-low)
17881.0,304,1,133.35000000000002,133.35000000000002,32,,0,2,2,1,5,221,1,0.8842329856603509,1,High,United Kingdom,RFM 3-6 (low)
17882.0,379,2,291.56,145.78,130,0.0,0,2,3,2,7,232,1,0.7400917805341742,1,High,United Kingdom,RFM 7-9 (mid-low)
17883.0,3,7,972.52,138.93142857142857,474,108.0,648,5,4,3,12,543,2,0.394964922383704,0,Low,United Kingdom,RFM 10-12 (mid-high)
17884.0,4,20,2654.47,132.7235,2736,38.47368421052632,731,5,5,4,14,554,0,0.0341624436145196,0,Low,United Kingdom,RFM 13-15 (high)
17885.0,12,1,156.34,156.34,110,,0,5,2,1,8,521,2,0.5411989340581181,1,Medium,United Kingdom,RFM 7-9 (mid-low)
17886.0,32,6,1562.6,260.43333333333334,710,111.4,557,4,4,4,12,444,2,0.2840052095039992,0,Low,United Kingdom,RFM 10-12 (mid-high)
17887.0,129,1,111.35,111.35,30,,0,3,2,1,6,321,1,0.7584909346248527,1,High,United Kingdom,RFM 3-6 (low)
17888.0,21,25,1305.9,52.236,844,29.0,696,4,5,4,13,454,0,0.2405989056776768,0,Low,United Kingdom,RFM 13-15 (high)
17889.0,212,7,746.42,106.63142857142856,403,67.66666666666667,406,2,4,3,9,243,1,0.4370859273479256,0,Medium,United Kingdom,RFM 7-9 (mid-low)
17890.0,323,2,586.89,293.445,402,38.0,38,2,3,2,7,232,1,0.6813277755907444,1,Medium,United Kingdom,RFM 7-9 (mid-low)
17891.0,162,1,203.86,203.86,393,,0,3,2,1,6,321,1,0.6898451363889607,1,Medium,United Kingdom,RFM 3-6 (low)
17892.0,56,3,244.1,81.36666666666666,109,49.5,99,4,3,1,8,431,2,0.5239402300468705,1,Medium,United Kingdom,RFM 7-9 (mid-low)
17893.0,225,1,107.21,107.21,149,,0,2,2,1,5,221,1,0.8067447943977006,1,High,United Kingdom,RFM 3-6 (low)
17894.0,72,18,2248.86,124.93666666666668,894,23.352941176470587,397,3,5,4,12,354,0,0.1461387682912578,0,Low,United Kingdom,RFM 10-12 (mid-high)
17895.0,44,1,95.45,95.45,127,,0,4,2,1,7,421,2,0.7107904356199464,1,High,United Kingdom,RFM 7-9 (mid-low)
17896.0,23,1,256.32,256.32,288,,0,4,2,1,7,421,2,0.4582844884677221,0,Medium,United Kingdom,RFM 7-9 (mid-low)
17897.0,173,9,2074.39,230.4877777777777,858,50.375,403,3,5,4,12,354,2,0.2237702056842308,0,Low,United Kingdom,RFM 10-12 (mid-high)
17898.0,85,4,299.18,74.795,251,160.33333333333334,481,3,4,2,9,342,2,0.4515885403333243,0,Medium,United Kingdom,RFM 7-9 (mid-low)
17899.0,159,1,154.55,154.55,170,,0,3,2,1,6,321,1,0.7841562385826321,1,High,United Kingdom,RFM 3-6 (low)
17900.0,190,2,15.0,7.5,1,0.0,0,2,3,1,6,231,1,0.7072616368094073,1,High,United Kingdom,RFM 3-6 (low)
17901.0,29,3,260.08,86.69333333333333,38,246.0,492,4,3,1,8,431,2,0.4507524957916743,0,Medium,United Kingdom,RFM 7-9 (mid-low)
17902.0,547,1,216.4,216.4,526,,0,1,2,1,4,121,1,0.8494616181403845,1,High,United Kingdom,RFM 3-6 (low)
17903.0,394,1,381.09,381.09,142,,0,2,2,2,6,222,1,0.7974901055444747,1,High,United Kingdom,RFM 3-6 (low)
17904.0,21,1,168.32,168.32,58,,0,4,2,1,7,421,2,0.5760904928417246,1,Medium,United Kingdom,RFM 7-9 (mid-low)
17905.0,71,13,2169.57,166.89,1297,50.66666666666666,608,3,5,4,12,354,0,0.1017816877689511,0,Low,United Kingdom,RFM 10-12 (mid-high)
17906.0,247,1,72.9,72.9,26,,0,2,2,1,5,221,1,0.8782149095369398,1,High,United Kingdom,RFM 3-6 (low)
17907.0,641,1,291.76,291.76,1046,,0,1,2,2,5,122,1,0.8339394735280883,1,High,United Kingdom,RFM 3-6 (low)
17908.0,374,5,1088.82,217.764,643,87.75,351,2,4,3,9,243,1,0.6118174743216362,1,Medium,United Kingdom,RFM 7-9 (mid-low)
17909.0,737,1,110.05,110.05,35,,0,1,2,1,4,121,1,0.8948761503571044,1,High,United Kingdom,RFM 3-6 (low)
17910.0,726,1,261.7,261.7,121,,0,1,2,1,4,121,1,0.8245553245334925,1,High,United Kingdom,RFM 3-6 (low)
17911.0,9,1,366.23,366.23,223,,0,5,2,2,9,522,2,0.4390989320166716,0,Medium,United Kingdom,RFM 7-9 (mid-low)
17912.0,310,6,359.15,59.85833333333333,213,13.0,65,2,4,2,8,242,1,0.7852408771392143,1,High,United Kingdom,RFM 7-9 (mid-low)
17913.0,59,14,3429.29,244.9492857142857,1725,52.07692307692308,677,3,5,5,13,355,0,0.0614954286256717,0,Low,United Kingdom,RFM 13-15 (high)
17914.0,4,1,329.36,329.36,457,,0,5,2,2,9,522,2,0.3950669885076179,0,Low,United Kingdom,RFM 7-9 (mid-low)
17915.0,551,1,225.78,225.78,184,,0,1,2,1,4,121,1,0.8490291475675765,1,High,United Kingdom,RFM 3-6 (low)
17916.0,629,2,43.87,21.935,90,104.0,104,1,3,1,5,131,1,0.7850501041556288,1,High,United Kingdom,RFM 3-6 (low)
17917.0,45,3,335.03,111.67666666666666,184,158.5,317,4,3,2,9,432,2,0.5349385578534546,1,Medium,United Kingdom,RFM 7-9 (mid-low)
17918.0,501,3,396.39,132.13,352,2.0,4,1,3,2,6,132,1,0.7321657259524831,1,High,United Kingdom,RFM 3-6 (low)
17919.0,88,2,1840.32,920.16,1452,350.0,350,3,3,4,10,334,2,0.51341868120402,1,Medium,United Kingdom,RFM 10-12 (mid-high)
17920.0,4,54,23575.23,436.5783333333333,12262,13.754716981132075,729,5,5,5,15,555,3,0.02162488829089,0,Low,United Kingdom,RFM 13-15 (high)
17921.0,64,10,2354.21,235.421,978,49.66666666666666,447,3,5,4,12,354,0,0.1026870323869207,0,Low,United Kingdom,RFM 10-12 (mid-high)
17922.0,543,1,170.4,170.4,49,,0,1,2,1,4,121,1,0.9192167327954892,1,High,United Kingdom,RFM 3-6 (low)
17923.0,282,3,497.0,165.66666666666666,140,131.0,262,2,3,2,7,232,1,0.6964021728845705,1,Medium,United Kingdom,RFM 7-9 (mid-low)
17924.0,12,8,3189.53,398.69125,1189,57.42857142857143,402,5,5,5,15,555,0,0.0859768305780649,0,Low,United Kingdom,RFM 13-15 (high)
17925.0,373,1,244.08,244.08,72,,0,2,2,1,5,221,1,0.8659508754184684,1,High,United Kingdom,RFM 3-6 (low)
17926.0,133,5,1035.49,207.098,572,111.5,446,3,4,3,10,343,2,0.3623119832676849,0,Low,United Kingdom,RFM 10-12 (mid-high)
17927.0,722,1,294.0,294.0,108,,0,1,2,2,5,122,1,0.8235798658528667,1,High,United Kingdom,RFM 3-6 (low)
17928.0,45,3,341.24,113.74666666666668,222,262.5,525,4,3,2,9,432,2,0.5128503414961836,1,Medium,United Kingdom,RFM 7-9 (mid-low)
17929.0,11,12,3073.6,256.1333333333333,433,65.36363636363636,719,5,5,5,15,555,0,0.1781017027629562,0,Low,United Kingdom,RFM 13-15 (high)
17930.0,36,13,4242.92,326.3784615384615,3770,50.75,609,4,5,5,14,455,0,0.0545124749300081,0,Low,United Kingdom,RFM 13-15 (high)
17931.0,134,14,3270.91,233.63642857142847,1802,40.53846153846154,527,3,5,5,13,355,0,0.1704151238555018,0,Low,United Kingdom,RFM 13-15 (high)
17932.0,29,3,1331.57,443.8566666666666,789,91.0,182,4,3,4,11,434,2,0.3111235252889303,0,Low,United Kingdom,RFM 10-12 (mid-high)
17933.0,632,1,114.69,114.69,63,,0,1,2,1,4,121,1,0.9054028633732768,1,High,United Kingdom,RFM 3-6 (low)
17934.0,52,3,1049.15,349.7166666666667,628,177.0,354,4,3,3,10,433,2,0.4952959464998588,0,Medium,United Kingdom,RFM 10-12 (mid-high)
17935.0,138,7,655.54,93.64857142857144,232,99.33333333333331,596,3,4,3,10,343,2,0.4439847123510831,0,Medium,United Kingdom,RFM 10-12 (mid-high)
17936.0,5,1,380.13,380.13,257,,0,5,2,2,9,522,2,0.430134587719929,0,Medium,United Kingdom,RFM 7-9 (mid-low)
17937.0,9,7,4301.22,614.46,1754,58.833333333333336,353,5,4,5,14,545,0,0.0995766050163848,0,Low,United Kingdom,RFM 13-15 (high)
17938.0,420,1,144.29,144.29,53,,0,1,2,1,4,121,1,0.8903586668503661,1,High,United Kingdom,RFM 3-6 (low)
17939.0,160,1,99.14,99.14,40,,0,3,2,1,6,321,1,0.8207583913525511,1,High,United Kingdom,RFM 3-6 (low)
17940.0,49,15,26824.27,1788.284666666667,85141,49.07142857142857,687,4,5,5,14,455,3,0.0606253836443542,0,Low,United Kingdom,RFM 13-15 (high)
17941.0,131,4,1433.28,358.32,1108,190.3333333333333,571,3,4,4,11,344,1,0.4335963099868516,0,Medium,United Kingdom,RFM 10-12 (mid-high)
17942.0,8,1,77.50000000000001,77.50000000000001,38,,0,5,2,1,8,521,2,0.6757922212783514,1,Medium,United Kingdom,RFM 7-9 (mid-low)
17944.0,423,1,74.99,74.99,84,,0,1,2,1,4,121,1,0.8990171058978009,1,High,United Kingdom,RFM 3-6 (low)
17945.0,697,3,360.35,120.11666666666667,244,0.0,0,1,3,2,6,132,1,0.7572712405987104,1,High,United Kingdom,RFM 3-6 (low)
17946.0,233,2,149.57999999999998,74.78999999999999,75,26.0,26,2,3,1,6,231,1,0.724427587101751,1,High,United Kingdom,RFM 3-6 (low)
17947.0,37,1,176.68,176.68,168,,0,4,2,1,7,421,2,0.5812940074703318,1,Medium,United Kingdom,RFM 7-9 (mid-low)
17948.0,147,1,358.56000000000006,358.56000000000006,144,,0,3,2,2,7,322,1,0.7222842475964761,1,High,United Kingdom,RFM 7-9 (mid-low)
17949.0,1,118,97581.59,826.962627118644,54208,6.2905982905982905,736,5,5,5,15,555,3,0.026410340272226,0,Low,United Kingdom,RFM 13-15 (high)
17950.0,72,7,1156.21,165.17285714285714,635,105.16666666666669,631,3,4,3,10,343,2,0.3990212354957066,0,Low,United Kingdom,RFM 10-12 (mid-high)
17951.0,40,4,1322.88,330.72,774,121.33333333333331,364,4,4,4,12,444,2,0.3090644848306082,0,Low,United Kingdom,RFM 10-12 (mid-high)
17952.0,378,4,788.46,197.115,477,54.333333333333336,163,2,4,3,9,243,1,0.6646295850955144,1,Medium,United Kingdom,RFM 7-9 (mid-low)
17953.0,540,1,159.17000000000002,159.17000000000002,98,,0,1,2,1,4,121,1,0.8902616179777741,1,High,United Kingdom,RFM 3-6 (low)
17954.0,5,19,3699.74,194.72315789473683,3128,40.27777777777778,725,5,5,5,15,555,0,0.027052036016335,0,Low,United Kingdom,RFM 13-15 (high)
17955.0,199,6,949.9,158.31666666666666,681,93.2,466,2,4,3,9,243,1,0.4264941400456105,0,Medium,United Kingdom,RFM 7-9 (mid-low)
17956.0,249,1,12.75,12.75,1,,0,2,2,1,5,221,1,0.8797043002561188,1,High,United Kingdom,RFM 3-6 (low)
17957.0,66,1,111.68,111.68,287,,0,3,2,1,6,321,2,0.7006066665257262,1,High,United Kingdom,RFM 3-6 (low)
17958.0,117,2,973.88,486.94,284,611.0,611,3,3,3,9,333,1,0.6077871175373495,1,Medium,United Kingdom,RFM 7-9 (mid-low)
17959.0,592,1,140.75,140.75,49,,0,1,2,1,4,121,1,0.8887928907834783,1,High,United Kingdom,RFM 3-6 (low)
17960.0,171,3,135.08,45.02666666666667,60,235.0,470,3,3,1,7,331,1,0.4920898438395443,0,Medium,United Kingdom,RFM 7-9 (mid-low)
17961.0,21,100,2850.29,28.5029,1488,7.242424242424242,717,4,5,5,14,455,0,0.0661079092938897,0,Low,United Kingdom,RFM 13-15 (high)
17962.0,142,4,652.56,163.14,631,184.0,552,3,4,3,10,343,1,0.4893232630588675,0,Medium,United Kingdom,RFM 10-12 (mid-high)
17963.0,471,4,643.16,160.79,341,72.33333333333333,217,1,4,3,8,143,1,0.6474110345490051,1,Medium,United Kingdom,RFM 7-9 (mid-low)
17964.0,32,2,463.21,231.605,294,340.0,340,4,3,2,9,432,2,0.503112376502877,1,Medium,United Kingdom,RFM 7-9 (mid-low)
17965.0,38,29,6883.45,237.3603448275862,4357,24.535714285714285,687,4,5,5,14,455,0,0.034134021843803,0,Low,United Kingdom,RFM 13-15 (high)
17966.0,38,10,1963.92,196.392,3918,72.44444444444444,652,4,5,4,13,454,0,0.1273548112187007,0,Low,United Kingdom,RFM 13-15 (high)
17967.0,372,2,223.42,111.71,111,44.0,44,2,3,1,6,231,1,0.825593717455006,1,High,United Kingdom,RFM 3-6 (low)
17968.0,374,4,590.4399999999999,147.61,352,46.0,138,2,4,2,8,242,1,0.6966438652180997,1,Medium,United Kingdom,RFM 7-9 (mid-low)
17969.0,166,20,2235.54,111.777,983,29.789473684210527,566,3,5,4,12,354,0,0.2840232823790443,0,Low,United Kingdom,RFM 10-12 (mid-high)
17970.0,211,1,562.79,562.79,513,,0,2,2,2,6,222,1,0.6611012483637358,1,Medium,United Kingdom,RFM 3-6 (low)
17971.0,548,1,161.94,161.94,62,,0,1,2,1,4,121,1,0.9145801521824828,1,High,United Kingdom,RFM 3-6 (low)
17972.0,242,1,135.19,135.19,36,,0,2,2,1,5,221,1,0.8530065596392349,1,High,United Kingdom,RFM 3-6 (low)
17973.0,52,1,337.04,337.04,176,,0,4,2,2,8,422,2,0.5034004278876804,1,Medium,United Kingdom,RFM 7-9 (mid-low)
17974.0,25,6,1739.09,289.8483333333333,1189,76.4,382,4,4,4,12,444,2,0.1334882004568388,0,Low,United Kingdom,RFM 10-12 (mid-high)
17975.0,15,24,6595.18,274.7991666666667,2162,20.65217391304348,475,5,5,5,15,555,0,0.0359936166111122,0,Low,United Kingdom,RFM 13-15 (high)
17976.0,372,1,321.79,321.79,93,,0,2,2,2,6,222,1,0.8112756762826488,1,High,United Kingdom,RFM 3-6 (low)
17977.0,29,2,1453.55,726.775,1918,370.0,370,4,3,4,11,434,2,0.4687660387996836,0,Medium,United Kingdom,RFM 10-12 (mid-high)
17978.0,365,4,1159.99,289.9975,1297,122.0,366,2,4,3,9,243,1,0.554824493846499,1,Medium,United Kingdom,RFM 7-9 (mid-low)
17979.0,36,4,712.51,178.1275,381,74.66666666666667,224,4,4,3,11,443,2,0.3690648206449667,0,Low,United Kingdom,RFM 10-12 (mid-high)
17980.0,166,4,1012.72,253.18,771,75.66666666666667,227,3,4,3,10,343,1,0.431879368121273,0,Medium,United Kingdom,RFM 10-12 (mid-high)
17981.0,411,1,239.12,239.12,260,,0,1,2,1,4,121,1,0.8423008076711318,1,High,United Kingdom,RFM 3-6 (low)
17982.0,681,1,138.18,138.18,117,,0,1,2,1,4,121,1,0.8681915320906926,1,High,United Kingdom,RFM 3-6 (low)
17983.0,395,1,171.71,171.71,108,,0,2,2,1,5,221,1,0.8927681878741537,1,High,United Kingdom,RFM 3-6 (low)
17984.0,145,5,1152.19,230.438,939,148.25,593,3,4,3,10,343,1,0.3780631169198819,0,Low,United Kingdom,RFM 10-12 (mid-high)
17985.0,22,1,631.35,631.35,171,,0,4,2,3,9,423,2,0.4205505863579657,0,Medium,United Kingdom,RFM 7-9 (mid-low)
17986.0,56,1,20.8,20.8,10,,0,4,2,1,7,421,2,0.650791173974297,1,Medium,United Kingdom,RFM 7-9 (mid-low)
17987.0,185,5,889.92,177.98399999999998,845,91.25,365,3,4,3,10,343,1,0.4093057005005902,0,Medium,United Kingdom,RFM 10-12 (mid-high)
17988.0,12,14,479.59,34.25642857142857,185,55.38461538461539,720,5,5,2,12,552,0,0.4082686609152257,0,Medium,United Kingdom,RFM 10-12 (mid-high)
17989.0,379,1,207.33,207.33,300,,0,2,2,1,5,221,1,0.829396952708997,1,High,United Kingdom,RFM 3-6 (low)
17990.0,237,6,1522.5700000000002,253.76166666666668,765,99.0,495,2,4,4,10,244,1,0.4342979703142948,0,Medium,United Kingdom,RFM 10-12 (mid-high)
17991.0,225,3,300.3,100.1,93,183.0,366,2,3,2,7,232,1,0.582736815471057,1,Medium,United Kingdom,RFM 7-9 (mid-low)
17992.0,389,1,252.88,252.88,130,,0,2,2,1,5,221,1,0.8319961175294494,1,High,United Kingdom,RFM 3-6 (low)
17993.0,617,1,225.99,225.99,108,,0,1,2,1,4,121,1,0.8461631677818082,1,High,United Kingdom,RFM 3-6 (low)
17994.0,122,11,2219.58,201.78,2156,49.9,499,3,5,4,12,354,0,0.1735232372092406,0,Low,United Kingdom,RFM 10-12 (mid-high)
17995.0,282,3,495.48,165.16,263,52.5,105,2,3,2,7,232,1,0.7552601966207323,1,High,United Kingdom,RFM 7-9 (mid-low)
17996.0,380,3,482.33,160.77666666666667,587,83.0,166,2,3,2,7,232,1,0.6926263704296248,1,Medium,United Kingdom,RFM 7-9 (mid-low)
17997.0,74,8,1503.09,187.88625,2053,12.714285714285714,89,3,5,4,12,354,2,0.1654638308952578,0,Low,United Kingdom,RFM 10-12 (mid-high)
17998.0,380,3,601.74,200.58,531,179.0,358,2,3,3,8,233,1,0.6442826396825574,1,Medium,United Kingdom,RFM 7-9 (mid-low)
17999.0,37,3,528.46,176.15333333333334,286,170.5,341,4,3,2,9,432,2,0.4540489519018232,0,Medium,United Kingdom,RFM 7-9 (mid-low)
18000.0,564,1,124.25,124.25,109,,0,1,2,1,4,121,1,0.8825653279819295,1,High,United Kingdom,RFM 3-6 (low)
18001.0,12,6,924.14,154.02333333333334,874,145.0,725,5,4,3,12,543,2,0.3664173277294313,0,Low,United Kingdom,RFM 10-12 (mid-high)
18002.0,376,4,244.37,61.0925,71,118.33333333333331,355,2,4,1,7,241,1,0.74869302080771,1,High,United Kingdom,RFM 7-9 (mid-low)
18003.0,376,1,353.51,353.51,297,,0,2,2,2,6,222,1,0.8047936952844371,1,High,United Kingdom,RFM 3-6 (low)
18004.0,362,1,157.92,157.92,75,,0,2,2,1,5,221,1,0.910590660635915,1,High,United Kingdom,RFM 3-6 (low)
18005.0,4,2,226.47,113.235,86,43.0,43,5,3,1,9,531,2,0.4475802266496539,0,Medium,United Kingdom,RFM 7-9 (mid-low)
18006.0,23,4,969.51,242.3775,395,233.0,699,4,4,3,11,443,2,0.4338465530103904,0,Medium,United Kingdom,RFM 10-12 (mid-high)
18007.0,393,1,215.22,215.22,246,,0,2,2,1,5,221,1,0.8399819269327335,1,High,United Kingdom,RFM 3-6 (low)
18008.0,70,23,19759.08,859.0904347826087,7825,28.727272727272727,632,3,5,5,13,355,0,0.0436109409930532,0,Low,United Kingdom,RFM 13-15 (high)
18009.0,235,8,2065.48,258.185,635,59.57142857142857,417,2,5,4,11,254,1,0.4063893938094802,0,Medium,United Kingdom,RFM 10-12 (mid-high)
18010.0,257,1,174.8,174.8,60,,0,2,2,1,5,221,1,0.8992084517569029,1,High,United Kingdom,RFM 3-6 (low)
18011.0,373,2,410.79,205.395,125,194.0,194,2,3,2,7,232,1,0.7541962383403845,1,High,United Kingdom,RFM 7-9 (mid-low)
18012.0,723,1,115.3,115.3,63,,0,1,2,1,4,121,1,0.9022952785385004,1,High,United Kingdom,RFM 3-6 (low)
18013.0,155,2,187.29,93.645,285,0.0,0,3,3,1,7,331,1,0.6469001854037318,1,Medium,United Kingdom,RFM 7-9 (mid-low)
18014.0,28,1,162.22,162.22,66,,0,4,2,1,7,421,2,0.6124625804808841,1,Medium,United Kingdom,RFM 7-9 (mid-low)
18015.0,4,1,120.03,120.03,157,,0,5,2,1,8,521,2,0.6665721836660629,1,Medium,United Kingdom,RFM 7-9 (mid-low)
18016.0,32,7,1954.56,279.22285714285715,1207,108.0,648,4,4,4,12,444,2,0.1491927110767435,0,Low,United Kingdom,RFM 10-12 (mid-high)
18017.0,81,4,688.0,172.0,400,116.66666666666669,350,3,4,3,10,343,2,0.3908922952740991,0,Low,United Kingdom,RFM 10-12 (mid-high)
18018.0,108,4,156.69,39.1725,66,104.0,312,3,4,1,8,341,2,0.5654662973050695,1,Medium,United Kingdom,RFM 7-9 (mid-low)
18019.0,52,1,38.45,38.45,7,,0,4,2,1,7,421,2,0.6927490390868997,1,Medium,United Kingdom,RFM 7-9 (mid-low)
18020.0,544,1,129.28,129.28,43,,0,1,2,1,4,121,1,0.903835800410751,1,High,United Kingdom,RFM 3-6 (low)
18021.0,510,2,216.41,108.205,168,2.0,2,1,3,1,5,131,1,0.7580697145880729,1,High,United Kingdom,RFM 3-6 (low)
18022.0,36,5,1507.25,301.45,1311,127.5,510,4,4,4,12,444,2,0.2438717232212849,0,Low,United Kingdom,RFM 10-12 (mid-high)
18024.0,153,2,236.78,118.39,148,0.0,0,3,3,1,7,331,1,0.6384945806917314,1,Medium,United Kingdom,RFM 7-9 (mid-low)
18025.0,380,6,1177.72,196.28666666666663,1053,47.8,239,2,4,3,9,243,1,0.6470080121577264,1,Medium,United Kingdom,RFM 7-9 (mid-low)
18026.0,501,2,2074.07,1037.035,530,4.0,4,1,3,4,8,134,1,0.7387164167257991,1,High,United Kingdom,RFM 7-9 (mid-low)
18027.0,99,1,115.31,115.31,78,,0,3,2,1,6,321,1,0.7420007496116752,1,High,United Kingdom,RFM 3-6 (low)
18028.0,583,1,192.05,192.05,133,,0,1,2,1,4,121,1,0.8357838015478714,1,High,United Kingdom,RFM 3-6 (low)
18029.0,642,1,433.77,433.77,253,,0,1,2,2,5,122,1,0.7999302063794603,1,High,United Kingdom,RFM 3-6 (low)
18030.0,4,2,220.7,110.35,66,38.0,38,5,3,1,9,531,2,0.4628499956915195,0,Medium,United Kingdom,RFM 7-9 (mid-low)
18031.0,379,1,451.3,451.3,298,,0,2,2,2,6,222,1,0.7269412749308904,1,High,United Kingdom,RFM 3-6 (low)
18032.0,334,1,73.5,73.5,42,,0,2,2,1,5,221,1,0.8980245197105634,1,High,United Kingdom,RFM 3-6 (low)
18033.0,65,1,93.82,93.82,252,,0,3,2,1,6,321,2,0.719927748351508,1,High,United Kingdom,RFM 3-6 (low)
18034.0,22,3,754.2,251.4,951,176.5,353,4,3,3,10,433,2,0.4220300797563249,0,Medium,United Kingdom,RFM 10-12 (mid-high)
18035.0,36,5,1260.23,252.046,1134,87.25,349,4,4,4,12,444,2,0.1955167928276678,0,Low,United Kingdom,RFM 10-12 (mid-high)
18036.0,32,11,1545.49,140.4990909090909,741,68.9,689,4,5,4,13,454,0,0.2524789349728673,0,Low,United Kingdom,RFM 13-15 (high)
18037.0,154,15,167.42,11.161333333333332,37,41.642857142857146,583,3,5,1,9,351,0,0.4040602706626777,0,Medium,United Kingdom,RFM 7-9 (mid-low)
18038.0,556,1,141.48,141.48,80,,0,1,2,1,4,121,1,0.8887718930422415,1,High,United Kingdom,RFM 3-6 (low)
18039.0,374,4,548.22,137.055,555,88.66666666666667,266,2,4,2,8,242,1,0.6764062697082164,1,Medium,United Kingdom,RFM 7-9 (mid-low)
18040.0,19,2,357.20000000000005,178.60000000000002,148,226.0,226,4,3,2,9,432,2,0.5050763832254743,1,Medium,United Kingdom,RFM 7-9 (mid-low)
18041.0,12,38,7936.04,208.84315789473683,7019,18.45945945945946,683,5,5,5,15,555,0,0.0205838100205413,0,Low,United Kingdom,RFM 13-15 (high)
18042.0,54,2,281.15,140.575,69,488.0,488,4,3,2,9,432,2,0.6297598376114864,1,Medium,United Kingdom,RFM 7-9 (mid-low)
18043.0,25,3,529.29,176.42999999999998,265,171.0,342,4,3,2,9,432,2,0.4491240894686518,0,Medium,United Kingdom,RFM 7-9 (mid-low)
18044.0,4,18,3502.66,194.5922222222222,1597,32.64705882352941,555,5,5,5,15,555,0,0.0366631341252089,0,Low,United Kingdom,RFM 13-15 (high)
18045.0,45,1,178.34,178.34,138,,0,4,2,1,7,421,2,0.5266577726703304,1,Medium,United Kingdom,RFM 7-9 (mid-low)
18046.0,650,1,189.63,189.63,44,,0,1,2,1,4,121,1,0.8760667397515239,1,High,United Kingdom,RFM 3-6 (low)
18047.0,381,2,326.09,163.045,130,0.0,0,2,3,2,7,232,1,0.7367109137072896,1,High,United Kingdom,RFM 7-9 (mid-low)
18048.0,203,3,394.93,131.64333333333337,256,145.0,290,2,3,2,7,232,1,0.5378130487079663,1,Medium,United Kingdom,RFM 7-9 (mid-low)
18049.0,437,2,500.92,250.46,402,153.0,153,1,3,2,6,132,1,0.6925116908747885,1,Medium,United Kingdom,RFM 3-6 (low)
18050.0,359,2,412.06,206.03,250,33.0,33,2,3,2,7,232,1,0.7854124807936058,1,High,United Kingdom,RFM 7-9 (mid-low)
18051.0,634,7,2275.98,325.14,1657,16.0,96,1,4,4,9,144,1,0.6950312017359377,1,Medium,United Kingdom,RFM 7-9 (mid-low)
18052.0,565,1,10877.18,10877.18,17766,,0,1,2,5,8,125,1,0.7830369765676645,1,High,United Kingdom,RFM 7-9 (mid-low)
18053.0,71,3,527.77,175.92333333333332,402,228.0,456,3,3,2,8,332,2,0.4901550213158425,0,Medium,United Kingdom,RFM 7-9 (mid-low)
18054.0,393,1,176.5,176.5,96,,0,2,2,1,5,221,1,0.8851769967405673,1,High,United Kingdom,RFM 3-6 (low)
18055.0,7,14,10110.59,722.1850000000001,3529,31.23076923076923,406,5,5,5,15,555,0,0.0455838145066667,0,Low,United Kingdom,RFM 13-15 (high)
18056.0,288,2,539.75,269.875,331,330.0,330,2,3,2,7,232,1,0.664902726756743,1,Medium,United Kingdom,RFM 7-9 (mid-low)
18057.0,393,3,1188.46,396.15333333333336,970,148.5,297,2,3,4,9,234,1,0.58028631866475,1,Medium,United Kingdom,RFM 7-9 (mid-low)
18058.0,10,3,774.06,258.02,394,328.5,657,5,3,3,11,533,2,0.5149362084532129,1,Medium,United Kingdom,RFM 10-12 (mid-high)
18059.0,23,3,296.71,98.90333333333332,258,22.0,44,4,3,2,9,432,2,0.4626439289250008,0,Medium,United Kingdom,RFM 7-9 (mid-low)
18060.0,408,2,1185.46,592.73,902,156.0,156,2,3,4,9,234,1,0.6350296310099658,1,Medium,United Kingdom,RFM 7-9 (mid-low)
18061.0,22,28,6075.31,216.97535714285715,3358,26.40740740740741,713,4,5,5,14,455,0,0.0230899168443322,0,Low,United Kingdom,RFM 13-15 (high)
18062.0,173,6,1523.37,253.895,817,84.8,424,3,4,4,11,344,1,0.2890108827192483,0,Low,United Kingdom,RFM 10-12 (mid-high)
18063.0,391,2,186.6,93.3,48,242.0,242,2,3,1,6,231,1,0.7694807417576874,1,High,United Kingdom,RFM 3-6 (low)
18064.0,133,11,4427.98,402.5436363636363,2635,54.3,543,3,5,5,13,355,0,0.1582527269874362,0,Low,United Kingdom,RFM 13-15 (high)
18065.0,6,29,5836.88,201.27172413793105,2258,25.857142857142858,724,5,5,5,15,555,0,0.0292130393686785,0,Low,United Kingdom,RFM 13-15 (high)
18066.0,75,3,1440.4,480.1333333333334,535,170.0,340,3,3,4,10,334,2,0.5312087231498858,1,Medium,United Kingdom,RFM 10-12 (mid-high)
18067.0,40,1,396.33,396.33,189,,0,4,2,2,8,422,2,0.4727151153934237,0,Medium,United Kingdom,RFM 7-9 (mid-low)
18068.0,289,1,101.7,101.7,6,,0,2,2,1,5,221,1,0.8767763773002544,1,High,United Kingdom,RFM 3-6 (low)
18069.0,26,11,4450.07,404.5518181818181,3165,62.2,622,4,5,5,14,455,0,0.0500261447435504,0,Low,United Kingdom,RFM 13-15 (high)
18070.0,669,1,307.75,307.75,85,,0,1,2,2,5,122,1,0.8466688075917392,1,High,United Kingdom,RFM 3-6 (low)
18071.0,258,6,1169.68,194.9466666666667,690,95.4,477,2,4,3,9,243,1,0.4564850094121089,0,Medium,United Kingdom,RFM 7-9 (mid-low)
18072.0,186,1,-5.329070518200751e-15,-5.329070518200751e-15,46,,0,3,2,1,6,321,1,0.8147594405218279,1,High,United Kingdom,RFM 3-6 (low)
18073.0,114,12,3846.74,320.56166666666667,3092,7.454545454545454,82,3,5,5,13,355,0,0.1730386756468455,0,Low,United Kingdom,RFM 13-15 (high)
18074.0,374,2,1019.44,509.72,361,131.0,131,2,3,3,8,233,1,0.6599372256409901,1,Medium,United Kingdom,RFM 7-9 (mid-low)
18075.0,23,20,5579.91,278.9955,3219,25.0,475,4,5,5,14,455,0,0.0313842325696536,0,Low,United Kingdom,RFM 13-15 (high)
18076.0,380,1,151.49,151.49,164,,0,2,2,1,5,221,1,0.8571752351556711,1,High,United Kingdom,RFM 3-6 (low)
18077.0,8,18,4078.79,226.59944444444443,3020,42.588235294117645,724,5,5,5,15,555,0,0.0317574667701365,0,Low,United Kingdom,RFM 13-15 (high)
18078.0,217,4,725.53,181.3825,370,136.66666666666666,410,2,4,3,9,243,1,0.4675374574030145,0,Medium,United Kingdom,RFM 7-9 (mid-low)
18079.0,45,5,4203.93,840.7860000000001,8730,111.5,446,4,4,5,13,445,2,0.123945407411794,0,Low,United Kingdom,RFM 13-15 (high)
18080.0,19,2,1231.5,615.75,642,223.0,223,4,3,4,11,434,2,0.4386124060119187,0,Medium,United Kingdom,RFM 10-12 (mid-high)
18081.0,36,3,343.45,114.48333333333332,195,48.5,97,4,3,2,9,432,2,0.4506348925316004,0,Medium,United Kingdom,RFM 7-9 (mid-low)
18082.0,26,1,680.84,680.84,608,,0,4,2,3,9,423,2,0.3785785617796229,0,Low,United Kingdom,RFM 7-9 (mid-low)
18083.0,398,1,463.53,463.53,268,,0,2,2,2,6,222,1,0.7119494371378601,1,High,United Kingdom,RFM 3-6 (low)
18084.0,16,3,176.02999999999997,58.676666666666655,329,186.0,372,5,3,1,9,531,2,0.566224914928415,1,Medium,United Kingdom,RFM 7-9 (mid-low)
18085.0,330,4,1341.85,335.46250000000003,507,99.33333333333331,298,2,4,4,10,244,1,0.598907653664718,1,Medium,United Kingdom,RFM 10-12 (mid-high)
18086.0,274,1,101.34,101.34,106,,0,2,2,1,5,221,1,0.8555959291093354,1,High,United Kingdom,RFM 3-6 (low)
18087.0,98,17,14411.62,847.7423529411764,7428,40.0,640,3,5,5,13,355,0,0.1096229126779204,0,Low,United Kingdom,RFM 13-15 (high)
18088.0,61,1,166.03,166.03,107,,0,3,2,1,6,321,2,0.6196531545546168,1,Medium,United Kingdom,RFM 3-6 (low)
18089.0,447,1,428.45,428.45,95,,0,1,2,2,5,122,1,0.8081045102100588,1,High,United Kingdom,RFM 3-6 (low)
18090.0,422,1,321.9,321.9,307,,0,1,2,2,5,122,1,0.8221970979396359,1,High,United Kingdom,RFM 3-6 (low)
18091.0,593,1,360.85,360.85,539,,0,1,2,2,5,122,1,0.8259647053254646,1,High,United Kingdom,RFM 3-6 (low)
18092.0,2,18,14687.47,815.9705555555555,8295,43.11764705882353,733,5,5,5,15,555,0,0.031162223767638,0,Low,United Kingdom,RFM 13-15 (high)
18093.0,93,8,4429.61,553.70125,3418,75.0,525,3,5,5,13,355,0,0.1265122580011303,0,Low,United Kingdom,RFM 13-15 (high)
18094.0,82,13,6322.62,486.3553846153846,4128,51.583333333333336,619,3,5,5,13,355,0,0.063648659344969,0,Low,United Kingdom,RFM 13-15 (high)
18095.0,313,5,2303.09,460.61800000000005,1623,71.5,286,2,4,4,10,244,1,0.4714166705646759,0,Medium,United Kingdom,RFM 10-12 (mid-high)
18096.0,12,6,1657.87,276.31166666666667,1409,100.2,501,5,4,4,13,544,2,0.1370244148109943,0,Low,United Kingdom,RFM 13-15 (high)
18097.0,8,11,4616.77,419.7063636363637,2711,71.5,715,5,5,5,15,555,0,0.0555536903487365,0,Low,United Kingdom,RFM 13-15 (high)
18098.0,396,1,527.94,527.94,215,,0,2,2,2,6,222,1,0.726084581791076,1,High,United Kingdom,RFM 3-6 (low)
18099.0,127,1,168.31,168.31,149,,0,3,2,1,6,321,1,0.7442875058322366,1,High,United Kingdom,RFM 3-6 (low)
18100.0,550,1,451.56,451.56,440,,0,1,2,2,5,122,1,0.7790462654185046,1,High,United Kingdom,RFM 3-6 (low)
18101.0,11,5,622.01,124.402,247,165.5,662,5,4,3,12,543,2,0.4395431052350481,0,Medium,United Kingdom,RFM 10-12 (mid-high)
18102.0,1,145,570380.61,3933.659379310345,180415,5.125,738,5,5,5,15,555,3,0.0292388916107604,0,Low,United Kingdom,RFM 13-15 (high)
18103.0,549,1,105.8,105.8,23,,0,1,2,1,4,121,1,0.9014978662758488,1,High,United Kingdom,RFM 3-6 (low)
18104.0,37,1,754.64,754.64,362,,0,4,2,3,9,423,2,0.4103115062699282,0,Medium,United Kingdom,RFM 7-9 (mid-low)
18105.0,38,1,113.48000000000002,113.48000000000002,46,,0,4,2,1,7,421,2,0.6948580151465146,1,Medium,United Kingdom,RFM 7-9 (mid-low)
18106.0,330,6,1441.06,240.17666666666665,506,72.8,364,2,4,4,10,244,1,0.5597637156918855,1,Medium,United Kingdom,RFM 10-12 (mid-high)
18107.0,442,1,165.88,165.88,65,,0,1,2,1,4,121,1,0.9044568560594716,1,High,United Kingdom,RFM 3-6 (low)
18108.0,254,3,842.46,280.82,259,241.5,483,2,3,3,8,233,1,0.557928520089756,1,Medium,United Kingdom,RFM 7-9 (mid-low)
18109.0,2,38,9416.41,247.8002631578948,4799,14.16216216216216,524,5,5,5,15,555,0,0.0199560566761886,0,Low,United Kingdom,RFM 13-15 (high)
18110.0,20,2,362.03,181.015,162,391.0,391,4,3,2,9,432,2,0.6629135403924127,1,Medium,United Kingdom,RFM 7-9 (mid-low)
18111.0,589,1,398.9,398.9,228,,0,1,2,2,5,122,1,0.8058030432373883,1,High,United Kingdom,RFM 3-6 (low)
18112.0,12,4,773.36,193.34,443,179.66666666666666,539,5,4,3,12,543,2,0.4340774509119473,0,Medium,United Kingdom,RFM 10-12 (mid-high)
18113.0,369,1,76.32000000000001,76.32000000000001,72,,0,2,2,1,5,221,1,0.90552074081028,1,High,United Kingdom,RFM 3-6 (low)
18114.0,290,1,220.1,220.1,55,,0,2,2,1,5,221,1,0.8555240882664451,1,High,United Kingdom,RFM 3-6 (low)
18115.0,698,1,9.7,9.7,3,,0,1,2,1,4,121,1,0.8705692281186873,1,High,United Kingdom,RFM 3-6 (low)
18116.0,68,13,2134.49,164.19153846153847,1267,28.58333333333333,343,3,5,4,12,354,0,0.1083668876722142,0,Low,United Kingdom,RFM 10-12 (mid-high)
18117.0,26,1,315.65,315.65,605,,0,4,2,2,8,422,2,0.402007836363523,0,Medium,United Kingdom,RFM 7-9 (mid-low)
18118.0,11,29,6157.87,212.3403448275862,3177,13.214285714285714,370,5,5,5,15,555,0,0.060192271126319,0,Low,United Kingdom,RFM 13-15 (high)
18119.0,368,1,180.7,180.7,124,,0,2,2,1,5,221,1,0.862312652865328,1,High,United Kingdom,RFM 3-6 (low)
18120.0,214,1,111.15,111.15,31,,0,2,2,1,5,221,1,0.8495037764453311,1,High,United Kingdom,RFM 3-6 (low)
18121.0,149,2,653.3,326.65,438,5.0,5,3,3,3,9,333,1,0.5075307757455727,1,Medium,United Kingdom,RFM 7-9 (mid-low)
18122.0,8,6,1793.06,298.8433333333333,1225,28.4,142,5,4,4,13,544,2,0.1603363915058374,0,Low,United Kingdom,RFM 13-15 (high)
18123.0,24,3,666.64,222.2133333333333,616,244.5,489,4,3,3,10,433,2,0.4603279814754673,0,Medium,United Kingdom,RFM 10-12 (mid-high)
18124.0,472,1,102.65,102.65,47,,0,1,2,1,4,121,1,0.908312115551916,1,High,United Kingdom,RFM 3-6 (low)
18125.0,30,4,1130.1,282.525,799,95.33333333333331,286,4,4,3,11,443,2,0.3015702475250534,0,Low,United Kingdom,RFM 10-12 (mid-high)
18126.0,61,1,200.92,200.92,135,,0,3,2,1,6,321,2,0.5440898528891609,1,Medium,United Kingdom,RFM 3-6 (low)
18127.0,19,4,556.13,139.0325,250,128.0,384,4,4,2,10,442,2,0.4312574593531525,0,Medium,United Kingdom,RFM 10-12 (mid-high)
18128.0,537,1,399.29,399.29,216,,0,1,2,2,5,122,1,0.8189667797079134,1,High,United Kingdom,RFM 3-6 (low)
18129.0,243,1,112.55,112.55,48,,0,2,2,1,5,221,1,0.8716229886629933,1,High,United Kingdom,RFM 3-6 (low)
18130.0,15,3,1045.74,348.58,817,20.5,41,5,3,3,11,533,2,0.2485754653293631,0,Low,United Kingdom,RFM 10-12 (mid-high)
18131.0,632,1,222.96,222.96,552,,0,1,2,1,4,121,1,0.8390187453706222,1,High,United Kingdom,RFM 3-6 (low)
18132.0,504,1,220.13,220.13,212,,0,1,2,1,4,121,1,0.8516326326859744,1,High,United Kingdom,RFM 3-6 (low)
18133.0,212,1,715.4999999999999,715.4999999999999,0,,0,2,2,3,7,223,1,0.7682965372528965,1,High,United Kingdom,RFM 7-9 (mid-low)
18134.0,598,2,445.0,222.5,128,96.0,96,1,3,2,6,132,1,0.7695796086099144,1,High,United Kingdom,RFM 3-6 (low)
18135.0,29,10,1229.22,122.922,749,67.22222222222223,605,4,5,4,13,454,0,0.2693116072667901,0,Low,United Kingdom,RFM 13-15 (high)
18136.0,63,5,1531.71,306.342,837,96.75,387,3,4,4,11,344,2,0.2510157647801002,0,Low,United Kingdom,RFM 10-12 (mid-high)
18137.0,551,2,145.99,72.995,59,0.0,0,1,3,1,5,131,1,0.7622817054503619,1,High,United Kingdom,RFM 3-6 (low)
18138.0,295,1,152.65,152.65,38,,0,2,2,1,5,221,1,0.8855420549983445,1,High,United Kingdom,RFM 3-6 (low)
18139.0,18,6,8393.22,1398.87,5461,0.0,0,5,4,5,14,545,0,0.2304485768026667,0,Low,United Kingdom,RFM 13-15 (high)
18140.0,474,1,536.41,536.41,395,,0,1,2,2,5,122,1,0.7567248040496114,1,High,West Indies,RFM 3-6 (low)
18141.0,402,2,838.57,419.285,420,187.0,187,2,3,3,8,233,1,0.644813340777465,1,Medium,United Kingdom,RFM 7-9 (mid-low)
18142.0,157,2,1014.9,507.45,1273,58.0,58,3,3,3,9,333,1,0.4649702035481715,0,Medium,United Kingdom,RFM 7-9 (mid-low)
18143.0,117,2,1000.16,500.08,570,25.0,25,3,3,3,9,333,1,0.4720900784549973,0,Medium,United Kingdom,RFM 7-9 (mid-low)
18144.0,8,19,4892.95,257.5236842105263,2144,39.72222222222222,715,5,5,5,15,555,0,0.0286370957763055,0,Low,United Kingdom,RFM 13-15 (high)
18145.0,13,11,5592.04,508.36727272727273,5098,71.8,718,5,5,5,15,555,0,0.0458153637003382,0,Low,United Kingdom,RFM 13-15 (high)
18146.0,141,2,160.35000000000002,80.17500000000001,153,79.0,79,3,3,1,7,331,1,0.6447338864551468,1,Medium,United Kingdom,RFM 7-9 (mid-low)
18147.0,46,2,179.33999999999995,89.66999999999999,203,62.0,62,4,3,1,8,431,2,0.595125803186218,1,Medium,United Kingdom,RFM 7-9 (mid-low)
18148.0,647,1,112.85,112.85,63,,0,1,2,1,4,121,1,0.9054028633732768,1,High,United Kingdom,RFM 3-6 (low)
18149.0,51,7,1553.96,221.99428571428567,869,97.33333333333331,584,4,4,4,12,444,2,0.2583279122077314,0,Low,United Kingdom,RFM 10-12 (mid-high)
18150.0,32,3,566.58,188.86,332,84.5,169,4,3,2,9,432,2,0.3775728757227666,0,Low,United Kingdom,RFM 7-9 (mid-low)
18151.0,135,6,1853.94,308.99,980,102.2,511,3,4,4,11,344,2,0.236978613709651,0,Low,United Kingdom,RFM 10-12 (mid-high)
18152.0,646,1,426.69,426.69,75,,0,1,2,2,5,122,1,0.8166176280576546,1,High,United Kingdom,RFM 3-6 (low)
18153.0,659,1,246.22,246.22,200,,0,1,2,1,4,121,1,0.8386479348634107,1,High,United Kingdom,RFM 3-6 (low)
18154.0,3,5,932.6,186.52,626,121.75,487,5,4,3,12,543,2,0.3280434942824788,0,Low,United Kingdom,RFM 10-12 (mid-high)
18155.0,75,3,347.82,115.94,258,108.0,216,3,3,2,8,332,2,0.5198229615542379,1,Medium,United Kingdom,RFM 7-9 (mid-low)
18156.0,13,2,675.64,337.82,283,356.0,356,5,3,3,11,533,2,0.4977182575068046,0,Medium,United Kingdom,RFM 10-12 (mid-high)
18157.0,571,1,213.9,213.9,145,,0,1,2,1,4,121,1,0.8481685581867385,1,High,United Kingdom,RFM 3-6 (low)
18158.0,9,2,451.75,225.875,353,79.0,79,5,3,2,10,532,2,0.3663428097231203,0,Low,United Kingdom,RFM 10-12 (mid-high)
18159.0,301,1,530.15,530.15,139,,0,2,2,2,6,222,1,0.7191199907694287,1,High,United Kingdom,RFM 3-6 (low)
18160.0,57,3,1003.88,334.62666666666667,519,164.0,328,4,3,3,10,433,2,0.4826554703591091,0,Medium,United Kingdom,RFM 10-12 (mid-high)
18161.0,15,6,1797.2,299.53333333333336,963,72.8,364,5,4,4,13,544,2,0.1672895191244805,0,Low,United Kingdom,RFM 13-15 (high)
18162.0,732,1,371.51,371.51,332,,0,1,2,2,5,122,1,0.8381143415668979,1,High,United Kingdom,RFM 3-6 (low)
18163.0,584,1,639.34,639.34,430,,0,1,2,3,6,123,1,0.7439976657044334,1,High,United Kingdom,RFM 3-6 (low)
18164.0,37,1,394.7,394.7,183,,0,4,2,2,8,422,2,0.4709112772403432,0,Medium,United Kingdom,RFM 7-9 (mid-low)
18165.0,177,1,302.46000000000004,302.46000000000004,254,,0,3,2,2,7,322,1,0.6907104782857831,1,Medium,United Kingdom,RFM 7-9 (mid-low)
18166.0,624,1,175.5,175.5,90,,0,1,2,1,4,121,1,0.8770463594026359,1,High,United Kingdom,RFM 3-6 (low)
18167.0,23,3,1355.51,451.8366666666666,359,41.0,82,4,3,4,11,434,2,0.3367983398687741,0,Low,United Kingdom,RFM 10-12 (mid-high)
18168.0,176,16,3352.3,209.51875,1968,37.333333333333336,560,3,5,5,13,355,0,0.2166013928835125,0,Low,United Kingdom,RFM 13-15 (high)
18169.0,61,1,202.65,202.65,61,,0,3,2,1,6,321,2,0.6156094896426683,1,Medium,United Kingdom,RFM 3-6 (low)
18170.0,33,9,2878.0,319.77777777777777,1184,83.375,667,4,5,5,14,455,0,0.1070815992576893,0,Low,United Kingdom,RFM 13-15 (high)
18171.0,59,9,2414.51,268.2788888888889,987,80.5,644,3,5,4,12,354,0,0.1393498035615141,0,Low,United Kingdom,RFM 10-12 (mid-high)
18172.0,15,52,17289.23,332.4851923076923,7377,14.0,714,5,5,5,15,555,3,0.0206432803763791,0,Low,United Kingdom,RFM 13-15 (high)
18173.0,87,5,2696.36,539.272,1730,131.5,526,3,4,4,11,344,2,0.2085036050233084,0,Low,United Kingdom,RFM 10-12 (mid-high)
18174.0,7,2,162.5,81.25,80,596.0,596,5,3,1,9,531,2,0.6171480229326627,1,Medium,United Kingdom,RFM 7-9 (mid-low)
18175.0,676,1,176.1,176.1,70,,0,1,2,1,4,121,1,0.9027962499532696,1,High,United Kingdom,RFM 3-6 (low)
18176.0,358,1,448.65,448.65,279,,0,2,2,2,6,222,1,0.7429536895256156,1,High,United Kingdom,RFM 3-6 (low)
18177.0,31,9,2189.07,243.23,1233,86.5,692,4,5,4,13,454,0,0.1547589235864683,0,Low,United Kingdom,RFM 13-15 (high)
18178.0,129,11,6054.49,550.4081818181818,3841,53.0,530,3,5,5,13,355,0,0.1565566073943022,0,Low,United Kingdom,RFM 13-15 (high)
18179.0,9,8,2547.55,318.44375,1811,93.42857142857144,654,5,5,4,14,554,0,0.1030222664407691,0,Low,United Kingdom,RFM 13-15 (high)
18180.0,5,6,1843.75,307.2916666666667,1721,27.4,137,5,4,4,13,544,2,0.1648960620463746,0,Low,United Kingdom,RFM 13-15 (high)
18181.0,24,5,1166.61,233.322,507,177.5,710,4,4,3,11,443,2,0.3955340812294119,0,Low,United Kingdom,RFM 10-12 (mid-high)
18182.0,463,1,291.13,291.13,167,,0,1,2,2,5,122,1,0.8259386762116567,1,High,United Kingdom,RFM 3-6 (low)
18183.0,227,2,600.52,300.26,362,47.0,47,2,3,3,8,233,1,0.5813978085369809,1,Medium,United Kingdom,RFM 7-9 (mid-low)
18184.0,15,1,49.8,49.8,60,,0,5,2,1,8,521,2,0.6880779196663336,1,Medium,United Kingdom,RFM 7-9 (mid-low)
18185.0,249,1,304.25,304.25,183,,0,2,2,2,6,222,1,0.7216693535824947,1,High,United Kingdom,RFM 3-6 (low)
18186.0,723,1,329.58,329.58,338,,0,1,2,2,5,122,1,0.8336029592552627,1,High,United Kingdom,RFM 3-6 (low)
18187.0,632,1,682.19,682.19,304,,0,1,2,3,6,123,1,0.7352704405921991,1,High,United Kingdom,RFM 3-6 (low)
18188.0,15,6,3263.19,543.865,1884,121.6,608,5,4,5,14,545,2,0.1167754969639219,0,Low,United Kingdom,RFM 13-15 (high)
18189.0,78,3,1396.58,465.5266666666666,833,274.0,548,3,3,4,10,334,2,0.4697991607190158,0,Medium,United Kingdom,RFM 10-12 (mid-high)
18190.0,192,5,735.6700000000001,147.134,489,131.25,525,2,4,3,9,243,1,0.4662095973212716,0,Medium,United Kingdom,RFM 7-9 (mid-low)
18191.0,262,2,529.4,264.7,332,215.0,215,2,3,2,7,232,1,0.5487905407965519,1,Medium,United Kingdom,RFM 7-9 (mid-low)
18192.0,72,1,957.97,957.97,339,,0,3,2,3,8,323,1,0.6160649633952219,1,Medium,United Kingdom,RFM 7-9 (mid-low)
18193.0,165,3,1176.55,392.1833333333333,922,138.5,277,3,3,3,9,333,1,0.4659262832323755,0,Medium,United Kingdom,RFM 7-9 (mid-low)
18194.0,82,6,4084.2,680.7,1590,119.4,597,3,4,5,12,345,2,0.1362480839429839,0,Low,United Kingdom,RFM 10-12 (mid-high)
18195.0,387,1,101.16,101.16,60,,0,2,2,1,5,221,1,0.9063427345427008,1,High,United Kingdom,RFM 3-6 (low)
18196.0,95,4,1457.19,364.2975,1038,179.0,537,3,4,4,11,344,2,0.37354881339581,0,Low,United Kingdom,RFM 10-12 (mid-high)
18197.0,576,1,221.4,221.4,162,,0,1,2,1,4,121,1,0.8426988134828313,1,High,United Kingdom,RFM 3-6 (low)
18198.0,4,17,5083.06,299.0035294117647,3839,20.75,332,5,5,5,15,555,0,0.0588902275967229,0,Low,United Kingdom,RFM 13-15 (high)
18199.0,684,1,342.2,342.2,98,,0,1,2,2,5,122,1,0.842954015629703,1,High,United Kingdom,RFM 3-6 (low)
18200.0,106,1,150.35,150.35,104,,0,3,2,1,6,321,1,0.6934109324167553,1,Medium,United Kingdom,RFM 3-6 (low)
18201.0,723,1,447.53,447.53,191,,0,1,2,2,5,122,1,0.792345119586672,1,High,United Kingdom,RFM 3-6 (low)
18202.0,200,3,1396.99,465.66333333333336,581,55.5,111,2,3,4,9,234,1,0.5566492936735389,1,Medium,United Kingdom,RFM 7-9 (mid-low)
18203.0,157,4,492.52,123.13,111,191.0,573,3,4,2,9,342,1,0.4918245192513296,0,Medium,United Kingdom,RFM 7-9 (mid-low)
18204.0,71,3,1960.95,653.65,1188,60.5,121,3,3,4,10,334,2,0.3472392804715841,0,Low,United Kingdom,RFM 10-12 (mid-high)
18205.0,36,2,517.36,258.68,192,38.0,38,4,3,2,9,432,2,0.3735387145087643,0,Low,United Kingdom,RFM 7-9 (mid-low)
18206.0,553,1,314.66,314.66,246,,0,1,2,2,5,122,1,0.8255136628692722,1,High,United Kingdom,RFM 3-6 (low)
18207.0,499,1,505.12,505.12,300,,0,1,2,2,5,122,1,0.7743000361097675,1,High,United Kingdom,RFM 3-6 (low)
18208.0,566,1,360.08,360.08,82,,0,1,2,2,5,122,1,0.8608436803670808,1,High,United Kingdom,RFM 3-6 (low)
18209.0,29,1,139.10000000000002,139.10000000000002,58,,0,4,2,1,7,421,2,0.6171174101289288,1,Medium,United Kingdom,RFM 7-9 (mid-low)
18210.0,2,7,2768.83,395.5471428571428,1499,63.5,381,5,4,4,13,544,0,0.0973996692750921,0,Low,United Kingdom,RFM 13-15 (high)
18211.0,26,5,600.07,120.014,359,63.0,252,4,4,3,11,443,2,0.3870146020042306,0,Low,United Kingdom,RFM 10-12 (mid-high)
18212.0,326,2,514.37,257.185,158,351.0,351,2,3,2,7,232,1,0.6962189031716559,1,Medium,United Kingdom,RFM 7-9 (mid-low)
18213.0,237,1,232.48,232.48,232,,0,2,2,1,5,221,1,0.7355682329015084,1,High,United Kingdom,RFM 3-6 (low)
18214.0,531,4,1480.99,370.2475,790,7.666666666666667,23,1,4,4,9,144,1,0.6894674658183092,1,Medium,United Kingdom,RFM 7-9 (mid-low)
18215.0,89,5,2223.99,444.79800000000006,1130,133.5,534,3,4,4,11,344,2,0.2497720662497382,0,Low,United Kingdom,RFM 10-12 (mid-high)
18216.0,31,1,481.75,481.75,200,,0,4,2,2,8,422,2,0.4349159026693281,0,Medium,United Kingdom,RFM 7-9 (mid-low)
18217.0,29,4,902.8,225.7,710,165.33333333333334,496,4,4,3,11,443,2,0.3117843140279954,0,Low,United Kingdom,RFM 10-12 (mid-high)
18218.0,211,4,1086.14,271.535,990,149.33333333333334,448,2,4,3,9,243,1,0.452983866386988,0,Medium,United Kingdom,RFM 7-9 (mid-low)
18219.0,3,17,3297.2000000000003,193.9529411764706,1582,45.5625,729,5,5,5,15,555,0,0.0420319825572979,0,Low,United Kingdom,RFM 13-15 (high)
18220.0,227,6,1771.7,295.28333333333336,1258,99.4,497,2,4,4,10,244,1,0.3559780474627075,0,Low,United Kingdom,RFM 10-12 (mid-high)
18221.0,22,6,1370.34,228.39,984,73.4,367,4,4,4,12,444,2,0.163277621556858,0,Low,United Kingdom,RFM 10-12 (mid-high)
18222.0,93,1,443.0,443.0,335,,0,3,2,2,7,322,1,0.6076875809793016,1,Medium,United Kingdom,RFM 7-9 (mid-low)
18223.0,5,26,13497.58,519.1376923076923,6460,29.2,730,5,5,5,15,555,0,0.0219667989030295,0,Low,United Kingdom,RFM 13-15 (high)
18224.0,264,1,158.95000000000002,158.95000000000002,69,,0,2,2,1,5,221,1,0.8913038664226501,1,High,United Kingdom,RFM 3-6 (low)
18225.0,3,26,12643.25,486.2788461538461,7217,29.24,731,5,5,5,15,555,0,0.0208301976551572,0,Low,United Kingdom,RFM 13-15 (high)
18226.0,44,26,11748.58,451.86846153846153,7830,24.0,600,4,5,5,14,455,0,0.0349576126883392,0,Low,United Kingdom,RFM 13-15 (high)
18227.0,218,2,93.75,46.875,21,266.0,266,2,3,1,6,231,1,0.6120530698604867,1,Medium,United Kingdom,RFM 3-6 (low)
18228.0,57,2,769.2,384.6,236,22.0,22,4,3,3,10,433,2,0.4595725611024086,0,Medium,United Kingdom,RFM 10-12 (mid-high)
18229.0,12,28,10150.51,362.5182142857143,3071,26.814814814814813,724,5,5,5,15,555,0,0.0205052510674194,0,Low,United Kingdom,RFM 13-15 (high)
18230.0,9,9,4197.46,466.38444444444445,1978,64.5,516,5,5,5,15,555,0,0.064675833494429,0,Low,United Kingdom,RFM 13-15 (high)
18231.0,192,28,6821.37,243.6203571428572,2900,18.74074074074074,506,2,5,5,12,255,0,0.4207930534752788,0,Medium,United Kingdom,RFM 10-12 (mid-high)
18232.0,82,4,582.47,145.6175,299,38.333333333333336,115,3,4,2,9,342,2,0.4189550554717932,0,Medium,United Kingdom,RFM 7-9 (mid-low)
18233.0,326,1,440.0,440.0,4,,0,2,2,2,6,222,1,0.7940672118576164,1,High,United Kingdom,RFM 3-6 (low)
18234.0,552,1,179.6,179.6,80,,0,1,2,1,4,121,1,0.8897196447539025,1,High,United Kingdom,RFM 3-6 (low)
18235.0,72,3,1796.48,598.8266666666667,1578,72.5,145,3,3,4,10,334,2,0.3266529714862396,0,Low,United Kingdom,RFM 10-12 (mid-high)
18236.0,30,12,1795.35,149.6125,696,52.09090909090909,573,4,5,4,13,454,0,0.1969140633711023,0,Low,United Kingdom,RFM 13-15 (high)
18237.0,3,5,987.1,197.42,622,32.75,131,5,4,3,12,543,2,0.2663325071932685,0,Low,United Kingdom,RFM 10-12 (mid-high)
18238.0,515,1,270.92,270.92,114,,0,1,2,2,5,122,1,0.8214027813860844,1,High,United Kingdom,RFM 3-6 (low)
18239.0,219,6,1712.26,285.37666666666667,844,40.8,204,2,4,4,10,244,1,0.4864862747898874,0,Medium,United Kingdom,RFM 10-12 (mid-high)
18240.0,46,1,422.58,422.58,126,,0,4,2,2,8,422,2,0.5210624095532108,1,Medium,United Kingdom,RFM 7-9 (mid-low)
18241.0,10,21,2954.09,140.6709523809524,1465,30.4,608,5,5,5,15,555,0,0.0471131000374665,0,Low,United Kingdom,RFM 13-15 (high)
18242.0,72,8,3605.21,450.65125,2021,89.28571428571429,625,3,5,5,13,355,0,0.1355168783886273,0,Low,United Kingdom,RFM 13-15 (high)
18243.0,414,1,515.78,515.78,221,,0,1,2,2,5,122,1,0.7497040265890065,1,High,United Kingdom,RFM 3-6 (low)
18244.0,431,2,568.64,284.32,856,72.0,72,1,3,2,6,132,1,0.704939462592201,1,High,United Kingdom,RFM 3-6 (low)
18245.0,7,20,6236.2300000000005,311.8115,5078,33.31578947368421,633,5,5,5,15,555,0,0.0202967970916617,0,Low,United Kingdom,RFM 13-15 (high)
18246.0,24,3,758.8199999999999,252.94,214,293.0,586,4,3,3,10,433,2,0.5001998266632532,1,Medium,United Kingdom,RFM 10-12 (mid-high)
18247.0,415,3,721.43,240.47666666666663,305,108.0,216,1,3,3,7,133,1,0.6527411748681182,1,Medium,United Kingdom,RFM 7-9 (mid-low)
18248.0,123,2,783.02,391.51,501,63.0,63,3,3,3,9,333,1,0.4890127304002653,0,Medium,United Kingdom,RFM 7-9 (mid-low)
18249.0,17,1,95.34,95.34,128,,0,5,2,1,8,521,2,0.6824984328545642,1,Medium,United Kingdom,RFM 7-9 (mid-low)
18250.0,310,1,342.92,342.92,198,,0,2,2,2,6,222,1,0.8138828915947893,1,High,United Kingdom,RFM 3-6 (low)
18251.0,87,9,26278.86,2919.873333333333,39639,78.75,630,3,5,5,13,355,3,0.1315587061212687,0,Low,United Kingdom,RFM 13-15 (high)
18252.0,51,7,1457.19,208.17,926,111.66666666666669,670,4,4,4,12,444,2,0.2512232427458664,0,Low,United Kingdom,RFM 10-12 (mid-high)
18253.0,643,1,317.88,317.88,128,,0,1,2,2,5,122,1,0.819871045941655,1,High,United Kingdom,RFM 3-6 (low)
18254.0,581,1,267.9,267.9,188,,0,1,2,1,4,121,1,0.8202780586519327,1,High,United Kingdom,RFM 3-6 (low)
18255.0,89,2,303.15,151.575,201,366.0,366,3,3,2,8,332,1,0.697427269400422,1,Medium,United Kingdom,RFM 7-9 (mid-low)
18256.0,388,1,60.6,60.6,110,,0,2,2,1,5,221,1,0.8666394143188786,1,High,United Kingdom,RFM 3-6 (low)
18257.0,39,12,4496.8,374.73333333333335,2329,56.27272727272727,619,4,5,5,14,455,0,0.0586525678571961,0,Low,United Kingdom,RFM 13-15 (high)
18258.0,464,6,2040.97,340.1616666666667,1973,21.6,108,1,4,4,9,144,1,0.7082764223986365,1,High,United Kingdom,RFM 7-9 (mid-low)
18259.0,25,7,3941.9,563.1285714285715,1274,117.83333333333331,707,4,4,5,13,445,0,0.1085465118832828,0,Low,United Kingdom,RFM 13-15 (high)
18260.0,173,23,9737.1,423.3521739130435,5208,25.045454545454547,551,3,5,5,13,355,0,0.2243401886821598,0,Low,United Kingdom,RFM 13-15 (high)
18261.0,43,2,324.24,162.12,146,52.0,52,4,3,2,9,432,2,0.4560631027793067,0,Medium,United Kingdom,RFM 7-9 (mid-low)
18262.0,140,3,577.54,192.5133333333333,552,231.0,462,3,3,2,8,332,1,0.5220920398743005,1,Medium,United Kingdom,RFM 7-9 (mid-low)
18263.0,26,3,1211.08,403.6933333333333,1467,113.0,226,4,3,4,11,434,2,0.3110725774975322,0,Low,United Kingdom,RFM 10-12 (mid-high)
18264.0,499,1,603.25,603.25,241,,0,1,2,3,6,123,1,0.7748731388595863,1,High,United Kingdom,RFM 3-6 (low)
18265.0,72,2,801.51,400.755,311,85.0,85,3,3,3,9,333,2,0.4333735733717861,0,Medium,United Kingdom,RFM 7-9 (mid-low)
18266.0,434,1,251.1,251.1,138,,0,1,2,1,4,121,1,0.8453413438817253,1,High,United Kingdom,RFM 3-6 (low)
18267.0,673,1,252.87,252.87,131,,0,1,2,1,4,121,1,0.8422959575304312,1,High,United Kingdom,RFM 3-6 (low)
18268.0,134,6,1451.22,241.87,702,118.8,594,3,4,4,11,344,2,0.3367518126502989,0,Low,United Kingdom,RFM 10-12 (mid-high)
18269.0,366,1,138.9,138.9,70,,0,2,2,1,5,221,1,0.8919501603282098,1,High,United Kingdom,RFM 3-6 (low)
18270.0,38,3,400.35,133.45000000000002,205,197.0,394,4,3,2,9,432,2,0.576993545198608,1,Medium,United Kingdom,RFM 7-9 (mid-low)
18271.0,610,2,680.85,340.425,319,121.0,121,1,3,3,7,133,1,0.6961215550249463,1,Medium,United Kingdom,RFM 7-9 (mid-low)
18272.0,3,9,4347.33,483.0366666666666,2871,80.25,642,5,5,5,15,555,0,0.0712853863515781,0,Low,United Kingdom,RFM 13-15 (high)
18273.0,2,4,357.0,89.25,140,196.0,588,5,4,2,11,542,2,0.4292443606389897,0,Medium,United Kingdom,RFM 10-12 (mid-high)
18274.0,30,1,1.7763568394002505e-15,1.7763568394002505e-15,0,,0,4,2,1,7,421,2,0.60069436223359,1,Medium,United Kingdom,RFM 7-9 (mid-low)
18275.0,578,2,741.85,370.925,417,152.0,152,1,3,3,7,133,1,0.6639286068486102,1,Medium,United Kingdom,RFM 7-9 (mid-low)
18276.0,44,6,1620.67,270.1116666666667,1239,137.0,685,4,4,4,12,444,2,0.2240230576759366,0,Low,United Kingdom,RFM 10-12 (mid-high)
18277.0,58,5,1111.38,222.276,444,109.0,436,4,4,3,11,443,2,0.3350657615304036,0,Low,United Kingdom,RFM 10-12 (mid-high)
18278.0,74,2,414.2000000000001,207.1,140,330.0,330,3,3,2,8,332,2,0.5878248595400668,1,Medium,United Kingdom,RFM 7-9 (mid-low)
18279.0,519,1,231.34,231.34,630,,0,1,2,1,4,121,1,0.8433372179132441,1,High,United Kingdom,RFM 3-6 (low)
18280.0,278,2,472.4500000000001,236.225,192,116.0,116,2,3,2,7,232,1,0.7287920745855054,1,High,United Kingdom,RFM 7-9 (mid-low)
18281.0,181,2,201.14,100.57,146,397.0,397,3,3,1,7,331,1,0.6710635210555579,1,Medium,United Kingdom,RFM 7-9 (mid-low)
18282.0,8,2,176.6,88.3,98,118.0,118,5,3,1,9,531,2,0.5421487798440491,1,Medium,United Kingdom,RFM 7-9 (mid-low)
18283.0,4,22,2664.9,121.1318181818182,1679,31.142857142857142,654,5,5,4,14,554,0,0.0535952219214469,0,Low,United Kingdom,RFM 13-15 (high)
18284.0,432,1,436.68,436.68,493,,0,1,2,2,5,122,1,0.7627678945181431,1,High,United Kingdom,RFM 3-6 (low)
18285.0,661,1,427.0,427.0,145,,0,1,2,2,5,122,1,0.7991343669613826,1,High,United Kingdom,RFM 3-6 (low)
18286.0,477,2,1188.43,594.215,592,247.0,247,1,3,4,8,134,1,0.6947884857998246,1,Medium,United Kingdom,RFM 7-9 (mid-low)
18287.0,43,7,4177.89,596.8414285714287,3011,88.0,528,4,4,5,13,445,0,0.1115025117012001,0,Low,United Kingdom,RFM 13-15 (high)
